seed,user,condition,P5,MRR,NDCG5
0,700,fixed-general,1.0,1.0,0.8984294899244509
0,700,fixed-specific,0.6,1.0,0.7950527960773872
0,700,learned,1.0,1.0,0.8984294899244509
0,700,popularity,0.8,1.0,0.8476442348866765
0,700,random,0.4,1.0,0.6630368501750608
0,701,fixed-general,0.6,1.0,0.7662860497385326
0,701,fixed-specific,0.6,1.0,0.7334910436618243
0,701,learned,0.6,1.0,0.7554857561259873
0,701,popularity,0.6,1.0,0.8551223685179244
0,701,random,0.4,0.25,0.5221659311035929
0,702,fixed-general,0.2,0.3333333333333333,0.6059942106396455
0,702,fixed-specific,0.6,0.5,0.7460737248111275
0,702,learned,0.4,0.3333333333333333,0.6934822860018383
0,702,popularity,0.6,1.0,0.8851308880701323
0,702,random,0.4,0.25,0.661650048708037
0,703,fixed-general,1.0,1.0,0.8854316523111123
0,703,fixed-specific,0.6,1.0,0.7621029200939134
0,703,learned,0.8,1.0,0.8575564028412315
0,703,popularity,0.4,0.5,0.5126689196130734
0,703,random,0.6,0.5,0.5990712040691584
0,704,fixed-general,0.2,1.0,0.4900678910440991
0,704,fixed-specific,0.6,0.3333333333333333,0.650958841566492
0,704,learned,0.2,1.0,0.4900678910440991
0,704,popularity,0.4,0.5,0.49962379746011426
0,704,random,0.4,0.3333333333333333,0.5685417445449361
0,705,fixed-general,0.4,0.5,0.605210377780608
0,705,fixed-specific,0.8,1.0,0.7702617761402644
0,705,learned,0.6,0.5,0.6445032147355785
0,705,popularity,0.8,1.0,0.9359161431079067
0,705,random,0.4,1.0,0.6872249015041975
0,706,fixed-general,0.8,0.5,0.830419897363192
0,706,fixed-specific,0.8,0.5,0.7515077842433132
0,706,learned,0.8,0.5,0.830419897363192
0,706,popularity,0.8,1.0,0.8978803737831524
0,706,random,0.8,1.0,0.6769658250786468
0,707,fixed-general,0.0,0.0,0.44648765815317604
0,707,fixed-specific,0.0,0.0,0.42114974658368987
0,707,learned,0.0,0.0,0.4004483469185516
0,707,popularity,0.2,1.0,0.7364722470744329
0,707,random,0.0,0.0,0.6910316056952529
0,708,fixed-general,0.8,1.0,0.8115787567888846
0,708,fixed-specific,1.0,1.0,0.8920488162790383
0,708,learned,1.0,1.0,0.8854316523111123
0,708,popularity,0.6,1.0,0.6882500245716858
0,708,random,0.4,1.0,0.5462005526519901
0,709,fixed-general,0.0,0.0,0.6185354584649387
0,709,fixed-specific,0.0,0.0,0.637519263848429
0,709,learned,0.0,0.0,0.637519263848429
0,709,popularity,0.0,0.0,0.8550077055393716
0,709,random,0.2,0.5,0.8840428758277087
0,710,fixed-general,0.4,0.25,0.27521765290627326
0,710,fixed-specific,0.2,0.5,0.2778242171503247
0,710,learned,0.2,0.25,0.2382912051451594
0,710,popularity,0.6,0.5,0.6903415571718573
0,710,random,0.2,1.0,0.3465848905892567
0,711,fixed-general,0.4,0.25,0.46555024591361727
0,711,fixed-specific,0.6,1.0,0.6916761022303235
0,711,learned,0.4,0.25,0.46555024591361727
0,711,popularity,0.6,1.0,0.7182733059389612
0,711,random,0.6,1.0,0.7354201399114197
0,712,fixed-general,1.0,1.0,0.9576049743407979
0,712,fixed-specific,1.0,1.0,0.9634829125393233
0,712,learned,1.0,1.0,0.9634829125393233
0,712,popularity,1.0,1.0,1.0
0,712,random,1.0,1.0,0.9671987306219145
0,713,fixed-general,0.4,0.5,0.6397944017453492
0,713,fixed-specific,0.6,1.0,0.765471694479642
0,713,learned,0.4,0.5,0.6435102198279404
0,713,popularity,0.8,1.0,0.865079104405067
0,713,random,0.6,1.0,0.7388984594755702
0,714,fixed-general,0.4,0.5,0.6098714976817035
0,714,fixed-specific,0.8,1.0,0.850202611911097
0,714,learned,0.6,1.0,0.7679834570996312
0,714,popularity,0.8,1.0,0.8676200694915681
0,714,random,0.6,1.0,0.7172560262428478
0,715,fixed-general,0.8,1.0,0.7865170874606766
0,715,fixed-specific,0.6,1.0,0.849607409925425
0,715,learned,0.8,1.0,0.8809008950601972
0,715,popularity,0.8,1.0,0.8443838075995205
0,715,random,0.6,0.5,0.6339164635468238
0,716,fixed-general,0.2,0.2,0.6690070661863756
0,716,fixed-specific,0.4,0.5,0.8338474460978405
0,716,learned,0.2,0.25,0.6787156370176384
0,716,popularity,0.2,0.2,0.5784506715624258
0,716,random,0.2,0.2,0.6261560115822165
0,717,fixed-general,0.6,1.0,0.7596688857706065
0,717,fixed-specific,0.6,1.0,0.6500202946885463
0,717,learned,0.6,1.0,0.7251764723327996
0,717,popularity,0.4,0.3333333333333333,0.6392200010760012
0,717,random,0.4,0.5,0.5986770788300855
0,718,fixed-general,0.6,1.0,0.8721445442095549
0,718,fixed-specific,0.6,1.0,0.8721445442095549
0,718,learned,0.6,1.0,0.8721445442095549
0,718,popularity,0.4,1.0,0.6807975844389677
0,718,random,0.4,0.25,0.5033802308707924
0,719,fixed-general,0.8,1.0,0.7840976325580767
0,719,fixed-specific,0.6,1.0,0.7143761787202545
0,719,learned,0.8,1.0,0.7840976325580767
0,719,popularity,0.8,0.5,0.7857950399191751
0,719,random,0.4,0.5,0.6123055320050104
0,720,fixed-general,0.6,1.0,0.724081100868549
0,720,fixed-specific,0.6,0.5,0.49713763028810126
0,720,learned,0.6,1.0,0.724081100868549
0,720,popularity,0.6,1.0,0.735182641392979
0,720,random,0.6,0.3333333333333333,0.6699301988122962
0,721,fixed-general,0.4,0.5,0.7341619244238323
0,721,fixed-specific,0.6,1.0,0.7720679599117791
0,721,learned,0.4,0.5,0.7386131251499581
0,721,popularity,0.8,1.0,0.8939782891983252
0,721,random,0.6,1.0,0.7557599591224168
0,722,fixed-general,0.6,0.5,0.764817358607021
0,722,fixed-specific,0.4,1.0,0.5885058694009951
0,722,learned,0.6,0.5,0.7245844530637533
0,722,popularity,0.8,1.0,0.7976186279851065
0,722,random,0.8,1.0,0.8809008950601972
0,723,fixed-general,0.8,1.0,0.9562649741625527
0,723,fixed-specific,0.8,1.0,0.9434732991210639
0,723,learned,0.8,1.0,0.9513105500524313
0,723,popularity,0.6,0.5,0.8382571482945591
0,723,random,0.6,1.0,0.7817304474156231
0,724,fixed-general,0.6,1.0,0.629393110816884
0,724,fixed-specific,0.6,0.3333333333333333,0.45795507051628614
0,724,learned,0.6,1.0,0.6006118419735342
0,724,popularity,1.0,1.0,0.8882866175020359
0,724,random,0.8,1.0,0.7252387889363741
0,725,fixed-general,0.4,1.0,0.7570807634605985
0,725,fixed-specific,0.2,0.3333333333333333,0.6307688917605867
0,725,learned,0.4,1.0,0.7570807634605985
0,725,popularity,0.4,1.0,0.823455094261986
0,725,random,0.2,1.0,0.5672773877804447
0,726,fixed-general,0.8,1.0,0.8318243739317357
0,726,fixed-specific,0.6,1.0,0.8198933281179092
0,726,learned,0.8,1.0,0.8687508216928496
0,726,popularity,0.8,1.0,0.7840976325580767
0,726,random,0.6,0.5,0.702839258145501
0,727,fixed-general,0.6,0.5,0.8382571482945591
0,727,fixed-specific,0.4,0.25,0.6460377406938107
0,727,learned,0.4,0.5,0.7507870966196646
0,727,popularity,0.8,1.0,0.9434732991210639
0,727,random,0.8,1.0,0.9026211001048624
0,728,fixed-general,0.4,0.25,0.5542408560923615
0,728,fixed-specific,0.0,0.0,0.4797595795483125
0,728,learned,0.4,0.25,0.5542408560923615
0,728,popularity,0.4,1.0,0.7951764741266983
0,728,random,0.8,1.0,0.8474210417406659
0,729,fixed-general,0.4,1.0,0.7020976466720958
0,729,fixed-specific,0.8,1.0,0.8869465982421281
0,729,learned,0.4,1.0,0.7020976466720958
0,729,popularity,0.4,1.0,0.7005540625816624
0,729,random,0.6,0.5,0.6043130938474479
0,730,fixed-general,0.8,1.0,0.7456805693165623
0,730,fixed-specific,0.8,1.0,0.8161692689038234
0,730,learned,1.0,1.0,0.8514136186974538
0,730,popularity,0.8,1.0,0.7666240306576183
0,730,random,0.4,0.3333333333333333,0.3470941726368493
0,731,fixed-general,0.6,1.0,0.6560914311905806
0,731,fixed-specific,1.0,1.0,0.7754352608773023
0,731,learned,0.8,1.0,0.737679744555237
0,731,popularity,1.0,1.0,0.9008563712845497
0,731,random,0.8,1.0,0.8730199708353388
0,732,fixed-general,0.8,1.0,0.8291871737927478
0,732,fixed-specific,0.8,1.0,0.7201244292044431
0,732,learned,0.8,1.0,0.7968324113804252
0,732,popularity,0.8,1.0,0.8093489420470388
0,732,random,0.6,0.5,0.7370032177444541
0,733,fixed-general,1.0,1.0,0.8854316523111123
0,733,fixed-specific,0.8,1.0,0.8659226621304695
0,733,learned,1.0,1.0,0.904546517252682
0,733,popularity,1.0,1.0,0.8443220749053792
0,733,random,0.8,1.0,0.7982927408928189
0,734,fixed-general,0.4,0.25,0.6778438561982135
0,734,fixed-specific,0.6,0.3333333333333333,0.7666801749776054
0,734,learned,0.4,0.25,0.6778438561982135
0,734,popularity,1.0,1.0,0.904546517252682
0,734,random,0.4,1.0,0.5033935678851587
0,735,fixed-general,0.4,1.0,0.5648951899131603
0,735,fixed-specific,0.8,1.0,0.8609428367409954
0,735,learned,0.4,1.0,0.5648951899131603
0,735,popularity,0.8,1.0,0.8109414145622583
0,735,random,0.4,0.5,0.5151322857878632
0,736,fixed-general,0.8,1.0,0.9269658250786468
0,736,fixed-specific,0.8,1.0,0.915209948681596
0,736,learned,0.8,1.0,0.9269658250786468
0,736,popularity,0.6,1.0,0.7336748571496656
0,736,random,0.8,1.0,0.7945571457751363
0,737,fixed-general,0.4,0.5,0.7817304474156231
0,737,fixed-specific,0.2,0.5,0.7379954215781759
0,737,learned,0.4,0.5,0.7866848715257447
0,737,popularity,0.8,1.0,0.9562649741625527
0,737,random,0.2,0.2,0.5825462367136688
0,738,fixed-general,0.8,1.0,0.830419897363192
0,738,fixed-specific,0.2,1.0,0.6794583417081554
0,738,learned,0.6,1.0,0.7866848715257447
0,738,popularity,0.8,0.5,0.773893196484256
0,738,random,0.6,1.0,0.8432115724046808
0,739,fixed-general,0.0,0.0,0.6666666666666667
0,739,fixed-specific,0.4,0.25,0.7590911424516829
0,739,learned,0.0,0.0,0.6666666666666667
0,739,popularity,0.6,1.0,0.8799817951409221
0,739,random,0.4,0.25,0.7590911424516829
0,740,fixed-general,0.4,0.5,0.7429498456882975
0,740,fixed-specific,0.4,1.0,0.8284095183721076
0,740,learned,0.4,1.0,0.8073137974986007
0,740,popularity,0.2,0.5,0.7379954215781759
0,740,random,0.2,1.0,0.7231933675456027
0,741,fixed-general,0.2,0.3333333333333333,0.6497382483207419
0,741,fixed-specific,0.2,0.5,0.5292147205012194
0,741,learned,0.4,0.3333333333333333,0.6890310852757123
0,741,popularity,0.6,1.0,0.8294750500017407
0,741,random,0.2,0.3333333333333333,0.6497382483207419
0,742,fixed-general,0.0,0.0,0.20494720392261287
0,742,fixed-specific,0.4,0.5,0.4554446292978368
0,742,learned,0.0,0.0,0.20494720392261287
0,742,popularity,0.2,0.5,0.4524352303627934
0,742,random,0.6,1.0,0.5749458062048819
0,743,fixed-general,0.4,0.5,0.6327792707516711
0,743,fixed-specific,0.0,0.0,0.1695801026368081
0,743,learned,0.4,0.3333333333333333,0.5000306091488959
0,743,popularity,0.6,1.0,0.8382571482945591
0,743,random,0.4,0.3333333333333333,0.6242708835600316
0,744,fixed-general,0.8,1.0,0.8734692588950149
0,744,fixed-specific,1.0,1.0,0.9099863463556914
0,744,learned,0.8,1.0,0.8809008950601972
0,744,popularity,1.0,1.0,0.9576049743407979
0,744,random,0.6,1.0,0.7883291114011227
0,745,fixed-general,1.0,1.0,0.8984294899244509
0,745,fixed-specific,0.8,1.0,0.8591366529694805
0,745,learned,0.8,1.0,0.8591366529694805
0,745,popularity,1.0,1.0,1.0
0,745,random,0.2,0.3333333333333333,0.5229573360035789
0,746,fixed-general,1.0,1.0,0.8131907771993677
0,746,fixed-specific,0.4,1.0,0.5005984747659257
0,746,learned,1.0,1.0,0.8307460925501616
0,746,popularity,0.8,1.0,0.8307460925501616
0,746,random,0.0,0.0,0.2645557010129597
0,747,fixed-general,0.4,0.25,0.661650048708037
0,747,fixed-specific,0.4,1.0,0.742461357268098
0,747,learned,0.2,0.3333333333333333,0.636439646466423
0,747,popularity,0.6,1.0,0.8039001972055801
0,747,random,0.6,1.0,0.7950527960773872
0,748,fixed-general,0.6,1.0,0.7596688857706065
0,748,fixed-specific,0.2,0.2,0.5586982536256339
0,748,learned,0.4,0.5,0.6708325669912145
0,748,popularity,0.6,0.5,0.7422514281901353
0,748,random,0.4,0.5,0.6297229895854817
0,749,fixed-general,0.2,1.0,0.3763496877496317
0,749,fixed-specific,0.0,0.0,0.18221064515766838
0,749,learned,0.2,0.5,0.30910116003938726
0,749,popularity,0.6,1.0,0.7832480766924035
0,749,random,0.8,1.0,0.883958639123322
0,750,fixed-general,0.6,1.0,0.8947838491734952
0,750,fixed-specific,0.6,1.0,0.8412011934135963
0,750,learned,0.6,1.0,0.8997382732836168
0,750,popularity,0.4,0.3333333333333333,0.6955996384715408
0,750,random,0.4,1.0,0.7570807634605985
0,751,fixed-general,0.8,1.0,0.8554853481239504
0,751,fixed-specific,1.0,1.0,0.8713071387790806
0,751,learned,1.0,1.0,0.8882866175020359
0,751,popularity,0.8,1.0,0.8019887819403185
0,751,random,0.4,1.0,0.6732959207193993
0,752,fixed-general,1.0,1.0,0.9634829125393233
0,752,fixed-specific,1.0,1.0,1.0
0,752,learned,1.0,1.0,0.9671987306219145
0,752,popularity,1.0,1.0,1.0
0,752,random,1.0,1.0,0.946503433816368
0,753,fixed-general,0.6,1.0,0.6882500245716858
0,753,fixed-specific,0.6,1.0,0.6750156966358337
0,753,learned,0.6,1.0,0.6882500245716858
0,753,popularity,0.8,1.0,0.8944828506023453
0,753,random,0.4,1.0,0.5462005526519901
0,754,fixed-general,0.6,1.0,0.705667482152157
0,754,fixed-specific,0.6,1.0,0.6642154030232885
0,754,learned,0.6,1.0,0.6704384417521417
0,754,popularity,0.8,1.0,0.856819775879023
0,754,random,0.6,0.5,0.6666494373465955
0,755,fixed-general,0.2,0.3333333333333333,0.49800371152160605
0,755,fixed-specific,0.2,0.3333333333333333,0.4235224349775571
0,755,learned,0.4,0.3333333333333333,0.568492411108867
0,755,popularity,0.0,0.0,0.20644361181180992
0,755,random,0.4,1.0,0.6722785362017675
0,756,fixed-general,0.4,1.0,0.7020976466720958
0,756,fixed-specific,0.6,1.0,0.8136074643395345
0,756,learned,0.6,1.0,0.8151510484299679
0,756,popularity,0.4,1.0,0.7020976466720958
0,756,random,0.2,0.25,0.47444725906591834
0,757,fixed-general,0.4,0.5,0.7945221224571118
0,757,fixed-specific,0.6,0.5,0.8382571482945591
0,757,learned,0.6,0.5,0.8432115724046808
0,757,popularity,0.6,1.0,0.907575524214984
0,757,random,0.4,0.3333333333333333,0.7669283933830501
0,758,fixed-general,0.8,1.0,0.928671245088491
0,758,fixed-specific,0.4,1.0,0.6018359199557125
0,758,learned,0.8,1.0,0.928671245088491
0,758,popularity,1.0,1.0,1.0
0,758,random,0.4,1.0,0.5800690628219335
0,759,fixed-general,0.4,1.0,0.5061553327653828
0,759,fixed-specific,0.6,1.0,0.5755890846889881
0,759,learned,0.2,1.0,0.40633517723914964
0,759,popularity,0.8,1.0,0.7952734926230113
0,759,random,0.4,1.0,0.6167769961111015
0,760,fixed-general,0.2,0.25,0.557485359307731
0,760,fixed-specific,0.2,0.2,0.6845038977083958
0,760,learned,0.2,0.25,0.57251584250768
0,760,popularity,0.4,1.0,0.676320109763182
0,760,random,0.0,0.0,0.44070089740503593
0,761,fixed-general,0.0,0.0,0.2203113359672051
0,761,fixed-specific,0.0,0.0,0.1780728607023275
0,761,learned,0.0,0.0,0.2203113359672051
0,761,popularity,0.2,0.2,0.3864810564517527
0,761,random,0.2,0.25,0.6267745492890747
0,762,fixed-general,0.8,1.0,0.8554853481239504
0,762,fixed-specific,0.8,1.0,0.8941645557005614
0,762,learned,0.8,1.0,0.8554853481239504
0,762,popularity,0.8,1.0,0.7076049743407979
0,762,random,0.4,0.5,0.6265307411049851
0,763,fixed-general,0.6,1.0,0.7824002251969782
0,763,fixed-specific,0.2,0.2,0.422135193472583
0,763,learned,0.6,1.0,0.778217095552359
0,763,popularity,0.4,1.0,0.7948979261706218
0,763,random,0.2,0.3333333333333333,0.573681676882798
0,764,fixed-general,0.0,0.0,0.4840838813530995
0,764,fixed-specific,0.2,0.2,0.5741619733458444
0,764,learned,0.0,0.0,0.49112509870977766
0,764,popularity,1.0,1.0,0.9625133468165444
0,764,random,0.2,0.3333333333333333,0.5856543914286485
0,765,fixed-general,1.0,1.0,1.0
0,765,fixed-specific,0.8,1.0,0.934397461243829
0,765,learned,1.0,1.0,1.0
0,765,popularity,1.0,1.0,1.0
0,765,random,1.0,1.0,0.8786928612209193
0,766,fixed-general,0.4,0.25,0.34624168801832217
0,766,fixed-specific,0.6,0.3333333333333333,0.5099438524566047
0,766,learned,0.4,0.25,0.34624168801832217
0,766,popularity,0.8,1.0,0.7076049743407979
0,766,random,1.0,1.0,0.8289121131198786
0,767,fixed-general,1.0,1.0,1.0
0,767,fixed-specific,0.8,1.0,0.934397461243829
0,767,learned,1.0,1.0,1.0
0,767,popularity,1.0,1.0,0.946503433816368
0,767,random,0.8,0.5,0.830419897363192
0,768,fixed-general,1.0,1.0,0.8307460925501616
0,768,fixed-specific,0.8,1.0,0.8592590198101554
0,768,learned,0.8,1.0,0.7968324113804252
0,768,popularity,0.8,1.0,0.8806561703132783
0,768,random,0.8,1.0,0.6877696667921204
0,769,fixed-general,0.6,1.0,0.8706290710522846
0,769,fixed-specific,0.6,0.5,0.7823571628310546
0,769,learned,0.6,1.0,0.8706290710522846
0,769,popularity,0.6,1.0,0.8387968337584836
0,769,random,0.2,0.25,0.5018336839335442
0,770,fixed-general,0.6,0.5,0.71562828898435
0,770,fixed-specific,0.6,0.5,0.6604468335445085
0,770,learned,0.6,1.0,0.8325394492608429
0,770,popularity,0.6,1.0,0.8458380511151619
0,770,random,0.6,1.0,0.792407779122776
0,771,fixed-general,0.2,1.0,0.6567794656774201
0,771,fixed-specific,0.6,1.0,0.7938495809138587
0,771,learned,0.4,1.0,0.7283239222306828
0,771,popularity,0.8,1.0,0.8591366529694805
0,771,random,0.8,1.0,0.767197376881162
0,772,fixed-general,0.6,1.0,0.7895676983469904
0,772,fixed-specific,0.6,1.0,0.8312923451933533
0,772,learned,0.8,1.0,0.9026211001048624
0,772,popularity,0.6,1.0,0.8151510484299679
0,772,random,0.6,0.5,0.6864231448093615
0,773,fixed-general,0.8,1.0,0.8121766919470353
0,773,fixed-specific,0.6,1.0,0.7872406536491915
0,773,learned,0.6,1.0,0.7536163897940694
0,773,popularity,0.4,0.3333333333333333,0.4757670025915245
0,773,random,1.0,1.0,0.8514136186974538
0,774,fixed-general,0.4,1.0,0.6801334673141809
0,774,fixed-specific,0.2,0.3333333333333333,0.5707087535003137
0,774,learned,0.4,0.5,0.6477787049018583
0,774,popularity,1.0,1.0,0.8631008549624842
0,774,random,0.8,1.0,0.8368233732706873
0,775,fixed-general,0.6,1.0,0.8086530402294129
0,775,fixed-specific,0.6,1.0,0.8008157892980458
0,775,learned,0.6,1.0,0.8008157892980458
0,775,popularity,1.0,1.0,1.0
0,775,random,1.0,1.0,1.0
0,776,fixed-general,0.8,0.5,0.7857950399191751
0,776,fixed-specific,0.2,0.25,0.4483130355813652
0,776,learned,0.8,0.5,0.7857950399191751
0,776,popularity,0.6,1.0,0.7073648895132556
0,776,random,0.2,0.2,0.535400259039445
0,777,fixed-general,0.2,0.25,0.7227486520535075
0,777,fixed-specific,0.0,0.0,0.5094831790614037
0,777,learned,0.2,0.2,0.7111055500967935
0,777,popularity,0.2,0.5,0.8671599106209781
0,777,random,0.0,0.0,0.42409677624908537
0,778,fixed-general,0.4,0.25,0.5950978687812882
0,778,fixed-specific,0.2,0.25,0.5349174806898139
0,778,learned,0.2,0.25,0.522989083255519
0,778,popularity,0.8,1.0,0.9072745914826575
0,778,random,0.2,0.5,0.5817140561321875
0,779,fixed-general,0.6,1.0,0.7201244292044431
0,779,fixed-specific,0.4,1.0,0.6644516283060213
0,779,learned,0.6,1.0,0.7201244292044431
0,779,popularity,0.6,1.0,0.7411596104820034
0,779,random,0.6,1.0,0.7623983074896203
0,780,fixed-general,0.2,1.0,0.4765307867743815
0,780,fixed-specific,0.6,1.0,0.6542034243331653
0,780,learned,0.4,1.0,0.5479496479733021
0,780,popularity,0.4,1.0,0.6488378545270514
0,780,random,0.6,0.3333333333333333,0.43751274196882006
0,781,fixed-general,0.6,1.0,0.693846947512646
0,781,fixed-specific,0.4,1.0,0.5538299649603027
0,781,learned,0.6,1.0,0.6560914311905806
0,781,popularity,0.8,1.0,0.7540381103741796
0,781,random,0.4,0.5,0.4308501652571
0,782,fixed-general,0.8,1.0,0.7840976325580767
0,782,fixed-specific,0.6,1.0,0.7018784777466108
0,782,learned,0.8,1.0,0.7840976325580767
0,782,popularity,1.0,1.0,1.0
0,782,random,0.6,0.5,0.6750156966358337
0,783,fixed-general,0.6,0.5,0.5536738608705882
0,783,fixed-specific,0.6,0.3333333333333333,0.5058407751801623
0,783,learned,0.6,0.5,0.5306703207833332
0,783,popularity,0.8,1.0,0.8391062896656023
0,783,random,0.6,1.0,0.6622161827378246
0,784,fixed-general,0.8,0.5,0.6169369848238685
0,784,fixed-specific,0.8,1.0,0.8041509020562527
0,784,learned,0.8,0.5,0.6667177329249093
0,784,popularity,0.8,1.0,0.7787812688433496
0,784,random,0.6,1.0,0.6197534408124238
0,785,fixed-general,1.0,1.0,0.9671987306219145
0,785,fixed-specific,0.8,1.0,0.9269658250786468
0,785,learned,1.0,1.0,0.9671987306219145
0,785,popularity,0.6,1.0,0.7886792075766109
0,785,random,0.4,0.3333333333333333,0.6578242262397572
0,786,fixed-general,0.8,1.0,0.830419897363192
0,786,fixed-specific,0.8,1.0,0.8072123842662231
0,786,learned,0.8,1.0,0.830419897363192
0,786,popularity,0.8,1.0,0.8592011662065416
0,786,random,0.6,1.0,0.558871152186953
0,787,fixed-general,0.2,0.3333333333333333,0.7087433131299367
0,787,fixed-specific,0.2,0.25,0.5060957978181688
0,787,learned,0.2,0.3333333333333333,0.6573537516403746
0,787,popularity,0.0,0.0,0.5245136622613527
0,787,random,0.0,0.0,0.3824646406607388
0,788,fixed-general,0.4,1.0,0.8073137974986007
0,788,fixed-specific,0.8,0.5,0.8869465982421281
0,788,learned,0.6,1.0,0.8122682216087223
0,788,popularity,0.8,1.0,0.9026211001048624
0,788,random,0.4,1.0,0.703436889402908
0,789,fixed-general,0.6,0.5,0.6515444320922567
0,789,fixed-specific,0.2,0.25,0.45104842889576974
0,789,learned,0.2,0.5,0.5177223024184153
0,789,popularity,0.8,1.0,0.8591366529694805
0,789,random,1.0,1.0,0.9377223268794214
0,790,fixed-general,0.2,0.3333333333333333,0.4436564214333959
0,790,fixed-specific,0.6,1.0,0.9518111444496298
0,790,learned,0.2,0.3333333333333333,0.4436564214333959
0,790,popularity,0.4,1.0,0.8272447598992546
0,790,random,0.2,0.5,0.5299231352481342
0,791,fixed-general,0.6,0.3333333333333333,0.6312356866612376
0,791,fixed-specific,0.2,0.2,0.49996939085110437
0,791,learned,0.4,0.5,0.5712981457626135
0,791,popularity,1.0,1.0,1.0
0,791,random,0.2,0.2,0.4842948889883699
0,792,fixed-general,0.2,0.25,0.4483130355813652
0,792,fixed-specific,0.0,0.0,0.3702770104145183
0,792,learned,0.2,0.25,0.4483130355813652
0,792,popularity,0.8,1.0,0.9630735522388861
0,792,random,0.4,0.25,0.580692966089797
0,793,fixed-general,0.8,1.0,0.7961108437417932
0,793,fixed-specific,0.6,1.0,0.6906254956178427
0,793,learned,0.8,1.0,0.8072123842662231
0,793,popularity,1.0,1.0,0.9099863463556914
0,793,random,0.8,1.0,0.7293047031944536
0,794,fixed-general,1.0,1.0,0.9671987306219145
0,794,fixed-specific,0.8,1.0,0.8809008950601972
0,794,learned,1.0,1.0,1.0
0,794,popularity,0.8,1.0,0.7939028099025153
0,794,random,1.0,1.0,0.8289121131198786
0,795,fixed-general,0.8,1.0,0.7991153277753402
0,795,fixed-specific,0.8,1.0,0.8505843242958706
0,795,learned,1.0,1.0,0.9347700524542861
0,795,popularity,0.6,1.0,0.7124882297265036
0,795,random,0.4,0.5,0.34926185189244363
0,796,fixed-general,0.6,1.0,0.7198274552152446
0,796,fixed-specific,0.2,1.0,0.49638362558309773
0,796,learned,0.6,1.0,0.7745598511351252
0,796,popularity,0.8,1.0,0.8747295710567895
0,796,random,0.8,1.0,0.8018683804512488
0,797,fixed-general,1.0,1.0,0.9137021644382827
0,797,fixed-specific,1.0,1.0,0.8675913206964894
0,797,learned,1.0,1.0,0.8713071387790806
0,797,popularity,0.6,0.5,0.7573857224418388
0,797,random,0.2,1.0,0.28717142333329754
0,798,fixed-general,0.4,0.3333333333333333,0.5882229880845061
0,798,fixed-specific,0.2,0.5,0.524464169048702
0,798,learned,0.2,0.3333333333333333,0.49184527698376596
0,798,popularity,0.4,0.5,0.7563261970986818
0,798,random,0.4,0.3333333333333333,0.6418708098343083
0,799,fixed-general,0.6,1.0,0.8742372334594943
0,799,fixed-specific,0.4,1.0,0.712678771359156
0,799,learned,0.6,1.0,0.8610029055236421
0,799,popularity,0.6,1.0,0.6732666013145215
0,799,random,0.0,0.0,0.426318323117202
0,800,fixed-general,0.6,0.5,0.7182733059389612
0,800,fixed-specific,0.4,0.5,0.6078003944111603
0,800,learned,0.6,0.5,0.7182733059389612
0,800,popularity,0.8,1.0,0.8591366529694805
0,800,random,0.4,1.0,0.6948690874688619
0,801,fixed-general,0.8,1.0,0.8941645557005614
0,801,fixed-specific,1.0,1.0,0.915209948681596
0,801,learned,0.8,1.0,0.8978803737831524
0,801,popularity,0.8,1.0,0.8602055982546507
0,801,random,0.6,0.5,0.7283002711463443
0,802,fixed-general,0.2,0.5,0.4759908431563517
0,802,fixed-specific,0.4,0.3333333333333333,0.6150943898978523
0,802,learned,0.4,0.5,0.5733697430514895
0,802,popularity,0.4,0.5,0.6765142965891183
0,802,random,0.2,0.2,0.4208033850082279
0,803,fixed-general,0.6,0.5,0.6090225854483111
0,803,fixed-specific,0.6,1.0,0.6778911990970637
0,803,learned,0.6,1.0,0.7250639463249892
0,803,popularity,0.6,0.5,0.6196577352935803
0,803,random,0.6,0.5,0.7250639463249892
0,804,fixed-general,0.8,1.0,0.8570262815927502
0,804,fixed-specific,0.6,1.0,0.751996303855561
0,804,learned,0.8,1.0,0.8696577506707475
0,804,popularity,0.6,1.0,0.8082334484263165
0,804,random,0.6,1.0,0.535996724119068
0,805,fixed-general,0.4,1.0,0.7945221224571118
0,805,fixed-specific,0.2,0.5,0.5812069939828566
0,805,learned,0.4,1.0,0.7570807634605985
0,805,popularity,0.2,1.0,0.7797200684245388
0,805,random,0.2,0.3333333333333333,0.6258144676504651
0,806,fixed-general,0.6,0.5,0.7446854625134423
0,806,fixed-specific,0.4,0.3333333333333333,0.7321877615397986
0,806,learned,0.6,0.3333333333333333,0.7297537272164916
0,806,popularity,0.8,1.0,0.7704691793831516
0,806,random,0.8,1.0,0.7840976325580767
0,807,fixed-general,1.0,1.0,0.9099863463556914
0,807,fixed-specific,1.0,1.0,0.9137021644382827
0,807,learned,1.0,1.0,0.9099863463556914
0,807,popularity,1.0,1.0,1.0
0,807,random,0.8,1.0,0.8029932139884277
0,808,fixed-general,0.0,0.0,0.4109557550857763
0,808,fixed-specific,0.2,0.2,0.710401692504114
0,808,learned,0.0,0.0,0.48228450999728545
0,808,popularity,0.4,1.0,0.8023593733884791
0,808,random,0.6,1.0,0.8432115724046808
0,809,fixed-general,0.8,1.0,0.7658217906551301
0,809,fixed-specific,0.4,1.0,0.5730341749213532
0,809,learned,0.8,1.0,0.7658217906551301
0,809,popularity,0.6,1.0,0.7521621201159342
0,809,random,0.8,1.0,0.7436187096062703
0,810,fixed-general,0.4,1.0,0.7646073602506097
0,810,fixed-specific,0.6,1.0,0.8520954356128024
0,810,learned,0.4,1.0,0.7646073602506097
0,810,popularity,0.6,1.0,0.8661778703261588
0,810,random,0.0,0.0,0.5989529932829674
0,811,fixed-general,0.6,0.3333333333333333,0.67049744983623
0,811,fixed-specific,0.6,0.5,0.8083513979317062
0,811,learned,0.4,0.3333333333333333,0.6731424667908411
0,811,popularity,1.0,1.0,0.8984294899244509
0,811,random,0.6,0.5,0.8013101805750279
0,812,fixed-general,0.8,1.0,0.9562649741625527
0,812,fixed-specific,1.0,1.0,1.0
0,812,learned,1.0,1.0,1.0
0,812,popularity,0.8,1.0,0.9513105500524313
0,812,random,0.4,0.3333333333333333,0.7669283933830501
0,813,fixed-general,0.6,1.0,0.8231098930722223
0,813,fixed-specific,0.6,1.0,0.7968324113804252
0,813,learned,0.6,1.0,0.8352644545132735
0,813,popularity,0.4,0.3333333333333333,0.5031958895596849
0,813,random,0.2,0.5,0.4282527504633409
0,814,fixed-general,0.8,1.0,0.9359161431079067
0,814,fixed-specific,0.6,0.5,0.7593723266654464
0,814,learned,0.6,1.0,0.8921721054268104
0,814,popularity,0.8,1.0,0.8939782891983252
0,814,random,0.8,1.0,0.8476442348866765
0,815,fixed-general,0.2,1.0,0.6081295867966463
0,815,fixed-specific,0.8,1.0,0.928671245088491
0,815,learned,0.4,1.0,0.7005540625816624
0,815,popularity,0.4,0.5,0.7945221224571118
0,815,random,0.4,0.25,0.7025644415727468
0,816,fixed-general,0.8,1.0,0.7840976325580767
0,816,fixed-specific,0.8,1.0,0.8676200694915681
0,816,learned,0.8,1.0,0.7840976325580767
0,816,popularity,1.0,1.0,0.9223581000722261
0,816,random,0.4,0.3333333333333333,0.5914932597023421
0,817,fixed-general,0.8,1.0,0.7537158180825911
0,817,fixed-specific,1.0,1.0,0.877185076977606
0,817,learned,0.8,1.0,0.8019887819403185
0,817,popularity,1.0,1.0,0.9248037049627126
0,817,random,1.0,1.0,0.9041084081571661
0,818,fixed-general,0.0,0.0,0.5563435785666041
0,818,fixed-specific,0.2,1.0,0.7268837093596988
0,818,learned,0.0,0.0,0.6099914003164064
0,818,popularity,0.2,0.3333333333333333,0.7182483388343135
0,818,random,0.0,0.0,0.6240857370412238
0,819,fixed-general,1.0,1.0,0.8812485226664931
0,819,fixed-specific,1.0,1.0,0.8920488162790383
0,819,learned,1.0,1.0,0.8812485226664931
0,819,popularity,0.6,1.0,0.7596688857706065
0,819,random,0.6,1.0,0.6911298720942791
0,820,fixed-general,0.6,1.0,0.7113207924233891
0,820,fixed-specific,0.6,1.0,0.765471694479642
0,820,learned,0.8,1.0,0.7441220618014746
0,820,popularity,0.8,1.0,0.849607409925425
0,820,random,0.6,0.5,0.6880673656030766
0,821,fixed-general,0.0,0.0,0.7925629232139043
0,821,fixed-specific,0.0,0.0,0.7200667759835901
0,821,learned,0.0,0.0,0.7825115583090574
0,821,popularity,0.0,0.0,0.7074370767860957
0,821,random,0.0,0.0,0.5126296991974943
0,822,fixed-general,0.4,0.3333333333333333,0.5409514058817502
0,822,fixed-specific,0.8,1.0,0.8147496959567815
0,822,learned,0.6,1.0,0.7048045594218458
0,822,popularity,0.6,1.0,0.7792770960296312
0,822,random,0.4,0.5,0.6599332663429095
0,823,fixed-general,0.6,0.5,0.6731955504965735
0,823,fixed-specific,0.8,0.5,0.6628872390007868
0,823,learned,0.8,0.5,0.7203682977244988
0,823,popularity,0.8,1.0,0.8098535343648248
0,823,random,0.4,1.0,0.6386542723466453
0,824,fixed-general,1.0,1.0,0.9041084081571661
0,824,fixed-specific,1.0,1.0,0.8251962950372874
0,824,learned,1.0,1.0,0.8713071387790806
0,824,popularity,1.0,1.0,0.8882866175020359
0,824,random,0.6,1.0,0.7908872414158887
0,825,fixed-general,0.4,1.0,0.6960723026323905
0,825,fixed-specific,0.6,1.0,0.7327751229568087
0,825,learned,0.6,1.0,0.7575661428939316
0,825,popularity,0.6,1.0,0.8921721054268104
0,825,random,0.2,0.2,0.530417935664748
0,826,fixed-general,0.0,0.0,0.5259549355091391
0,826,fixed-specific,0.2,0.3333333333333333,0.6106081246439119
0,826,learned,0.0,0.0,0.5628813832702529
0,826,popularity,0.4,1.0,0.7907147965260027
0,826,random,0.2,0.5,0.49072589510912373
0,827,fixed-general,0.6,1.0,0.8265104920858354
0,827,fixed-specific,0.6,1.0,0.8265104920858354
0,827,learned,0.6,1.0,0.8265104920858354
0,827,popularity,0.6,1.0,0.8384415378996617
0,827,random,0.2,0.25,0.6039909606759858
0,828,fixed-general,0.6,1.0,0.6896210635697336
0,828,fixed-specific,0.6,0.5,0.6302006454642326
0,828,learned,0.6,1.0,0.6891177113745294
0,828,popularity,0.4,1.0,0.6382866175020359
0,828,random,0.2,0.2,0.38929104955014504
0,829,fixed-general,0.4,0.3333333333333333,0.5973737967080597
0,829,fixed-specific,0.6,1.0,0.7172560262428478
0,829,learned,0.6,0.3333333333333333,0.6712266922302874
0,829,popularity,0.8,1.0,0.9028491098915834
0,829,random,0.4,0.3333333333333333,0.587310130057723
0,830,fixed-general,1.0,1.0,0.8713071387790806
0,830,fixed-specific,0.8,1.0,0.726792486903031
0,830,learned,1.0,1.0,0.8675913206964894
0,830,popularity,0.6,1.0,0.6758081370108217
0,830,random,0.8,1.0,0.7691415988388896
0,831,fixed-general,0.8,1.0,0.8978803737831524
0,831,fixed-specific,0.6,1.0,0.7326704251015566
0,831,learned,0.8,1.0,0.8385058694009951
0,831,popularity,0.8,1.0,0.7945571457751363
0,831,random,0.8,1.0,0.6980112180596814
0,832,fixed-general,0.4,0.5,0.7945221224571118
0,832,fixed-specific,0.4,1.0,0.7635787716611534
0,832,learned,0.4,1.0,0.823455094261986
0,832,popularity,0.6,0.5,0.7994765465672335
0,832,random,0.2,1.0,0.7231933675456027
0,833,fixed-general,0.6,1.0,0.7359767659453448
0,833,fixed-specific,0.4,0.5,0.5687619202759706
0,833,learned,0.8,1.0,0.7649827676165069
0,833,popularity,0.6,1.0,0.8318243739317357
0,833,random,0.4,0.5,0.7053249804290215
0,834,fixed-general,0.6,1.0,0.7763497163888693
0,834,fixed-specific,0.6,0.5,0.7513026264813684
0,834,learned,0.6,1.0,0.7763497163888693
0,834,popularity,0.6,1.0,0.8683566964537767
0,834,random,0.4,1.0,0.56531541759356
0,835,fixed-general,0.8,1.0,0.7273871039071997
0,835,fixed-specific,0.6,0.5,0.5884059624567379
0,835,learned,0.8,1.0,0.7273871039071997
0,835,popularity,0.6,0.3333333333333333,0.6572745761054906
0,835,random,1.0,1.0,0.942518941276288
0,836,fixed-general,1.0,1.0,0.9322106297805014
0,836,fixed-specific,0.8,1.0,0.8177893548423316
0,836,learned,0.8,1.0,0.8617219301932404
0,836,popularity,0.8,1.0,0.7706166076144062
0,836,random,0.4,0.5,0.6073531660737337
0,837,fixed-general,0.4,0.25,0.6241633955245814
0,837,fixed-specific,0.2,0.2,0.4929312824812925
0,837,learned,0.2,0.3333333333333333,0.5989529932829674
0,837,popularity,0.8,1.0,0.8343456330323578
0,837,random,0.8,0.5,0.8361518168038724
0,838,fixed-general,0.8,1.0,0.7716997288536557
0,838,fixed-specific,0.8,1.0,0.8082168163143322
0,838,learned,0.6,1.0,0.7573857224418388
0,838,popularity,1.0,1.0,0.9634829125393233
0,838,random,0.8,1.0,0.8506118419735341
0,839,fixed-general,0.2,0.2,0.6538749916251779
0,839,fixed-specific,0.2,0.5,0.6942603957407286
0,839,learned,0.2,0.25,0.6716210907767882
0,839,popularity,0.4,1.0,0.7846744925346604
0,839,random,0.2,0.25,0.5457760139774275
0,840,fixed-general,0.4,1.0,0.8023593733884791
0,840,fixed-specific,0.4,1.0,0.7133457376231512
0,840,learned,0.4,1.0,0.7945221224571118
0,840,popularity,0.6,1.0,0.8460943992259263
0,840,random,0.4,1.0,0.6955996384715408
0,841,fixed-general,0.4,1.0,0.6499686067283328
0,841,fixed-specific,0.6,0.5,0.7596688857706065
0,841,learned,0.4,1.0,0.6799354532426611
0,841,popularity,0.4,1.0,0.7405540208290367
0,841,random,0.0,0.0,0.37197441777561696
0,842,fixed-general,0.4,0.25,0.6792091855516427
0,842,fixed-specific,0.0,0.0,0.6381800737660414
0,842,learned,0.0,0.0,0.5773725082514702
0,842,popularity,0.4,1.0,0.912771991166959
0,842,random,0.2,1.0,0.7627464583164166
0,843,fixed-general,1.0,1.0,0.904546517252682
0,843,fixed-specific,1.0,1.0,0.8443220749053792
0,843,learned,1.0,1.0,0.904546517252682
0,843,popularity,0.6,1.0,0.8384415378996617
0,843,random,0.6,1.0,0.7073648895132556
0,844,fixed-general,0.0,0.0,0.3898600342122694
0,844,fixed-specific,0.2,0.5,0.5684153189413678
0,844,learned,0.0,0.0,0.3898600342122694
0,844,popularity,0.4,0.3333333333333333,0.6955996384715408
0,844,random,0.2,0.2,0.4773300858871639
0,845,fixed-general,0.2,0.5,0.5812069939828566
0,845,fixed-specific,0.4,1.0,0.6935892594804564
0,845,learned,0.4,0.5,0.6736314697678727
0,845,popularity,0.4,1.0,0.8510488233360479
0,845,random,0.6,1.0,0.8136074643395345
0,846,fixed-general,0.8,1.0,0.7655161450044478
0,846,fixed-specific,0.8,1.0,0.8368233732706873
0,846,learned,0.8,1.0,0.8154262227675645
0,846,popularity,0.8,1.0,0.9123344059148181
0,846,random,0.8,1.0,0.8570235742419587
0,847,fixed-general,0.8,1.0,0.7669794787229554
0,847,fixed-specific,0.8,1.0,0.7658217906551301
0,847,learned,1.0,1.0,0.8289121131198786
0,847,popularity,1.0,1.0,0.8882866175020359
0,847,random,0.8,1.0,0.7293047031944536
0,848,fixed-general,0.6,1.0,0.771599931584433
0,848,fixed-specific,0.6,1.0,0.7704691793831516
0,848,learned,0.6,1.0,0.771599931584433
0,848,popularity,0.8,1.0,0.8700541038148752
0,848,random,0.2,0.5,0.4018895763297318
0,849,fixed-general,0.2,1.0,0.5325720994770652
0,849,fixed-specific,0.2,0.5,0.5753790842438966
0,849,learned,0.2,1.0,0.573681676882798
0,849,popularity,0.6,1.0,0.805698219783167
0,849,random,0.4,0.5,0.7244398453705913
0,850,fixed-general,0.2,1.0,0.4588734791114854
0,850,fixed-specific,0.6,1.0,0.791988396818285
0,850,learned,0.4,1.0,0.5901055921547744
0,850,popularity,0.6,0.3333333333333333,0.5671207559891663
0,850,random,0.4,1.0,0.6827737007780716
0,851,fixed-general,0.2,0.25,0.48853508207922547
0,851,fixed-specific,0.4,1.0,0.6827737007780716
0,851,learned,0.2,0.2,0.47963268062697356
0,851,popularity,0.4,1.0,0.7450513738986502
0,851,random,0.2,0.25,0.5340853035318365
0,852,fixed-general,0.4,1.0,0.5241605511671074
0,852,fixed-specific,0.4,0.5,0.43835279564943713
0,852,learned,0.2,1.0,0.4455748772571665
0,852,popularity,0.2,0.5,0.28678086339515096
0,852,random,0.2,0.3333333333333333,0.19164860206829396
0,853,fixed-general,0.4,0.3333333333333333,0.34874142917137524
0,853,fixed-specific,0.0,0.0,0.0
0,853,learned,0.4,0.25,0.33050958700979843
0,853,popularity,0.2,1.0,0.4223315738325298
0,853,random,0.8,1.0,0.8166706431261341
0,854,fixed-general,0.6,1.0,0.7143761787202545
0,854,fixed-specific,0.6,1.0,0.8098296614675725
0,854,learned,0.6,1.0,0.7513026264813684
0,854,popularity,1.0,1.0,0.8812485226664931
0,854,random,0.6,1.0,0.8551223685179244
0,855,fixed-general,0.4,0.5,0.7252037465366871
0,855,fixed-specific,0.4,0.25,0.4764576380570027
0,855,learned,0.2,0.2,0.5416940376974672
0,855,popularity,0.2,0.3333333333333333,0.5127610658925931
0,855,random,0.6,1.0,0.7974661675761491
0,856,fixed-general,0.6,0.5,0.7011418507844024
0,856,fixed-specific,0.4,1.0,0.6238424525797641
0,856,learned,0.6,0.5,0.7011418507844024
0,856,popularity,0.2,0.2,0.5545151239810148
0,856,random,0.4,1.0,0.6952613137786847
0,857,fixed-general,0.8,0.5,0.6893285855495341
0,857,fixed-specific,0.4,1.0,0.7338853802296265
0,857,learned,0.6,1.0,0.7399626609501522
0,857,popularity,0.4,0.5,0.5322292395407471
0,857,random,0.2,0.3333333333333333,0.4792013242628029
0,858,fixed-general,1.0,1.0,0.8443220749053792
0,858,fixed-specific,1.0,1.0,0.9397755576526973
0,858,learned,1.0,1.0,0.8812485226664931
0,858,popularity,0.6,1.0,0.7513543144415818
0,858,random,0.8,1.0,0.8073956271442654
0,859,fixed-general,0.2,0.3333333333333333,0.49477639767409554
0,859,fixed-specific,0.2,0.5,0.5741918629891783
0,859,learned,0.2,0.3333333333333333,0.4984922157566867
0,859,popularity,0.6,1.0,0.7920449294837137
0,859,random,0.6,1.0,0.6806816431612379
0,860,fixed-general,0.2,1.0,0.6497382483207419
0,860,fixed-specific,0.4,1.0,0.7049747040846422
0,860,learned,0.4,1.0,0.6890310852757123
0,860,popularity,0.4,0.5,0.7138221052128352
0,860,random,0.6,1.0,0.7843442108536206
0,861,fixed-general,0.4,0.5,0.71562828898435
0,861,fixed-specific,0.4,0.25,0.6179060110269409
0,861,learned,0.4,0.5,0.720079489710476
0,861,popularity,0.4,1.0,0.8528792684718399
0,861,random,0.2,0.3333333333333333,0.44479104439812905
0,862,fixed-general,0.4,1.0,0.7023813720148935
0,862,fixed-specific,0.6,1.0,0.7388984594755702
0,862,learned,0.4,1.0,0.7060971900974847
0,862,popularity,0.6,0.5,0.6784736093219601
0,862,random,0.2,0.5,0.3145981067080617
0,863,fixed-general,0.2,1.0,0.554485712738956
0,863,fixed-specific,0.4,0.3333333333333333,0.6588294157352995
0,863,learned,0.4,1.0,0.7570807634605985
0,863,popularity,0.2,0.2,0.710401692504114
0,863,random,0.4,0.5,0.5861614180929782
0,864,fixed-general,0.4,0.3333333333333333,0.7372263236829345
0,864,fixed-specific,0.2,0.25,0.6034041940090933
0,864,learned,0.4,0.3333333333333333,0.7372263236829345
0,864,popularity,0.2,1.0,0.661230666403546
0,864,random,0.0,0.0,0.44659722816964387
0,865,fixed-general,0.6,0.3333333333333333,0.7025644415727468
0,865,fixed-specific,0.6,1.0,0.8382571482945591
0,865,learned,0.6,0.3333333333333333,0.7025644415727468
0,865,popularity,0.8,0.5,0.8869465982421281
0,865,random,0.2,0.2,0.6390729375926048
0,866,fixed-general,0.8,1.0,0.8455455396116904
0,866,fixed-specific,0.6,1.0,0.8128288079738053
0,866,learned,0.8,1.0,0.8516228203322161
0,866,popularity,1.0,1.0,0.9347700524542861
0,866,random,0.8,0.5,0.7594388642839223
0,867,fixed-general,0.8,1.0,0.7805509790595397
0,867,fixed-specific,1.0,1.0,0.9377223268794214
0,867,learned,0.8,1.0,0.8198438160145101
0,867,popularity,0.6,1.0,0.7823571628310546
0,867,random,0.4,0.3333333333333333,0.47963268062697356
0,868,fixed-general,0.0,0.0,0.5804751699305777
0,868,fixed-specific,0.0,0.0,0.5804751699305777
0,868,learned,0.0,0.0,0.5804751699305777
0,868,popularity,0.2,0.3333333333333333,0.6789122088255236
0,868,random,0.2,0.5,0.704688883315162
0,869,fixed-general,0.2,0.25,0.32674999300394436
0,869,fixed-specific,0.2,0.3333333333333333,0.39416455570056136
0,869,learned,0.2,0.25,0.32674999300394436
0,869,popularity,0.4,1.0,0.7008735877715802
0,869,random,0.4,0.5,0.3817084297075459
0,870,fixed-general,0.6,0.3333333333333333,0.7442890884191097
0,870,fixed-specific,0.2,0.5,0.5812069939828566
0,870,learned,0.6,0.3333333333333333,0.7442890884191097
0,870,popularity,0.4,0.25,0.6312356866612376
0,870,random,0.0,0.0,0.42374743012726507
0,871,fixed-general,0.8,1.0,0.706177919248171
0,871,fixed-specific,0.6,0.5,0.6882472524166748
0,871,learned,0.8,1.0,0.706177919248171
0,871,popularity,0.6,1.0,0.753953775350902
0,871,random,0.2,1.0,0.3484555679077434
0,872,fixed-general,0.4,0.3333333333333333,0.5433994577073111
0,872,fixed-specific,0.6,1.0,0.7252847026597179
0,872,learned,0.4,0.25,0.5538466623591201
0,872,popularity,1.0,1.0,0.915209948681596
0,872,random,0.6,0.5,0.43962106356973357
0,873,fixed-general,0.8,1.0,0.909921908007255
0,873,fixed-specific,1.0,1.0,0.8984294899244509
0,873,learned,1.0,1.0,0.9492147449622255
0,873,popularity,0.6,1.0,0.8921721054268104
0,873,random,0.8,0.5,0.7968589798489021
0,874,fixed-general,1.0,1.0,1.0
0,874,fixed-specific,1.0,1.0,0.9210878868801213
0,874,learned,1.0,1.0,1.0
0,874,popularity,1.0,1.0,1.0
0,874,random,0.6,1.0,0.6033232280080162
0,875,fixed-general,0.4,0.25,0.6301171148245546
0,875,fixed-specific,0.6,0.5,0.7077590147523284
0,875,learned,0.4,0.25,0.5931906670634407
0,875,popularity,1.0,1.0,0.904546517252682
0,875,random,0.6,1.0,0.6666494373465955
0,876,fixed-general,1.0,1.0,0.8631008549624842
0,876,fixed-specific,1.0,1.0,0.8531817390896298
0,876,learned,1.0,1.0,0.8970145361322207
0,876,popularity,0.8,1.0,0.8505843242958706
0,876,random,0.2,0.3333333333333333,0.2508422208144947
0,877,fixed-general,0.6,1.0,0.7744111148881376
0,877,fixed-specific,1.0,1.0,0.9634829125393233
0,877,learned,0.8,1.0,0.8576474682398847
0,877,popularity,0.8,1.0,0.8506118419735341
0,877,random,0.6,0.5,0.6472260379105316
0,878,fixed-general,0.8,1.0,0.915209948681596
0,878,fixed-specific,0.8,1.0,0.8941645557005614
0,878,learned,0.6,1.0,0.849607409925425
0,878,popularity,0.8,0.5,0.7611015405244298
0,878,random,0.8,1.0,0.8385058694009951
0,879,fixed-general,0.4,1.0,0.6434808638231012
0,879,fixed-specific,0.8,1.0,0.8546854522433548
0,879,learned,0.4,1.0,0.6434808638231012
0,879,popularity,0.6,0.5,0.6578018165898974
0,879,random,0.6,1.0,0.8357324344993813
0,880,fixed-general,0.6,1.0,0.5969862351921109
0,880,fixed-specific,0.8,1.0,0.7552350599060309
0,880,learned,0.8,1.0,0.6648135975315839
0,880,popularity,0.6,1.0,0.7891962119024858
0,880,random,0.6,0.5,0.5322767103674655
0,881,fixed-general,1.0,1.0,1.0
0,881,fixed-specific,0.4,0.5,0.6171047688889367
0,881,learned,1.0,1.0,1.0
0,881,popularity,0.6,1.0,0.8849362192510436
0,881,random,0.6,1.0,0.8008157892980458
0,882,fixed-general,0.4,1.0,0.6754580408353335
0,882,fixed-specific,0.8,1.0,0.8251962950372874
0,882,learned,0.4,1.0,0.6754580408353335
0,882,popularity,0.8,1.0,0.9269658250786468
0,882,random,0.4,0.5,0.5878056198050307
0,883,fixed-general,1.0,1.0,0.8969662799868708
0,883,fixed-specific,1.0,1.0,0.9025789428821672
0,883,learned,1.0,1.0,0.9025789428821672
0,883,popularity,1.0,1.0,0.8411053072016672
0,883,random,0.8,1.0,0.7261431897542433
0,884,fixed-general,0.2,0.3333333333333333,0.7825115583090574
0,884,fixed-specific,0.0,0.0,0.6185354584649387
0,884,learned,0.0,0.0,0.5914799526138045
0,884,popularity,0.0,0.0,0.7010829706000998
0,884,random,0.0,0.0,0.5814285877089577
0,885,fixed-general,0.2,0.3333333333333333,0.6794583417081554
0,885,fixed-specific,0.2,0.3333333333333333,0.7231933675456027
0,885,learned,0.2,0.2,0.6617122425565451
0,885,popularity,0.6,0.5,0.773893196484256
0,885,random,0.4,0.3333333333333333,0.6588294157352995
0,886,fixed-general,0.6,0.3333333333333333,0.5787069222038156
0,886,fixed-specific,0.4,1.0,0.6747327134044383
0,886,learned,0.6,0.5,0.6115821073372067
0,886,popularity,0.6,1.0,0.6270580812095183
0,886,random,0.2,0.2,0.4971186088391592
0,887,fixed-general,1.0,1.0,0.8984294899244509
0,887,fixed-specific,1.0,1.0,0.8984294899244509
0,887,learned,1.0,1.0,0.8984294899244509
0,887,popularity,0.8,1.0,0.923220509861574
0,887,random,0.4,1.0,0.6727230844863501
0,888,fixed-general,0.6,1.0,0.6672067158157254
0,888,fixed-specific,0.6,1.0,0.7187482117859906
0,888,learned,0.6,1.0,0.6672067158157254
0,888,popularity,0.8,1.0,0.8696577506707475
0,888,random,0.6,1.0,0.6818344426177827
0,890,fixed-general,0.6,1.0,0.6183560408131192
0,890,fixed-specific,1.0,1.0,0.9397755576526973
0,890,learned,0.6,0.5,0.5234692132256186
0,890,popularity,0.6,1.0,0.7662860497385326
0,890,random,0.6,1.0,0.6093048425218862
0,891,fixed-general,0.2,1.0,0.4848453581034062
0,891,fixed-specific,0.4,1.0,0.5266915624713475
0,891,learned,0.4,1.0,0.5068400705675693
0,891,popularity,0.6,1.0,0.7795203776743848
0,891,random,0.0,0.0,0.23863370686829496
0,892,fixed-general,0.4,0.5,0.5384526364827827
0,892,fixed-specific,0.2,0.5,0.32385355116288506
0,892,learned,0.4,0.5,0.49734305907704984
0,892,popularity,0.6,1.0,0.7483019369982441
0,892,random,0.4,1.0,0.5075766975297776
0,893,fixed-general,0.0,0.0,0.3559726382972737
0,893,fixed-specific,0.2,1.0,0.5107506869015087
0,893,learned,0.0,0.0,0.3481353873659065
0,893,popularity,0.6,0.5,0.7408782483994215
0,893,random,0.4,0.25,0.5181822849033656
0,894,fixed-general,1.0,1.0,1.0
0,894,fixed-specific,1.0,1.0,1.0
0,894,learned,1.0,1.0,1.0
0,894,popularity,0.8,1.0,0.8930068676327362
0,894,random,1.0,1.0,0.9248037049627126
0,895,fixed-general,0.8,1.0,0.7840976325580767
0,895,fixed-specific,0.6,1.0,0.676146448837115
0,895,learned,0.6,1.0,0.7102447370358489
0,895,popularity,0.6,1.0,0.8676200694915681
0,895,random,0.6,1.0,0.7662860497385326
0,896,fixed-general,0.4,0.5,0.44887969074118245
0,896,fixed-specific,0.4,1.0,0.6924331542163048
0,896,learned,0.4,0.5,0.44051343145194427
0,896,popularity,0.6,0.3333333333333333,0.6886441498107586
0,896,random,0.4,0.25,0.5138513597745682
0,897,fixed-general,0.6,0.5,0.607343228542752
0,897,fixed-specific,0.4,0.5,0.5200409609329255
0,897,learned,0.6,0.5,0.607343228542752
0,897,popularity,0.4,1.0,0.5408872414158887
0,897,random,0.0,0.0,0.3824086793035105
0,898,fixed-general,0.4,0.25,0.6819898679190342
0,898,fixed-specific,0.4,1.0,0.7398163403134869
0,898,learned,0.4,0.25,0.6819898679190342
0,898,popularity,0.8,1.0,0.923220509861574
0,898,random,0.0,0.0,0.5989529932829674
0,899,fixed-general,0.4,1.0,0.63630067027159
0,899,fixed-specific,0.4,1.0,0.5569478024751303
0,899,learned,0.6,1.0,0.6702143514413265
0,899,popularity,0.2,0.2,0.5131150054325393
0,899,random,0.6,0.5,0.5955857107438266
0,900,fixed-general,0.2,0.25,0.6157144917728614
0,900,fixed-specific,0.2,0.3333333333333333,0.5123045999741807
0,900,learned,0.4,0.25,0.650958841566492
0,900,popularity,0.6,1.0,0.822485003442822
0,900,random,0.6,1.0,0.7825450050487012
0,901,fixed-general,0.6,1.0,0.8524321923887622
0,901,fixed-specific,0.2,0.25,0.50952293273536
0,901,learned,0.6,1.0,0.8524321923887622
0,901,popularity,0.2,0.5,0.6750962999126026
0,901,random,0.2,1.0,0.6307615347040754
0,902,fixed-general,1.0,1.0,0.8362978355617173
0,902,fixed-specific,1.0,1.0,0.8458915918428338
0,902,learned,1.0,1.0,0.8362978355617173
0,902,popularity,1.0,1.0,0.877185076977606
0,902,random,0.8,1.0,0.6758081370108217
0,903,fixed-general,0.6,1.0,0.7050927580493755
0,903,fixed-specific,0.6,0.5,0.4897519078462625
0,903,learned,0.8,1.0,0.8034965661836319
0,903,popularity,0.6,1.0,0.765471694479642
0,903,random,0.6,1.0,0.5334556052507063
0,904,fixed-general,0.6,0.5,0.6789804689839908
0,904,fixed-specific,0.4,0.5,0.6118322128327951
0,904,learned,0.8,0.5,0.8361518168038724
0,904,popularity,1.0,1.0,0.8984294899244509
0,904,random,0.6,1.0,0.746857557670165
0,905,fixed-general,1.0,1.0,0.7828012693780854
0,905,fixed-specific,1.0,1.0,0.8824086793035105
0,905,learned,1.0,1.0,0.7865170874606766
0,905,popularity,1.0,1.0,0.9210878868801213
0,905,random,1.0,1.0,0.9306816431612379
0,906,fixed-general,0.6,1.0,0.693846947512646
0,906,fixed-specific,0.4,0.3333333333333333,0.6286169999669322
0,906,learned,0.6,1.0,0.6762916321618521
0,906,popularity,1.0,1.0,0.8631008549624842
0,906,random,0.6,1.0,0.6823689128823777
0,907,fixed-general,0.6,0.3333333333333333,0.5661692535266564
0,907,fixed-specific,0.4,1.0,0.6101018288775653
0,907,learned,0.6,0.5,0.5780976509609513
0,907,popularity,0.8,1.0,0.8633420161317488
0,907,random,0.6,0.5,0.5923985394135259
0,908,fixed-general,0.8,1.0,0.8318243739317357
0,908,fixed-specific,0.6,1.0,0.7840976325580767
0,908,learned,0.6,1.0,0.7746006210675572
0,908,popularity,0.6,0.3333333333333333,0.532966224716138
0,908,random,0.6,1.0,0.5814295930520054
0,909,fixed-general,0.4,1.0,0.8362467693034749
0,909,fixed-specific,0.8,1.0,0.8869465982421281
0,909,learned,0.8,1.0,0.8869465982421281
0,909,popularity,0.6,1.0,0.7442890884191097
0,909,random,0.4,1.0,0.8284095183721076
0,910,fixed-general,0.2,1.0,0.7939996763023422
0,910,fixed-specific,0.2,1.0,0.5945126635680454
0,910,learned,0.4,0.5,0.7614931333232814
0,910,popularity,0.2,1.0,0.5502319252182536
0,910,random,0.2,0.2,0.4992496143223745
0,911,fixed-general,0.4,0.3333333333333333,0.404099731670953
0,911,fixed-specific,0.4,0.3333333333333333,0.4856405742088909
0,911,learned,0.4,0.3333333333333333,0.4101770123914786
0,911,popularity,0.6,1.0,0.8406652084230161
0,911,random,0.2,0.3333333333333333,0.3614638841602133
0,912,fixed-general,0.2,0.2,0.6617122425565451
0,912,fixed-specific,0.2,0.3333333333333333,0.6307688917605867
0,912,learned,0.2,0.2,0.6617122425565451
0,912,popularity,0.8,0.5,0.8869465982421281
0,912,random,0.2,1.0,0.7359850425870915
0,913,fixed-general,0.6,0.5,0.580419897363192
0,913,fixed-specific,0.8,1.0,0.7388984594755702
0,913,learned,0.6,0.5,0.5921757737602427
0,913,popularity,1.0,1.0,0.8713071387790806
0,913,random,0.8,1.0,0.6854018932919382
0,914,fixed-general,0.4,1.0,0.6778911990970637
0,914,fixed-specific,0.2,0.5,0.424439449272363
0,914,learned,0.4,1.0,0.6778911990970637
0,914,popularity,0.4,1.0,0.7599321243330679
0,914,random,0.4,1.0,0.5293048177945177
0,915,fixed-general,0.6,1.0,0.7994765465672335
0,915,fixed-specific,0.6,1.0,0.8151510484299679
0,915,learned,0.6,1.0,0.7994765465672335
0,915,popularity,1.0,1.0,1.0
0,915,random,1.0,1.0,1.0
0,916,fixed-general,0.8,1.0,0.8057046000229098
0,916,fixed-specific,0.8,1.0,0.830419897363192
0,916,learned,1.0,1.0,0.8728149230223939
0,916,popularity,1.0,1.0,0.9576049743407979
0,916,random,0.8,1.0,0.6854018932919382
0,917,fixed-general,0.4,1.0,0.6180376493550721
0,917,fixed-specific,0.4,1.0,0.5589365046928517
0,917,learned,0.4,1.0,0.6180376493550721
0,917,popularity,0.8,1.0,0.8280976663381182
0,917,random,0.2,0.25,0.4096470517466033
0,918,fixed-general,0.2,0.5,0.7508672308992496
0,918,fixed-specific,0.0,0.0,0.7345577848667816
0,918,learned,0.2,0.5,0.764961567624067
0,918,popularity,0.4,0.5,0.8754336154496247
0,918,random,0.2,0.5,0.6490305535990771
0,919,fixed-general,0.2,0.5,0.3331149177067996
0,919,fixed-specific,0.2,0.25,0.2606030419910044
0,919,learned,0.2,0.5,0.3331149177067996
0,919,popularity,0.6,1.0,0.7182733059389612
0,919,random,0.0,0.0,0.28798407855867963
0,920,fixed-general,0.8,1.0,0.9562649741625527
0,920,fixed-specific,0.8,1.0,0.9434732991210639
0,920,learned,0.6,1.0,0.8638404983775366
0,920,popularity,0.4,0.5,0.7507870966196646
0,920,random,0.4,0.3333333333333333,0.5825462367136688
0,921,fixed-general,0.6,1.0,0.6819898679190342
0,921,fixed-specific,0.6,0.3333333333333333,0.6046074091726219
0,921,learned,0.6,0.5,0.6445032147355785
0,921,popularity,0.6,0.5,0.8013101805750279
0,921,random,0.4,1.0,0.5445553707021632
0,924,fixed-general,1.0,1.0,1.0
0,924,fixed-specific,0.4,0.3333333333333333,0.6588294157352995
0,924,learned,0.8,1.0,0.9513105500524313
0,924,popularity,1.0,1.0,1.0
0,924,random,0.6,0.5,0.830419897363192
0,925,fixed-general,1.0,1.0,1.0
0,925,fixed-specific,1.0,1.0,1.0
0,925,learned,1.0,1.0,1.0
0,925,popularity,1.0,1.0,1.0
0,925,random,0.6,1.0,0.7895676983469904
0,926,fixed-general,0.2,0.5,0.4066724672359269
0,926,fixed-specific,0.2,0.3333333333333333,0.35396225930618935
0,926,learned,0.4,0.3333333333333333,0.4208033850082279
0,926,popularity,0.4,1.0,0.7586243475510318
0,926,random,0.4,1.0,0.7438222935184587
0,927,fixed-general,0.4,0.3333333333333333,0.6578242262397572
0,927,fixed-specific,0.4,1.0,0.7178530664945354
0,927,learned,0.6,0.3333333333333333,0.7234267649959281
0,927,popularity,0.8,1.0,0.8289121131198786
0,927,random,0.8,1.0,0.7633095743637077
0,928,fixed-general,1.0,1.0,1.0
0,928,fixed-specific,0.6,0.5,0.8382571482945591
0,928,learned,0.8,1.0,0.9562649741625527
0,928,popularity,1.0,1.0,1.0
0,928,random,0.8,1.0,0.9562649741625527
0,929,fixed-general,0.6,0.5,0.6673720687975302
0,929,fixed-specific,0.8,0.5,0.7611015405244298
0,929,learned,0.6,0.5,0.6880673656030766
0,929,popularity,0.8,1.0,0.7945571457751363
0,929,random,1.0,1.0,0.9634829125393233
0,930,fixed-general,1.0,1.0,0.9421735276055474
0,930,fixed-specific,1.0,1.0,1.0
0,930,learned,1.0,1.0,0.9625133468165444
0,930,popularity,1.0,1.0,0.8984294899244509
0,930,random,0.6,0.5,0.6167027958634121
0,931,fixed-general,1.0,1.0,0.8812485226664931
0,931,fixed-specific,1.0,1.0,0.8443220749053792
0,931,learned,1.0,1.0,0.8443220749053792
0,931,popularity,0.8,1.0,0.8920488162790383
0,931,random,0.8,0.5,0.7899781695637943
0,932,fixed-general,0.6,1.0,0.7773029934969424
0,932,fixed-specific,0.8,1.0,0.8736384699873282
0,932,learned,0.6,1.0,0.7773029934969424
0,932,popularity,0.6,1.0,0.8083513979317062
0,932,random,0.2,0.5,0.5729587581823158
0,934,fixed-general,0.0,0.0,0.5851258464278086
0,934,fixed-specific,0.0,0.0,0.2471222818347243
0,934,learned,0.0,0.0,0.45284176433917206
0,934,popularity,0.2,0.5,0.946487658153176
0,934,random,0.0,0.0,0.5025783342926474
0,935,fixed-general,0.4,0.5,0.3174131523024459
0,935,fixed-specific,0.4,0.3333333333333333,0.37834594547369166
0,935,learned,0.4,0.25,0.268996490921564
0,935,popularity,0.8,1.0,0.8992894375690815
0,935,random,0.2,1.0,0.4611392757894673
0,936,fixed-general,0.6,1.0,0.6133446010110534
0,936,fixed-specific,0.6,1.0,0.6400950345972004
0,936,learned,0.6,1.0,0.5755890846889881
0,936,popularity,0.8,1.0,0.7498343059962881
0,936,random,0.8,1.0,0.8231098930722223
0,937,fixed-general,0.8,1.0,0.9492147449622255
0,937,fixed-specific,0.6,1.0,0.828088248534717
0,937,learned,0.6,1.0,0.8617266696000329
0,937,popularity,0.8,1.0,0.8109414145622583
0,937,random,0.2,0.2,0.31578449743084597
0,938,fixed-general,0.0,0.0,0.5624447823254674
0,938,fixed-specific,0.0,0.0,0.4810161946165097
0,938,learned,0.0,0.0,0.5624447823254674
0,938,popularity,0.2,1.0,0.5989529832260039
0,938,random,0.0,0.0,0.44648765815317604
0,939,fixed-general,0.4,1.0,0.5254155469362468
0,939,fixed-specific,0.8,0.5,0.6556161924004794
0,939,learned,0.4,0.5,0.46282857666670246
0,939,popularity,0.8,1.0,0.8140947545128576
0,939,random,0.6,0.5,0.6614941305990047
0,940,fixed-general,0.2,0.2,0.475486181349911
0,940,fixed-specific,0.0,0.0,0.5331976521652614
0,940,learned,0.0,0.0,0.42975092279801425
0,940,popularity,0.2,1.0,0.8153807673520377
0,940,random,0.4,0.5,0.7583711273873467
0,941,fixed-general,0.4,0.3333333333333333,0.56531541759356
0,941,fixed-specific,0.6,0.3333333333333333,0.6886441498107586
0,941,learned,0.6,0.3333333333333333,0.6886441498107586
0,941,popularity,1.0,1.0,1.0
0,941,random,0.8,1.0,0.8986659802469644
0,942,fixed-general,0.6,1.0,0.8546854522433548
0,942,fixed-specific,1.0,1.0,0.9625133468165444
0,942,learned,0.6,1.0,0.8546854522433548
0,942,popularity,1.0,1.0,1.0
0,942,random,0.6,1.0,0.8706290710522846
0,943,fixed-general,0.4,0.3333333333333333,0.5462005526519901
0,943,fixed-specific,0.2,0.3333333333333333,0.4956456517159513
0,943,learned,0.4,0.3333333333333333,0.5462005526519901
0,943,popularity,0.4,0.5,0.6899474319327844
0,943,random,0.2,0.5,0.34336254134352767
0,944,fixed-general,0.0,0.0,0.6240857370412238
0,944,fixed-specific,0.0,0.0,0.404617268150725
0,944,learned,0.0,0.0,0.6240857370412238
0,944,popularity,0.0,0.0,0.6023173248093237
0,944,random,0.4,0.3333333333333333,0.8022999433414013
0,945,fixed-general,0.6,1.0,0.8171987990598991
0,945,fixed-specific,0.4,0.5,0.6745292682578647
0,945,learned,0.6,1.0,0.7950527960773872
0,945,popularity,0.4,1.0,0.7120159214413204
0,945,random,0.4,0.5,0.5499739220167076
0,946,fixed-general,0.6,0.5,0.7077590147523284
0,946,fixed-specific,0.2,0.3333333333333333,0.6106081246439119
0,946,learned,0.4,0.5,0.6708325669912145
0,946,popularity,0.8,1.0,0.8986659802469644
0,946,random,0.6,1.0,0.7907147965260027
0,947,fixed-general,0.6,1.0,0.6845831054216142
0,947,fixed-specific,1.0,1.0,0.8985863659253792
0,947,learned,0.6,1.0,0.6845831054216142
0,947,popularity,0.6,0.5,0.6362817813283655
0,947,random,0.4,0.5,0.5411838817927433
0,948,fixed-general,1.0,1.0,0.9041084081571661
0,948,fixed-specific,1.0,1.0,0.9210878868801213
0,948,learned,1.0,1.0,0.8882866175020359
0,948,popularity,0.8,1.0,0.8251962950372874
0,948,random,1.0,1.0,0.915209948681596
0,949,fixed-general,0.0,0.0,0.1541084081571661
0,949,fixed-specific,0.2,0.2,0.1847016436959737
0,949,learned,0.2,0.2,0.17731592125413495
0,949,popularity,0.8,1.0,0.8602055982546507
0,949,random,0.2,0.5,0.4200834548320122
0,950,fixed-general,1.0,1.0,0.9088946774211658
0,950,fixed-specific,0.8,1.0,0.8554061956542419
0,950,learned,0.8,1.0,0.8736503276275354
0,950,popularity,0.8,1.0,0.9032820145258695
0,950,random,0.2,0.5,0.292477114004602
0,951,fixed-general,0.4,1.0,0.7119751282960101
0,951,fixed-specific,0.4,1.0,0.7765732350040719
0,951,learned,0.6,1.0,0.7850093032173633
0,951,popularity,0.8,1.0,0.8140947545128576
0,951,random,0.6,1.0,0.6927876157337769
0,952,fixed-general,0.2,0.5,0.5099321089559009
0,952,fixed-specific,0.2,0.2,0.5269323267762379
0,952,learned,0.2,0.5,0.5139246859126889
0,952,popularity,0.4,0.25,0.5950978687812882
0,952,random,0.2,0.2,0.5502482791355734
0,953,fixed-general,0.2,1.0,0.7083913135130295
0,953,fixed-specific,0.4,0.5,0.7252037465366871
0,953,learned,0.2,1.0,0.7231933675456027
0,953,popularity,0.8,1.0,0.9562649741625527
0,953,random,1.0,1.0,1.0
0,954,fixed-general,0.6,1.0,0.8617395324858506
0,954,fixed-specific,1.0,1.0,0.9397755576526973
0,954,learned,0.6,1.0,0.8617395324858506
0,954,popularity,0.4,0.5,0.6642154030232885
0,954,random,0.6,0.5,0.7638520154152256
0,955,fixed-general,1.0,1.0,0.8866579684910842
0,955,fixed-specific,0.8,1.0,0.8673345930885368
0,955,learned,1.0,1.0,0.8906505454478724
0,955,popularity,0.4,0.5,0.6914396824698671
0,955,random,0.6,1.0,0.7250639463249892
0,956,fixed-general,0.8,1.0,0.8844980054656071
0,956,fixed-specific,0.8,1.0,0.824668811829636
0,956,learned,0.8,1.0,0.8806561703132783
0,956,popularity,1.0,1.0,0.9900808841271455
0,956,random,0.8,1.0,0.8944171213384616
0,957,fixed-general,0.0,0.0,0.426318323117202
0,957,fixed-specific,0.0,0.0,0.4674279005229349
0,957,learned,0.0,0.0,0.43050145276182106
0,957,popularity,0.4,1.0,0.6816328606037597
0,957,random,0.4,0.3333333333333333,0.6625179956621899
0,958,fixed-general,0.8,1.0,0.928671245088491
0,958,fixed-specific,0.6,1.0,0.8799817951409221
0,958,learned,0.6,1.0,0.8721445442095549
0,958,popularity,0.8,1.0,0.9513105500524313
0,958,random,0.6,1.0,0.8997382732836168
0,959,fixed-general,1.0,1.0,0.8824086793035105
0,959,fixed-specific,1.0,1.0,0.861713382497964
0,959,learned,1.0,1.0,0.915209948681596
0,959,popularity,1.0,1.0,0.8786928612209193
0,959,random,1.0,1.0,0.8675913206964894
0,960,fixed-general,0.4,1.0,0.8872618854700022
0,960,fixed-specific,0.6,0.5,0.8912013759937852
0,960,learned,0.4,1.0,0.8872618854700022
0,960,popularity,0.2,0.5,0.7929661367555727
0,960,random,0.4,0.5,0.7077213876012092
0,961,fixed-general,0.6,1.0,0.671526131121996
0,961,fixed-specific,0.8,1.0,0.7261431897542433
0,961,learned,0.6,1.0,0.6835038619923601
0,961,popularity,0.6,1.0,0.7301357667110312
0,961,random,0.4,0.25,0.5086881948029445
0,962,fixed-general,0.6,0.5,0.5907291200389485
0,962,fixed-specific,0.8,1.0,0.7716958510436603
0,962,learned,0.8,0.5,0.6588946620439988
0,962,popularity,1.0,1.0,0.8633420161317488
0,962,random,0.4,1.0,0.5213196638809416
0,963,fixed-general,0.4,1.0,0.6484552317126412
0,963,fixed-specific,0.6,1.0,0.8089869728214764
0,963,learned,0.6,1.0,0.6823689128823777
0,963,popularity,0.8,1.0,0.8345879277024906
0,963,random,0.6,0.3333333333333333,0.6587363168110582
0,964,fixed-general,0.8,1.0,0.9214143260900591
0,964,fixed-specific,0.4,1.0,0.5870411928956721
0,964,learned,0.8,1.0,0.8750252714543517
0,964,popularity,0.6,1.0,0.7760997783334138
0,964,random,0.2,0.5,0.27973964603847284
0,965,fixed-general,0.6,0.5,0.5745419591646665
0,965,fixed-specific,0.4,0.5,0.5534965661836319
0,965,learned,0.6,0.5,0.5745419591646665
0,965,popularity,1.0,1.0,0.9248037049627126
0,965,random,0.4,0.3333333333333333,0.5328012693780855
0,966,fixed-general,0.6,0.5,0.7994765465672335
0,966,fixed-specific,0.8,1.0,0.928671245088491
0,966,learned,0.8,0.5,0.8869465982421281
0,966,popularity,0.6,1.0,0.8136074643395345
0,966,random,0.6,1.0,0.8799817951409221
0,967,fixed-general,0.4,0.3333333333333333,0.5278279190341959
0,967,fixed-specific,0.2,0.5,0.5685075574561899
0,967,learned,0.4,0.25,0.5163355009513918
0,967,popularity,0.4,1.0,0.7646073602506097
0,967,random,0.6,1.0,0.828088248534717
0,968,fixed-general,0.0,0.0,0.24243385710606846
0,968,fixed-specific,0.2,0.5,0.39539259082737815
0,968,learned,0.2,0.25,0.41741000783045384
0,968,popularity,0.6,0.5,0.5774099589084417
0,968,random,0.6,1.0,0.6275922453382301
0,969,fixed-general,0.8,1.0,0.8082168163143322
0,969,fixed-specific,0.6,1.0,0.7426142775581612
0,969,learned,0.8,1.0,0.7754155469362467
0,969,popularity,0.8,1.0,0.861713382497964
0,969,random,0.6,0.3333333333333333,0.7234267649959281
0,970,fixed-general,0.6,1.0,0.8153926152883844
0,970,fixed-specific,0.6,0.5,0.7898177624922239
0,970,learned,0.6,1.0,0.8039001972055801
0,970,popularity,0.4,1.0,0.7398163403134869
0,970,random,0.2,0.3333333333333333,0.6104454113657715
0,971,fixed-general,0.8,1.0,0.7521621201159342
0,971,fixed-specific,0.8,1.0,0.8019887819403185
0,971,learned,0.8,1.0,0.7521621201159342
0,971,popularity,1.0,1.0,0.9137021644382827
0,971,random,0.4,0.5,0.37648482738164146
0,972,fixed-general,0.6,1.0,0.9169631253639333
0,972,fixed-specific,0.8,1.0,0.9562559623189038
0,972,learned,0.6,1.0,0.9169631253639333
0,972,popularity,0.6,1.0,0.8216499997860249
0,972,random,0.4,0.3333333333333333,0.5901055921547744
0,973,fixed-general,0.2,0.2,0.5995252031761554
0,973,fixed-specific,0.2,0.5,0.6102352335736213
0,973,learned,0.2,0.3333333333333333,0.6234501170830696
0,973,popularity,0.4,1.0,0.7549798223599201
0,973,random,0.0,0.0,0.3645874259634733
0,974,fixed-general,1.0,1.0,1.0
0,974,fixed-specific,0.6,1.0,0.8460943992259263
0,974,learned,1.0,1.0,1.0
0,974,popularity,1.0,1.0,1.0
0,974,random,0.2,0.25,0.33045050651208774
0,975,fixed-general,0.4,0.5,0.605210377780608
0,975,fixed-specific,0.6,1.0,0.8083513979317062
0,975,learned,0.4,0.5,0.6263340298506426
0,975,popularity,0.8,1.0,0.8591366529694805
0,975,random,0.6,0.5,0.7460737248111275
0,976,fixed-general,0.6,1.0,0.8588860742674151
0,976,fixed-specific,0.6,1.0,0.907575524214984
0,976,learned,0.6,1.0,0.8588860742674151
0,976,popularity,0.4,1.0,0.7281477916557243
0,976,random,0.2,0.2,0.5260195358347327
0,977,fixed-general,0.4,0.3333333333333333,0.43474755741931725
0,977,fixed-specific,0.6,0.5,0.5878056198050307
0,977,learned,0.4,0.3333333333333333,0.43474755741931725
0,977,popularity,0.8,1.0,0.8554853481239504
0,977,random,0.4,0.25,0.37753517315309426
0,978,fixed-general,0.6,0.5,0.8382571482945591
0,978,fixed-specific,0.4,0.25,0.7590911424516829
0,978,learned,0.4,0.5,0.7866848715257447
0,978,popularity,0.6,1.0,0.907575524214984
0,978,random,0.6,1.0,0.8947838491734952
0,979,fixed-general,1.0,1.0,0.8786928612209193
0,979,fixed-specific,1.0,1.0,0.8882866175020359
0,979,learned,1.0,1.0,0.8824086793035105
0,979,popularity,1.0,1.0,1.0
0,979,random,1.0,1.0,0.8251962950372874
0,980,fixed-general,0.8,1.0,0.8252072099638096
0,980,fixed-specific,0.8,1.0,0.7965953335317203
0,980,learned,0.8,1.0,0.8377049109374533
0,980,popularity,1.0,1.0,0.9331583936847713
0,980,random,0.6,0.5,0.6380892488747198
0,981,fixed-general,0.6,1.0,0.6361244973861017
0,981,fixed-specific,0.6,0.5,0.514817358607021
0,981,learned,0.6,1.0,0.6249770431383281
0,981,popularity,0.6,0.3333333333333333,0.6445146518760495
0,981,random,0.8,1.0,0.8930068676327362
0,982,fixed-general,0.2,1.0,0.6227332979555624
0,982,fixed-specific,0.2,0.3333333333333333,0.4342069182588954
0,982,learned,0.2,0.5,0.5218605063901958
0,982,popularity,0.8,1.0,0.8696577506707475
0,982,random,0.2,0.2,0.3334963558279769
0,983,fixed-general,0.6,0.5,0.8216499997860249
0,983,fixed-specific,0.6,0.3333333333333333,0.7720679599117791
0,983,learned,0.6,0.5,0.8216499997860249
0,983,popularity,0.6,1.0,0.7950527960773872
0,983,random,0.4,0.3333333333333333,0.6382458302379378
0,984,fixed-general,0.2,0.2,0.49355405467150365
0,984,fixed-specific,0.4,1.0,0.6708325669912145
0,984,learned,0.4,0.25,0.5454639256897816
0,984,popularity,0.6,0.5,0.6725299743523131
0,984,random,0.2,0.5,0.31061922322703295
0,985,fixed-general,0.2,0.5,0.6942603957407286
0,985,fixed-specific,0.4,0.5,0.7817304474156231
0,985,learned,0.4,0.3333333333333333,0.7669283933830501
0,985,popularity,0.6,1.0,0.907575524214984
0,985,random,0.4,1.0,0.7148893217135845
0,986,fixed-general,0.2,0.2,0.710401692504114
0,986,fixed-specific,0.2,0.2,0.6617122425565451
0,986,learned,0.0,0.0,0.6229316408292195
0,986,popularity,0.6,1.0,0.907575524214984
0,986,random,0.0,0.0,0.4970865640298587
0,987,fixed-general,1.0,1.0,0.8786928612209193
0,987,fixed-specific,0.6,1.0,0.7388984594755702
0,987,learned,0.6,1.0,0.8189682606632739
0,987,popularity,0.8,1.0,0.934397461243829
0,987,random,0.4,1.0,0.5943838075995206
0,988,fixed-general,0.0,0.0,0.5552089556018711
0,988,fixed-specific,0.4,1.0,0.8528792684718399
0,988,learned,0.2,0.25,0.6471482316901896
0,988,popularity,0.4,1.0,0.7049747040846422
0,988,random,0.4,1.0,0.7283239222306828
0,989,fixed-general,0.4,0.25,0.7257339056001305
0,989,fixed-specific,0.4,0.3333333333333333,0.7283239222306828
0,989,learned,0.4,0.25,0.7257339056001305
0,989,popularity,0.6,1.0,0.8153926152883844
0,989,random,0.0,0.0,0.5552089556018711
0,990,fixed-general,0.8,1.0,0.9513105500524313
0,990,fixed-specific,0.6,0.5,0.8432115724046808
0,990,learned,0.8,1.0,0.9513105500524313
0,990,popularity,0.8,1.0,0.8869465982421281
0,990,random,0.2,0.2,0.710401692504114
0,991,fixed-general,0.8,1.0,0.8784207247450816
0,991,fixed-specific,0.4,1.0,0.6096612193542305
0,991,learned,0.8,1.0,0.8784207247450816
0,991,popularity,0.6,0.5,0.7091668172952431
0,991,random,0.2,0.25,0.417136685058635
0,992,fixed-general,0.8,1.0,0.9562559623189038
0,992,fixed-specific,0.4,1.0,0.7049747040846422
0,992,learned,0.6,1.0,0.7835603779945831
0,992,popularity,0.8,1.0,0.7702617761402644
0,992,random,0.6,1.0,0.5538221541348474
0,993,fixed-general,0.8,1.0,0.7876168254347432
0,993,fixed-specific,0.8,1.0,0.7666240306576183
0,993,learned,0.6,1.0,0.7091429719339063
0,993,popularity,1.0,1.0,0.8450978841584552
0,993,random,0.6,1.0,0.7210713693682012
0,994,fixed-general,1.0,1.0,0.861713382497964
0,994,fixed-specific,0.8,1.0,0.7961108437417932
0,994,learned,1.0,1.0,0.861713382497964
0,994,popularity,1.0,1.0,0.8458915918428338
0,994,random,0.8,1.0,0.665209948681596
0,995,fixed-general,0.2,0.25,0.38697720739102376
0,995,fixed-specific,0.2,0.3333333333333333,0.35396225930618935
0,995,learned,0.4,0.3333333333333333,0.48516733681853114
0,995,popularity,0.8,1.0,0.9125299483251055
0,995,random,0.4,1.0,0.703436889402908
0,996,fixed-general,0.6,0.3333333333333333,0.6482304699586406
0,996,fixed-specific,0.6,0.5,0.764817358607021
0,996,learned,0.4,0.3333333333333333,0.6154292005805552
0,996,popularity,0.4,0.3333333333333333,0.6213071387790806
0,996,random,1.0,1.0,0.7865170874606766
0,997,fixed-general,0.8,1.0,0.8343456330323578
0,997,fixed-specific,0.8,0.5,0.7968589798489021
0,997,learned,0.8,1.0,0.8343456330323578
0,997,popularity,0.8,1.0,0.8343456330323578
0,997,random,0.4,1.0,0.7646073602506097
0,998,fixed-general,0.2,0.25,0.3639126130212731
0,998,fixed-specific,0.6,1.0,0.8135408820492751
0,998,learned,0.4,0.5,0.5667720573298277
0,998,popularity,0.2,1.0,0.6024045710420202
0,998,random,0.2,1.0,0.6089510313168552
1,700,fixed-general,0.8,0.5,0.7899781695637943
1,700,fixed-specific,0.6,1.0,0.7882807622026957
1,700,learned,0.8,0.5,0.7899781695637943
1,700,popularity,0.4,1.0,0.8276412442871166
1,700,random,0.4,1.0,0.7060616073912299
1,701,fixed-general,1.0,1.0,0.8984294899244509
1,701,fixed-specific,0.4,1.0,0.6289790468052537
1,701,learned,1.0,1.0,0.8984294899244509
1,701,popularity,1.0,1.0,0.9421735276055474
1,701,random,0.4,1.0,0.611229244224809
1,702,fixed-general,0.4,0.5,0.6039459078592673
1,702,fixed-specific,0.2,0.5,0.5399129098454049
1,702,learned,0.4,0.3333333333333333,0.5832252841669274
1,702,popularity,0.4,1.0,0.7262017099249687
1,702,random,0.2,0.5,0.5898229876085214
1,703,fixed-general,0.6,0.5,0.5443331734885004
1,703,fixed-specific,0.4,1.0,0.6263281748632845
1,703,learned,0.4,1.0,0.6030301802770957
1,703,popularity,0.8,0.5,0.6534151094107434
1,703,random,0.4,1.0,0.6221450452186655
1,704,fixed-general,0.4,0.5,0.6164886616496296
1,704,fixed-specific,0.6,0.5,0.6791988262804527
1,704,learned,0.4,0.5,0.6164886616496296
1,704,popularity,0.4,1.0,0.7948979261706218
1,704,random,0.4,0.3333333333333333,0.5337028516783464
1,705,fixed-general,0.4,0.3333333333333333,0.7669283933830501
1,705,fixed-specific,0.4,0.5,0.7458326725095431
1,705,learned,0.6,0.3333333333333333,0.8156178433306188
1,705,popularity,0.8,0.5,0.8869465982421281
1,705,random,0.4,0.5,0.7020976466720958
1,706,fixed-general,1.0,1.0,0.946503433816368
1,706,fixed-specific,0.8,1.0,0.8072123842662231
1,706,learned,1.0,1.0,0.8824086793035105
1,706,popularity,1.0,1.0,0.9671987306219145
1,706,random,0.6,1.0,0.7341782093448699
1,707,fixed-general,0.6,0.5,0.7252037465366871
1,707,fixed-specific,0.0,0.0,0.4174537632863313
1,707,learned,0.2,0.3333333333333333,0.45134115920132695
1,707,popularity,0.6,1.0,0.6886348353703349
1,707,random,0.2,0.3333333333333333,0.5177154900027147
1,708,fixed-general,0.8,1.0,0.8617266696000329
1,708,fixed-specific,0.8,0.5,0.695288469773353
1,708,learned,0.8,1.0,0.8706290710522846
1,708,popularity,1.0,1.0,0.9421735276055474
1,708,random,0.4,0.3333333333333333,0.48853508207922547
1,709,fixed-general,0.0,0.0,0.7345577848667816
1,709,fixed-specific,0.2,0.25,0.7882056066165838
1,709,learned,0.0,0.0,0.7345577848667816
1,709,popularity,0.4,1.0,0.864583135616589
1,709,random,0.0,0.0,0.7345577848667816
1,710,fixed-general,0.6,1.0,0.8145491829653152
1,710,fixed-specific,0.2,0.5,0.3955108340177311
1,710,learned,0.4,1.0,0.6323385378076467
1,710,popularity,0.4,0.3333333333333333,0.5229397498194499
1,710,random,0.6,1.0,0.7848681626309117
1,711,fixed-general,0.6,1.0,0.7690585609767358
1,711,fixed-specific,0.6,0.5,0.695288469773353
1,711,learned,0.6,1.0,0.7690585609767358
1,711,popularity,0.8,1.0,0.9214143260900591
1,711,random,0.4,1.0,0.742461357268098
1,712,fixed-general,1.0,1.0,0.8034965661836319
1,712,fixed-specific,1.0,1.0,0.8034965661836319
1,712,learned,1.0,1.0,0.8458915918428338
1,712,popularity,1.0,1.0,0.8193183568387621
1,712,random,1.0,1.0,0.8786928612209193
1,713,fixed-general,0.4,1.0,0.6089107172828133
1,713,fixed-specific,0.4,1.0,0.7346734838233191
1,713,learned,0.6,1.0,0.682763612805041
1,713,popularity,0.8,0.5,0.6945246868164763
1,713,random,0.6,1.0,0.8276412442871166
1,714,fixed-general,0.4,0.5,0.7429498456882975
1,714,fixed-specific,0.2,1.0,0.674503917598034
1,714,learned,0.4,0.5,0.7429498456882975
1,714,popularity,0.6,0.5,0.8432115724046808
1,714,random,0.0,0.0,0.5466484618075887
1,715,fixed-general,0.6,1.0,0.7886792075766109
1,715,fixed-specific,0.2,0.25,0.46132079242338914
1,715,learned,0.4,0.3333333333333333,0.5826279312024698
1,715,popularity,0.8,1.0,0.7982729638577274
1,715,random,1.0,1.0,0.792395025659202
1,716,fixed-general,0.2,0.5,0.5753790842438966
1,716,fixed-specific,0.4,0.5,0.6339061192301007
1,716,learned,0.2,0.5,0.5753790842438966
1,716,popularity,0.4,1.0,0.7770863433510777
1,716,random,0.6,1.0,0.8248130847247368
1,717,fixed-general,0.4,0.3333333333333333,0.4956805539393954
1,717,fixed-specific,0.6,0.5,0.6525789275050002
1,717,learned,0.4,0.3333333333333333,0.4956805539393954
1,717,popularity,0.4,0.3333333333333333,0.5046956178461564
1,717,random,0.0,0.0,0.25669192170171734
1,718,fixed-general,0.2,0.2,0.7428920975864948
1,718,fixed-specific,0.2,0.25,0.7480731135642684
1,718,learned,0.0,0.0,0.6514215804827012
1,718,popularity,0.2,1.0,0.6661987794328937
1,718,random,0.0,0.0,0.520733296015685
1,719,fixed-general,0.8,1.0,0.923220509861574
1,719,fixed-specific,0.4,0.5,0.711232088582283
1,719,learned,0.8,1.0,0.9562559623189038
1,719,popularity,0.2,0.3333333333333333,0.6497382483207419
1,719,random,0.4,0.25,0.6312046128812596
1,720,fixed-general,0.6,1.0,0.7469385177900298
1,720,fixed-specific,0.4,1.0,0.5529932139884277
1,720,learned,0.6,1.0,0.7234267649959281
1,720,popularity,0.8,1.0,0.8930068676327362
1,720,random,0.4,0.5,0.5624359865921276
1,721,fixed-general,0.4,1.0,0.690522668175061
1,721,fixed-specific,0.8,1.0,0.7716958510436603
1,721,learned,0.6,1.0,0.7962557175559524
1,721,popularity,0.6,1.0,0.7769323421534049
1,721,random,0.6,1.0,0.7859967394962349
1,722,fixed-general,1.0,1.0,0.946503433816368
1,722,fixed-specific,0.8,1.0,0.692133279861156
1,722,learned,0.8,1.0,0.8152983563040263
1,722,popularity,0.8,1.0,0.8093745043821573
1,722,random,1.0,1.0,0.915209948681596
1,723,fixed-general,1.0,1.0,1.0
1,723,fixed-specific,0.8,1.0,0.8573424901769817
1,723,learned,1.0,1.0,1.0
1,723,popularity,0.8,1.0,0.9125299483251055
1,723,random,0.8,1.0,0.9434732991210639
1,724,fixed-general,0.4,1.0,0.4837196862259147
1,724,fixed-specific,0.6,0.5,0.48008371620943374
1,724,learned,0.4,1.0,0.4654878440643379
1,724,popularity,0.8,0.5,0.5463521597914929
1,724,random,0.8,1.0,0.643416447028461
1,725,fixed-general,0.0,0.0,0.5692877667715291
1,725,fixed-specific,0.2,0.25,0.7153561166142355
1,725,learned,0.0,0.0,0.6229316408292195
1,725,popularity,0.4,1.0,0.7925117434660276
1,725,random,0.2,0.2,0.4842948889883699
1,726,fixed-general,0.8,1.0,0.9088946774211658
1,726,fixed-specific,0.8,1.0,0.8657145071500285
1,726,learned,0.8,1.0,0.9088946774211658
1,726,popularity,0.8,0.5,0.6236503122503684
1,726,random,0.6,1.0,0.7210713693682012
1,727,fixed-general,0.4,0.3333333333333333,0.7669283933830501
1,727,fixed-specific,0.4,0.5,0.7866848715257447
1,727,learned,0.4,0.3333333333333333,0.7669283933830501
1,727,popularity,0.8,1.0,0.9513105500524313
1,727,random,0.2,1.0,0.674503917598034
1,728,fixed-general,0.2,1.0,0.5463615544736781
1,728,fixed-specific,0.2,0.3333333333333333,0.5667013736846751
1,728,learned,0.2,1.0,0.5926956087853267
1,728,popularity,0.0,0.0,0.5481677382451928
1,728,random,0.4,0.5,0.6718842513032537
1,729,fixed-general,0.4,0.25,0.5689269397606811
1,729,fixed-specific,0.6,1.0,0.8268850333711883
1,729,learned,0.6,1.0,0.7976428127079396
1,729,popularity,0.4,1.0,0.7323557406523175
1,729,random,0.4,0.5,0.5640563567300639
1,730,fixed-general,0.8,1.0,0.7460737248111275
1,730,fixed-specific,1.0,1.0,0.9625133468165444
1,730,learned,1.0,1.0,0.9377223268794214
1,730,popularity,0.8,1.0,0.8591366529694805
1,730,random,1.0,1.0,0.9377223268794214
1,731,fixed-general,1.0,1.0,0.8307460925501616
1,731,fixed-specific,0.8,1.0,0.7076078985378293
1,731,learned,0.8,1.0,0.7453634148598948
1,731,popularity,0.8,1.0,0.7891487410757674
1,731,random,0.0,0.0,0.33622489850476156
1,732,fixed-general,0.4,0.5,0.5362559378578976
1,732,fixed-specific,0.2,1.0,0.49557629943590353
1,732,learned,0.4,0.5,0.4947374662528072
1,732,popularity,0.6,0.5,0.6585856494489348
1,732,random,0.2,1.0,0.5159161186469007
1,733,fixed-general,0.8,1.0,0.8573424901769817
1,733,fixed-specific,1.0,1.0,1.0
1,733,learned,0.8,1.0,0.8573424901769817
1,733,popularity,0.8,1.0,0.9125299483251055
1,733,random,0.8,1.0,0.8539316501572936
1,734,fixed-general,0.4,0.5,0.5640563567300639
1,734,fixed-specific,0.4,0.5,0.4554446292978368
1,734,learned,0.4,1.0,0.6682718837602242
1,734,popularity,1.0,1.0,0.9492147449622255
1,734,random,0.4,0.25,0.5671207559891663
1,735,fixed-general,0.8,1.0,0.8098296614675725
1,735,fixed-specific,0.8,1.0,0.8223273624412162
1,735,learned,0.8,1.0,0.8098296614675725
1,735,popularity,0.6,1.0,0.7161252740415666
1,735,random,0.2,0.3333333333333333,0.37689417438244444
1,736,fixed-general,0.8,1.0,0.7611015405244298
1,736,fixed-specific,0.2,0.25,0.5037158180825911
1,736,learned,0.4,1.0,0.6917831836856678
1,736,popularity,0.8,1.0,0.8576474682398847
1,736,random,0.8,1.0,0.8564897801720597
1,737,fixed-general,0.4,1.0,0.8284095183721076
1,737,fixed-specific,0.2,0.5,0.7379954215781759
1,737,learned,0.4,1.0,0.8284095183721076
1,737,popularity,0.6,1.0,0.907575524214984
1,737,random,0.2,0.5,0.5890442449142238
1,738,fixed-general,0.4,1.0,0.5033935678851587
1,738,fixed-specific,0.8,1.0,0.8269046173249082
1,738,learned,0.4,1.0,0.5117598271743967
1,738,popularity,0.6,1.0,0.7607996379718879
1,738,random,0.6,1.0,0.5403200156462725
1,739,fixed-general,0.6,0.3333333333333333,0.8156178433306188
1,739,fixed-specific,0.8,1.0,0.9513105500524313
1,739,learned,0.8,0.5,0.8869465982421281
1,739,popularity,1.0,1.0,1.0
1,739,random,0.8,1.0,0.9562649741625527
1,740,fixed-general,0.6,1.0,0.907575524214984
1,740,fixed-specific,0.6,0.5,0.8432115724046808
1,740,learned,0.6,1.0,0.907575524214984
1,740,popularity,0.6,1.0,0.907575524214984
1,740,random,0.4,0.5,0.7507870966196646
1,741,fixed-general,1.0,1.0,0.9377223268794214
1,741,fixed-specific,0.4,1.0,0.521151152232064
1,741,learned,0.8,1.0,0.7968589798489021
1,741,popularity,0.8,1.0,0.8476442348866765
1,741,random,0.8,1.0,0.8095546130952348
1,742,fixed-general,0.4,0.3333333333333333,0.3869645720036764
1,742,fixed-specific,0.2,0.2,0.27649166047587553
1,742,learned,0.4,0.3333333333333333,0.3869645720036764
1,742,popularity,0.4,0.3333333333333333,0.424451225187132
1,742,random,0.4,0.5,0.5151322857878632
1,743,fixed-general,0.4,1.0,0.7925117434660276
1,743,fixed-specific,0.4,1.0,0.7133457376231512
1,743,learned,0.4,1.0,0.7925117434660276
1,743,popularity,0.4,1.0,0.787557319355906
1,743,random,0.4,0.5,0.5684153189413678
1,744,fixed-general,0.8,1.0,0.7754155469362467
1,744,fixed-specific,0.8,1.0,0.8130903224647484
1,744,learned,0.8,1.0,0.7754155469362467
1,744,popularity,1.0,1.0,0.9137021644382827
1,744,random,0.4,0.5,0.6589819143075824
1,745,fixed-general,0.8,1.0,0.8539316501572936
1,745,fixed-specific,0.8,1.0,0.9513105500524313
1,745,learned,0.8,1.0,0.8539316501572936
1,745,popularity,0.8,1.0,0.9513105500524313
1,745,random,0.4,0.5,0.47310801633510613
1,746,fixed-general,0.6,0.3333333333333333,0.47800437473095153
1,746,fixed-specific,0.6,1.0,0.6691758554049811
1,746,learned,0.6,0.3333333333333333,0.47800437473095153
1,746,popularity,0.8,1.0,0.7869132955075706
1,746,random,0.6,0.5,0.6138650237321218
1,747,fixed-general,0.2,1.0,0.5141099348753858
1,747,fixed-specific,0.4,1.0,0.7760997783334138
1,747,learned,0.4,1.0,0.6712812826952675
1,747,popularity,0.6,1.0,0.7950527960773872
1,747,random,0.4,0.3333333333333333,0.44924224512425504
1,748,fixed-general,1.0,1.0,0.8984294899244509
1,748,fixed-specific,0.4,1.0,0.6682718837602242
1,748,learned,1.0,1.0,0.8984294899244509
1,748,popularity,1.0,1.0,0.9377223268794214
1,748,random,0.6,0.5,0.582225541615
1,749,fixed-general,0.4,0.3333333333333333,0.6130840109067679
1,749,fixed-specific,0.2,0.25,0.41591017919589784
1,749,learned,0.4,0.3333333333333333,0.6130840109067679
1,749,popularity,0.4,0.5,0.6814687206992398
1,749,random,0.4,1.0,0.7925117434660276
1,750,fixed-general,0.6,1.0,0.8799817951409221
1,750,fixed-specific,0.4,1.0,0.7718828174931716
1,750,learned,0.6,1.0,0.8849362192510436
1,750,popularity,0.6,1.0,0.8997382732836168
1,750,random,0.2,0.25,0.6588294157352995
1,751,fixed-general,0.8,1.0,0.8152524425806826
1,751,fixed-specific,1.0,1.0,0.915209948681596
1,751,learned,0.8,1.0,0.7728574169214807
1,751,popularity,0.4,0.3333333333333333,0.6079975644153729
1,751,random,0.6,1.0,0.6881132793264203
1,752,fixed-general,1.0,1.0,1.0
1,752,fixed-specific,0.8,1.0,0.8941645557005614
1,752,learned,1.0,1.0,1.0
1,752,popularity,1.0,1.0,1.0
1,752,random,0.8,1.0,0.8930068676327362
1,753,fixed-general,0.4,1.0,0.5305487319474741
1,753,fixed-specific,0.6,1.0,0.6632141388589374
1,753,learned,0.4,1.0,0.5305487319474741
1,753,popularity,0.4,1.0,0.5685417445449361
1,753,random,0.4,0.3333333333333333,0.39097741455168894
1,754,fixed-general,0.4,0.3333333333333333,0.6249472283836189
1,754,fixed-specific,0.6,0.5,0.7460737248111275
1,754,learned,0.4,0.3333333333333333,0.6249472283836189
1,754,popularity,0.6,1.0,0.8039001972055801
1,754,random,0.6,0.5,0.7531149421678056
1,755,fixed-general,0.6,1.0,0.6839278316397914
1,755,fixed-specific,0.2,1.0,0.3506623763407279
1,755,learned,0.6,1.0,0.7015306178173037
1,755,popularity,0.6,0.5,0.5776684261674703
1,755,random,0.8,1.0,0.7349238762659718
1,756,fixed-general,0.8,1.0,0.8031616280402744
1,756,fixed-specific,0.8,1.0,0.9072745914826575
1,756,learned,1.0,1.0,0.9777632910699184
1,756,popularity,0.8,1.0,0.7147556348292026
1,756,random,0.8,1.0,0.7266840322634975
1,757,fixed-general,0.4,0.25,0.6460377406938107
1,757,fixed-specific,0.6,0.3333333333333333,0.7442890884191097
1,757,learned,0.4,0.3333333333333333,0.6588294157352995
1,757,popularity,0.4,1.0,0.8510488233360479
1,757,random,0.4,1.0,0.8023593733884791
1,758,fixed-general,0.8,1.0,0.7704691793831516
1,758,fixed-specific,0.8,1.0,0.8181959207568106
1,758,learned,0.8,1.0,0.7621029200939134
1,758,popularity,1.0,1.0,0.8443220749053792
1,758,random,0.4,1.0,0.5266915624713475
1,759,fixed-general,0.6,1.0,0.7018784777466108
1,759,fixed-specific,0.4,0.5,0.5342695068381637
1,759,learned,0.6,1.0,0.7388049255077247
1,759,popularity,0.0,0.0,0.47404506449086103
1,759,random,0.4,1.0,0.7479078117591712
1,760,fixed-general,0.0,0.0,0.44306313437189276
1,760,fixed-specific,0.0,0.0,0.4488846853502498
1,760,learned,0.0,0.0,0.44306313437189276
1,760,popularity,0.4,1.0,0.882190393820927
1,760,random,0.2,1.0,0.5643320545624659
1,761,fixed-general,0.4,0.5,0.536742595482739
1,761,fixed-specific,0.2,0.3333333333333333,0.4352913260439937
1,761,learned,0.4,0.5,0.536742595482739
1,761,popularity,0.2,0.5,0.6493497524547283
1,761,random,0.2,1.0,0.6177015184798739
1,762,fixed-general,1.0,1.0,0.8882866175020359
1,762,fixed-specific,0.8,1.0,0.865079104405067
1,762,learned,1.0,1.0,0.9248037049627126
1,762,popularity,1.0,1.0,0.8882866175020359
1,762,random,0.8,1.0,0.7961108437417932
1,763,fixed-general,0.6,1.0,0.852636646234404
1,763,fixed-specific,0.8,1.0,0.9087296468973012
1,763,learned,0.6,1.0,0.852636646234404
1,763,popularity,0.4,1.0,0.7429880551523438
1,763,random,0.8,0.5,0.7488685921580613
1,764,fixed-general,0.6,0.3333333333333333,0.6312046128812596
1,764,fixed-specific,0.2,0.2,0.5874605752001633
1,764,learned,0.2,0.3333333333333333,0.5856543914286485
1,764,popularity,0.8,1.0,0.909921908007255
1,764,random,0.4,1.0,0.6249472283836189
1,765,fixed-general,1.0,1.0,0.915209948681596
1,765,fixed-specific,1.0,1.0,0.834790051318404
1,765,learned,1.0,1.0,0.9041084081571661
1,765,popularity,1.0,1.0,1.0
1,765,random,1.0,1.0,0.8289121131198786
1,766,fixed-general,0.8,1.0,0.6334177812369008
1,766,fixed-specific,0.8,0.5,0.6692029735397855
1,766,learned,0.8,1.0,0.6334177812369008
1,766,popularity,0.8,1.0,0.7245231038157349
1,766,random,0.6,0.5,0.4268119402906428
1,767,fixed-general,0.6,1.0,0.7997807481010407
1,767,fixed-specific,0.6,1.0,0.8613632863224759
1,767,learned,0.6,1.0,0.805658686299566
1,767,popularity,1.0,1.0,1.0
1,767,random,0.8,1.0,0.8395103014491042
1,768,fixed-general,1.0,1.0,0.8362978355617173
1,768,fixed-specific,0.6,1.0,0.5921757737602427
1,768,learned,1.0,1.0,0.8251962950372874
1,768,popularity,1.0,1.0,0.9210878868801213
1,768,random,1.0,1.0,0.8193183568387621
1,769,fixed-general,0.4,0.3333333333333333,0.5452257921856005
1,769,fixed-specific,0.6,1.0,0.7673271023013206
1,769,learned,0.4,0.3333333333333333,0.5452257921856005
1,769,popularity,0.8,1.0,0.8201125124245422
1,769,random,0.4,0.3333333333333333,0.31687230979319164
1,770,fixed-general,0.8,0.5,0.5579616266634254
1,770,fixed-specific,0.6,1.0,0.6357734983935904
1,770,learned,0.8,0.5,0.5579616266634254
1,770,popularity,1.0,1.0,0.9289752640401522
1,770,random,0.6,1.0,0.5778131185672036
1,771,fixed-general,0.4,0.5,0.5650900100974023
1,771,fixed-specific,0.6,1.0,0.6244027173301397
1,771,learned,0.4,0.5,0.5650900100974023
1,771,popularity,0.6,1.0,0.7217744410119035
1,771,random,0.4,1.0,0.5811732136229333
1,772,fixed-general,0.6,1.0,0.8325394492608429
1,772,fixed-specific,0.4,1.0,0.7398163403134869
1,772,learned,0.6,1.0,0.8591366529694805
1,772,popularity,0.6,0.5,0.71562828898435
1,772,random,0.4,0.5,0.5362559378578976
1,773,fixed-general,0.6,1.0,0.6900525831870354
1,773,fixed-specific,0.8,1.0,0.7552350599060309
1,773,learned,0.6,1.0,0.7015306178173037
1,773,popularity,0.8,1.0,0.8768143351609493
1,773,random,0.6,0.5,0.5207512049104787
1,774,fixed-general,0.6,0.3333333333333333,0.5661692535266564
1,774,fixed-specific,0.4,0.5,0.6066500944300314
1,774,learned,0.6,0.3333333333333333,0.6350378671754091
1,774,popularity,0.8,1.0,0.8121766919470353
1,774,random,0.4,0.25,0.503992546202454
1,775,fixed-general,0.6,1.0,0.7194765211024898
1,775,fixed-specific,0.6,1.0,0.7265177384591679
1,775,learned,0.4,1.0,0.6801836841475194
1,775,popularity,1.0,1.0,1.0
1,775,random,0.8,1.0,0.8913882725677729
1,776,fixed-general,0.8,1.0,0.8072123842662231
1,776,fixed-specific,1.0,1.0,0.946503433816368
1,776,learned,1.0,1.0,0.8728149230223939
1,776,popularity,1.0,1.0,0.946503433816368
1,776,random,0.4,0.3333333333333333,0.5826279312024698
1,777,fixed-general,0.2,1.0,0.7359850425870915
1,777,fixed-specific,0.2,0.5,0.6249420198203038
1,777,learned,0.4,1.0,0.7747656443144173
1,777,popularity,0.8,1.0,0.928671245088491
1,777,random,0.2,0.2,0.4060013309756547
1,778,fixed-general,0.2,0.25,0.41663390183261745
1,778,fixed-specific,0.4,0.5,0.6133677166556718
1,778,learned,0.2,0.3333333333333333,0.4432547638183854
1,778,popularity,0.4,1.0,0.6335325175104674
1,778,random,0.0,0.0,0.10572473484387696
1,779,fixed-general,0.8,1.0,0.77692333117956
1,779,fixed-specific,0.8,1.0,0.7330205212770446
1,779,learned,0.8,1.0,0.7658217906551301
1,779,popularity,0.8,1.0,0.7363862431841476
1,779,random,0.8,0.5,0.580419897363192
1,780,fixed-general,0.6,0.5,0.5844133854999498
1,780,fixed-specific,0.6,1.0,0.6818344426177827
1,780,learned,0.6,1.0,0.6516619132101943
1,780,popularity,0.6,1.0,0.7217744410119035
1,780,random,0.4,0.3333333333333333,0.35740248413263587
1,781,fixed-general,0.6,1.0,0.7939325599737419
1,781,fixed-specific,0.6,1.0,0.7939325599737419
1,781,learned,0.4,1.0,0.7586882101801115
1,781,popularity,0.6,0.5,0.7107630578724144
1,781,random,0.4,0.5,0.616958405925818
1,782,fixed-general,1.0,1.0,0.8984294899244509
1,782,fixed-specific,1.0,1.0,0.8984294899244509
1,782,learned,1.0,1.0,0.8984294899244509
1,782,popularity,1.0,1.0,0.9421735276055474
1,782,random,0.8,1.0,0.8591366529694805
1,783,fixed-general,0.6,1.0,0.7513026264813684
1,783,fixed-specific,0.8,1.0,0.8252072099638096
1,783,learned,0.8,1.0,0.8335217812928342
1,783,popularity,0.4,1.0,0.7043642000301313
1,783,random,0.6,1.0,0.7119421443969476
1,784,fixed-general,0.4,0.25,0.5823903734508955
1,784,fixed-specific,0.4,1.0,0.7251764723327996
1,784,learned,0.4,0.3333333333333333,0.6039909606759858
1,784,popularity,0.4,0.3333333333333333,0.4566276069103898
1,784,random,0.4,1.0,0.587310130057723
1,785,fixed-general,0.8,1.0,0.934397461243829
1,785,fixed-specific,0.6,1.0,0.7750654507607585
1,785,learned,0.8,1.0,0.934397461243829
1,785,popularity,0.6,1.0,0.7861669912851884
1,785,random,0.4,1.0,0.7765732350040719
1,786,fixed-general,0.4,1.0,0.664952029985497
1,786,fixed-specific,0.6,1.0,0.7119421443969476
1,786,learned,0.4,1.0,0.664952029985497
1,786,popularity,1.0,1.0,0.9397755576526973
1,786,random,0.4,0.25,0.41421474738263114
1,787,fixed-general,0.6,1.0,0.8357324344993813
1,787,fixed-specific,0.8,1.0,0.8546854522433548
1,787,learned,0.6,1.0,0.8224338326450624
1,787,popularity,0.8,1.0,0.909921908007255
1,787,random,0.6,1.0,0.7297657240217653
1,788,fixed-general,0.0,0.0,0.23307160661695006
1,788,fixed-specific,0.4,1.0,0.642016982711642
1,788,learned,0.0,0.0,0.23307160661695006
1,788,popularity,0.6,0.3333333333333333,0.7442890884191097
1,788,random,0.4,1.0,0.5524753337478715
1,789,fixed-general,1.0,1.0,0.8443220749053792
1,789,fixed-specific,0.6,1.0,0.7251764723327996
1,789,learned,1.0,1.0,0.8443220749053792
1,789,popularity,0.8,0.5,0.8090930345053641
1,789,random,0.8,1.0,0.7488685921580613
1,790,fixed-general,0.6,0.5,0.7252037465366871
1,790,fixed-specific,0.4,1.0,0.7162285644443968
1,790,learned,0.6,0.5,0.7301581706468088
1,790,popularity,0.4,1.0,0.6942603957407286
1,790,random,0.4,0.5,0.653408196724527
1,791,fixed-general,0.6,0.5,0.71736649560532
1,791,fixed-specific,0.6,1.0,0.7227265726449518
1,791,learned,0.6,1.0,0.8560032474461695
1,791,popularity,0.6,0.5,0.830419897363192
1,791,random,0.2,0.3333333333333333,0.4483971140822898
1,792,fixed-general,0.2,0.5,0.6231058256175556
1,792,fixed-specific,0.6,0.3333333333333333,0.7732973389455315
1,792,learned,0.2,0.3333333333333333,0.6106081246439119
1,792,popularity,0.4,1.0,0.8276412442871166
1,792,random,0.4,1.0,0.6458371650439272
1,793,fixed-general,0.6,0.3333333333333333,0.6869096775352516
1,793,fixed-specific,0.8,1.0,0.792395025659202
1,793,learned,0.6,0.5,0.7113207924233891
1,793,popularity,1.0,1.0,0.9576049743407979
1,793,random,0.8,1.0,0.8602055982546507
1,794,fixed-general,1.0,1.0,0.9671987306219145
1,794,fixed-specific,1.0,1.0,1.0
1,794,learned,1.0,1.0,0.9671987306219145
1,794,popularity,0.8,1.0,0.7939028099025153
1,794,random,0.6,1.0,0.735182641392979
1,795,fixed-general,0.4,1.0,0.5293048177945177
1,795,fixed-specific,0.4,1.0,0.5265561549906861
1,795,learned,0.4,1.0,0.5657930817411047
1,795,popularity,0.4,0.5,0.5507891216448276
1,795,random,0.2,0.5,0.4763078451007787
1,796,fixed-general,0.4,0.3333333333333333,0.5668723251703587
1,796,fixed-specific,0.4,1.0,0.5110606858212241
1,796,learned,0.4,0.3333333333333333,0.5565640136745721
1,796,popularity,0.8,1.0,0.9112178350033764
1,796,random,0.2,1.0,0.3996656401089672
1,797,fixed-general,0.8,1.0,0.7876168254347432
1,797,fixed-specific,0.8,1.0,0.8514136186974538
1,797,learned,0.8,1.0,0.7939325599737419
1,797,popularity,0.8,1.0,0.8228611752283737
1,797,random,0.4,0.5,0.49563122050332625
1,798,fixed-general,0.2,0.3333333333333333,0.4950761850387742
1,798,fixed-specific,0.2,1.0,0.5594401368490775
1,798,learned,0.4,0.5,0.5634608948312463
1,798,popularity,0.4,1.0,0.6568190367442152
1,798,random,0.4,0.5,0.4759908431563517
1,799,fixed-general,0.2,0.5,0.6630368501750608
1,799,fixed-specific,0.4,0.5,0.7067808878561571
1,799,learned,0.4,0.3333333333333333,0.6890310852757123
1,799,popularity,0.4,1.0,0.6426970309640637
1,799,random,0.8,1.0,0.923220509861574
1,800,fixed-general,0.8,0.5,0.695288469773353
1,800,fixed-specific,0.2,0.2,0.4929312824812925
1,800,learned,0.8,0.5,0.695288469773353
1,800,popularity,1.0,1.0,0.8984294899244509
1,800,random,0.8,1.0,0.8736384699873282
1,801,fixed-general,1.0,1.0,1.0
1,801,fixed-specific,1.0,1.0,0.9634829125393233
1,801,learned,1.0,1.0,1.0
1,801,popularity,0.8,1.0,0.861713382497964
1,801,random,0.8,0.5,0.7552236023259045
1,802,fixed-general,0.2,0.3333333333333333,0.49565808324241395
1,802,fixed-specific,0.2,0.2,0.624668169269055
1,802,learned,0.2,0.3333333333333333,0.5871286003462075
1,802,popularity,0.2,0.3333333333333333,0.6307615347040754
1,802,random,0.0,0.0,0.3270060242814265
1,803,fixed-general,0.2,1.0,0.7005235033585164
1,803,fixed-specific,0.2,0.5,0.6630368501750608
1,803,learned,0.2,1.0,0.7005235033585164
1,803,popularity,0.2,0.2,0.6382458302379378
1,803,random,0.4,1.0,0.6890310852757123
1,804,fixed-general,0.6,1.0,0.9219639748331533
1,804,fixed-specific,0.8,1.0,0.9111636812206082
1,804,learned,0.6,1.0,0.9094662738595096
1,804,popularity,1.0,1.0,0.8854316523111123
1,804,random,0.4,0.3333333333333333,0.30168630877797753
1,805,fixed-general,0.6,1.0,0.7392386633126508
1,805,fixed-specific,0.4,1.0,0.6720878277839607
1,805,learned,0.6,1.0,0.7689960109312144
1,805,popularity,0.6,0.3333333333333333,0.7041280326110629
1,805,random,0.6,1.0,0.8784207247450816
1,806,fixed-general,0.2,0.3333333333333333,0.5989529932829674
1,806,fixed-specific,0.4,1.0,0.7646073602506097
1,806,learned,0.4,0.25,0.6197121947984555
1,806,popularity,0.8,1.0,0.902880690650577
1,806,random,0.4,1.0,0.7442675410396127
1,807,fixed-general,1.0,1.0,0.8400136536443085
1,807,fixed-specific,0.8,1.0,0.8093745043821573
1,807,learned,1.0,1.0,0.8362978355617173
1,807,popularity,1.0,1.0,0.946503433816368
1,807,random,0.6,1.0,0.6769658250786468
1,808,fixed-general,0.4,0.5,0.7507870966196646
1,808,fixed-specific,0.2,0.25,0.6588294157352995
1,808,learned,0.2,0.5,0.689305971630607
1,808,popularity,0.4,0.3333333333333333,0.7281477916557243
1,808,random,0.4,1.0,0.7487767176285802
1,809,fixed-general,0.4,1.0,0.6069931323672637
1,809,fixed-specific,0.6,1.0,0.7765732350040719
1,809,learned,0.4,1.0,0.6069931323672637
1,809,popularity,0.8,1.0,0.8443838075995205
1,809,random,0.8,1.0,0.7474877837085775
1,810,fixed-general,0.4,1.0,0.8510488233360479
1,810,fixed-specific,0.4,1.0,0.7945221224571118
1,810,learned,0.4,1.0,0.8510488233360479
1,810,popularity,0.8,1.0,0.928671245088491
1,810,random,0.0,0.0,0.5953379117551575
1,811,fixed-general,0.0,0.0,0.5481677382451928
1,811,fixed-specific,0.2,0.3333333333333333,0.6497382483207419
1,811,learned,0.0,0.0,0.5481677382451928
1,811,popularity,0.8,1.0,0.8546854522433548
1,811,random,0.4,0.5,0.71562828898435
1,812,fixed-general,0.8,1.0,0.928671245088491
1,812,fixed-specific,0.6,1.0,0.8156178433306188
1,812,learned,0.8,1.0,0.928671245088491
1,812,popularity,0.4,0.3333333333333333,0.7669283933830501
1,812,random,0.8,1.0,0.8869465982421281
1,813,fixed-general,0.8,1.0,0.9153468108652272
1,813,fixed-specific,0.6,1.0,0.8331276560537614
1,813,learned,0.8,1.0,0.9153468108652272
1,813,popularity,0.4,1.0,0.7418573029510624
1,813,random,0.4,1.0,0.7185593083648736
1,814,fixed-general,0.6,1.0,0.8083513979317062
1,814,fixed-specific,0.6,1.0,0.7760997783334138
1,814,learned,0.6,1.0,0.8083513979317062
1,814,popularity,0.8,1.0,0.8502342515172288
1,814,random,0.4,0.5,0.7067808878561571
1,815,fixed-general,0.2,0.3333333333333333,0.7231933675456027
1,815,fixed-specific,0.0,0.0,0.46118878912377864
1,815,learned,0.0,0.0,0.6101399657877307
1,815,popularity,0.4,0.5,0.7817304474156231
1,815,random,0.6,0.3333333333333333,0.8156178433306188
1,816,fixed-general,1.0,1.0,0.8514136186974538
1,816,fixed-specific,1.0,1.0,0.8514136186974538
1,816,learned,1.0,1.0,0.8514136186974538
1,816,popularity,1.0,1.0,0.8969662799868708
1,816,random,1.0,1.0,0.8450978841584552
1,817,fixed-general,0.6,1.0,0.7149906967826367
1,817,fixed-specific,0.8,1.0,0.7865170874606766
1,817,learned,0.6,1.0,0.7462841819174089
1,817,popularity,1.0,1.0,0.834790051318404
1,817,random,0.8,0.5,0.7032348203855859
1,818,fixed-general,0.0,0.0,0.5779169521772867
1,818,fixed-specific,0.0,0.0,0.49004035528015966
1,818,learned,0.0,0.0,0.5779169521772867
1,818,popularity,0.2,1.0,0.5779169521772867
1,818,random,0.4,1.0,0.6987366270566713
1,819,fixed-general,0.8,1.0,0.8546854522433548
1,819,fixed-specific,0.8,1.0,0.8635878536956065
1,819,learned,0.8,1.0,0.8546854522433548
1,819,popularity,0.6,1.0,0.8776702884089629
1,819,random,0.6,0.3333333333333333,0.46555024591361727
1,820,fixed-general,0.4,0.3333333333333333,0.6612671530622786
1,820,fixed-specific,0.4,0.5,0.687447105513079
1,820,learned,0.4,0.3333333333333333,0.6612671530622786
1,820,popularity,1.0,1.0,0.8411053072016672
1,820,random,0.6,1.0,0.7250639463249892
1,821,fixed-general,0.2,1.0,0.82537386539559
1,821,fixed-specific,0.2,1.0,0.9439093238605286
1,821,learned,0.2,1.0,0.8026142881187511
1,821,popularity,0.2,0.2,0.7036613048927473
1,821,random,0.0,0.0,0.48359452890915716
1,822,fixed-general,0.8,1.0,0.8289121131198786
1,822,fixed-specific,0.6,1.0,0.5799165451679877
1,822,learned,0.8,1.0,0.8289121131198786
1,822,popularity,1.0,1.0,0.8882866175020359
1,822,random,0.4,1.0,0.5452573953711007
1,823,fixed-general,0.6,1.0,0.8387968337584836
1,823,fixed-specific,0.4,1.0,0.8286912171427032
1,823,learned,0.6,1.0,0.8458380511151619
1,823,popularity,0.6,1.0,0.8661778703261588
1,823,random,0.0,0.0,0.5989529932829674
1,824,fixed-general,1.0,1.0,0.9041084081571661
1,824,fixed-specific,0.8,1.0,0.8178105725954488
1,824,learned,1.0,1.0,0.9099863463556914
1,824,popularity,0.8,0.5,0.7404062437188833
1,824,random,0.8,1.0,0.8517695300413594
1,825,fixed-general,0.6,0.5,0.7380682985455163
1,825,fixed-specific,0.6,1.0,0.8509392388733055
1,825,learned,0.4,0.5,0.7310570093385172
1,825,popularity,0.8,1.0,0.8920488162790383
1,825,random,0.0,0.0,0.2145990853198977
1,826,fixed-general,0.6,0.5,0.7575661428939316
1,826,fixed-specific,0.4,1.0,0.7398163403134869
1,826,learned,0.6,0.5,0.7575661428939316
1,826,popularity,0.4,1.0,0.8528792684718399
1,826,random,0.2,0.5,0.6122515951372862
1,827,fixed-general,0.6,1.0,0.8083513979317062
1,827,fixed-specific,0.4,1.0,0.7208633225695134
1,827,learned,0.6,1.0,0.8153926152883844
1,827,popularity,0.6,1.0,0.8273044156756795
1,827,random,0.4,0.5,0.4554446292978368
1,828,fixed-general,0.4,0.5,0.5037637831074717
1,828,fixed-specific,0.4,0.5,0.4999219479551428
1,828,learned,0.4,0.5,0.5037637831074717
1,828,popularity,0.4,1.0,0.7048045594218458
1,828,random,0.4,0.25,0.5348741251612246
1,829,fixed-general,0.4,0.5,0.6122515951372862
1,829,fixed-specific,0.4,0.5,0.5729587581823158
1,829,learned,0.4,0.5,0.6122515951372862
1,829,popularity,0.6,1.0,0.9169631253639333
1,829,random,0.4,0.5,0.5151322857878632
1,830,fixed-general,1.0,1.0,0.9576049743407979
1,830,fixed-specific,0.6,1.0,0.7020312758394052
1,830,learned,0.8,1.0,0.8263998968284562
1,830,popularity,0.6,0.5,0.7456298460447879
1,830,random,0.6,1.0,0.7462841819174089
1,831,fixed-general,0.8,1.0,0.934397461243829
1,831,fixed-specific,0.8,1.0,0.915209948681596
1,831,learned,0.8,1.0,0.915209948681596
1,831,popularity,0.8,1.0,0.8517695300413594
1,831,random,0.4,0.5,0.43806736560307663
1,832,fixed-general,0.0,0.0,0.5840870116961285
1,832,fixed-specific,0.0,0.0,0.6423232684404256
1,832,learned,0.0,0.0,0.6331143362188337
1,832,popularity,0.2,0.2,0.7775255947863045
1,832,random,0.0,0.0,0.5002742468398118
1,833,fixed-general,0.4,1.0,0.7688223358394367
1,833,fixed-specific,0.4,0.5,0.591759465656803
1,833,learned,0.4,1.0,0.7688223358394367
1,833,popularity,0.4,1.0,0.7134522819213707
1,833,random,0.0,0.0,0.19215781021814138
1,834,fixed-general,0.2,0.3333333333333333,0.5125376063866356
1,834,fixed-specific,0.2,0.25,0.4961462271285369
1,834,learned,0.2,0.3333333333333333,0.5125376063866356
1,834,popularity,0.4,1.0,0.7032502044696184
1,834,random,0.4,1.0,0.7510877872155441
1,835,fixed-general,0.6,0.3333333333333333,0.8156178433306188
1,835,fixed-specific,0.8,1.0,0.9513105500524313
1,835,learned,0.6,1.0,0.8849362192510436
1,835,popularity,1.0,1.0,1.0
1,835,random,0.4,1.0,0.8073137974986007
1,836,fixed-general,1.0,1.0,0.945656094658415
1,836,fixed-specific,1.0,1.0,0.904546517252682
1,836,learned,1.0,1.0,0.9414729650137958
1,836,popularity,0.6,1.0,0.757971478409508
1,836,random,0.6,1.0,0.7251764723327996
1,837,fixed-general,0.4,0.5,0.6122515951372862
1,837,fixed-specific,0.8,1.0,0.8718322862158133
1,837,learned,0.8,0.5,0.7593723266654464
1,837,popularity,0.8,1.0,0.8546854522433548
1,837,random,0.8,1.0,0.7702617761402644
1,838,fixed-general,0.6,0.5,0.6725956711234347
1,838,fixed-specific,0.2,0.5,0.4894018116707743
1,838,learned,0.4,0.5,0.6069931323672637
1,838,popularity,1.0,1.0,1.0
1,838,random,0.4,1.0,0.6850517971164499
1,839,fixed-general,0.6,0.5,0.830419897363192
1,839,fixed-specific,0.6,0.5,0.8432115724046808
1,839,learned,0.6,0.5,0.830419897363192
1,839,popularity,0.2,1.0,0.7797200684245388
1,839,random,0.6,0.3333333333333333,0.7442890884191097
1,840,fixed-general,0.2,1.0,0.7231933675456027
1,840,fixed-specific,0.2,0.3333333333333333,0.5226699141128361
1,840,learned,0.2,0.5,0.6814687206992398
1,840,popularity,0.8,1.0,0.9125299483251055
1,840,random,0.4,0.5,0.5634608948312463
1,841,fixed-general,0.2,0.2,0.3208648867499797
1,841,fixed-specific,0.4,0.3333333333333333,0.5383198817012785
1,841,learned,0.2,0.2,0.3208648867499797
1,841,popularity,0.2,0.25,0.5246091691940272
1,841,random,0.0,0.0,0.3550299931143561
1,842,fixed-general,0.0,0.0,0.7428263532604289
1,842,fixed-specific,0.0,0.0,0.5290351702883371
1,842,learned,0.0,0.0,0.7428263532604289
1,842,popularity,0.2,1.0,0.9439093238605286
1,842,random,0.2,0.3333333333333333,0.5126296991974943
1,843,fixed-general,0.8,0.5,0.6945246868164763
1,843,fixed-specific,0.8,1.0,0.8181959207568106
1,843,learned,0.6,1.0,0.7161252740415666
1,843,popularity,0.6,1.0,0.678580483160422
1,843,random,0.2,0.25,0.4005862942077062
1,844,fixed-general,0.2,0.3333333333333333,0.6106081246439119
1,844,fixed-specific,0.4,0.5,0.6708325669912145
1,844,learned,0.4,0.3333333333333333,0.6475345724050258
1,844,popularity,0.6,1.0,0.9219639748331533
1,844,random,0.4,1.0,0.8140127911121916
1,845,fixed-general,0.6,0.5,0.6043130938474479
1,845,fixed-specific,0.6,1.0,0.698543683590578
1,845,learned,0.6,0.5,0.6043130938474479
1,845,popularity,0.8,0.5,0.8869465982421281
1,845,random,0.6,1.0,0.7994765465672335
1,846,fixed-general,0.4,0.3333333333333333,0.6286169999669322
1,846,fixed-specific,0.6,1.0,0.7639572262470341
1,846,learned,0.6,0.3333333333333333,0.6762916321618521
1,846,popularity,1.0,1.0,1.0
1,846,random,0.6,1.0,0.7239662643567719
1,847,fixed-general,1.0,1.0,0.8984294899244509
1,847,fixed-specific,0.8,1.0,0.8591366529694805
1,847,learned,1.0,1.0,0.8984294899244509
1,847,popularity,1.0,1.0,0.8984294899244509
1,847,random,0.6,1.0,0.7327751229568087
1,848,fixed-general,0.4,0.25,0.6819898679190342
1,848,fixed-specific,0.6,0.3333333333333333,0.6312046128812596
1,848,learned,0.2,0.25,0.6034041940090933
1,848,popularity,0.8,1.0,0.8343456330323578
1,848,random,0.0,0.0,0.3750527716163811
1,849,fixed-general,0.2,0.25,0.5526189389713188
1,849,fixed-specific,0.6,0.3333333333333333,0.7835603779945831
1,849,learned,0.2,0.3333333333333333,0.5667013736846751
1,849,popularity,0.4,1.0,0.8661778703261588
1,849,random,0.2,0.25,0.5963629766524151
1,850,fixed-general,0.4,1.0,0.5068400705675693
1,850,fixed-specific,0.6,1.0,0.6977470360622053
1,850,learned,0.6,1.0,0.6911298720942791
1,850,popularity,0.6,1.0,0.6977470360622053
1,850,random,0.2,0.5,0.2545262225641358
1,851,fixed-general,0.4,1.0,0.7521263393504768
1,851,fixed-specific,0.2,0.2,0.6617122425565451
1,851,learned,0.2,1.0,0.7083913135130295
1,851,popularity,0.6,0.3333333333333333,0.8156178433306188
1,851,random,0.4,1.0,0.7925117434660276
1,852,fixed-general,0.4,0.5,0.44050156590714307
1,852,fixed-specific,0.4,0.3333333333333333,0.4146965954741695
1,852,learned,0.4,0.5,0.44050156590714307
1,852,popularity,0.0,0.0,0.30709180410423315
1,852,random,0.2,1.0,0.5158453257131334
1,853,fixed-general,0.4,0.5,0.5280729059895741
1,853,fixed-specific,0.4,1.0,0.4821607674685009
1,853,learned,0.4,1.0,0.5927824308142196
1,853,popularity,0.2,1.0,0.42617340898485867
1,853,random,0.2,0.5,0.22124332669143718
1,854,fixed-general,0.8,1.0,0.9492147449622255
1,854,fixed-specific,0.8,0.5,0.8406030175299983
1,854,learned,0.6,1.0,0.8679840540976737
1,854,popularity,0.6,1.0,0.909921908007255
1,854,random,1.0,1.0,0.8984294899244509
1,855,fixed-general,0.6,0.5,0.8432115724046808
1,855,fixed-specific,0.0,0.0,0.5516028859177102
1,855,learned,0.4,0.3333333333333333,0.7182389434354812
1,855,popularity,0.4,0.25,0.7590911424516829
1,855,random,0.6,0.5,0.8382571482945591
1,856,fixed-general,0.4,0.5,0.6600322733786694
1,856,fixed-specific,0.4,1.0,0.7060616073912299
1,856,learned,0.4,0.5,0.6642154030232885
1,856,popularity,0.4,1.0,0.7645886423774341
1,856,random,0.2,0.25,0.5670645129148719
1,857,fixed-general,0.6,0.5,0.830419897363192
1,857,fixed-specific,0.6,1.0,0.8849362192510436
1,857,learned,0.6,0.3333333333333333,0.8156178433306188
1,857,popularity,0.4,0.5,0.5840898208041022
1,857,random,0.4,1.0,0.6406165216830383
1,858,fixed-general,0.6,0.5,0.7643008730754077
1,858,fixed-specific,0.8,0.5,0.7603082961186196
1,858,learned,0.8,0.5,0.7995452228690382
1,858,popularity,0.8,1.0,0.7876168254347432
1,858,random,1.0,1.0,0.8411053072016672
1,859,fixed-general,0.2,0.2,0.3710209531947464
1,859,fixed-specific,0.4,0.3333333333333333,0.543716537519067
1,859,learned,0.2,0.2,0.3710209531947464
1,859,popularity,0.6,0.5,0.7823571628310546
1,859,random,0.2,1.0,0.5838482076571336
1,860,fixed-general,0.2,0.5,0.5685075574561899
1,860,fixed-specific,0.2,0.25,0.6426970309640637
1,860,learned,0.2,0.5,0.6122515951372862
1,860,popularity,0.6,0.5,0.7575661428939316
1,860,random,0.2,0.5,0.6630368501750608
1,861,fixed-general,0.4,0.3333333333333333,0.7281477916557243
1,861,fixed-specific,0.2,0.2,0.710401692504114
1,861,learned,0.4,0.3333333333333333,0.7669283933830501
1,861,popularity,0.4,1.0,0.7945221224571118
1,861,random,0.4,0.5,0.6736314697678727
1,862,fixed-general,0.6,0.5,0.708439900290204
1,862,fixed-specific,0.6,1.0,0.7131355488906943
1,862,learned,0.6,1.0,0.7420641641453262
1,862,popularity,0.6,1.0,0.7483798986843249
1,862,random,0.6,1.0,0.6596470671237703
1,863,fixed-general,0.4,1.0,0.8428147233846887
1,863,fixed-specific,0.6,0.3333333333333333,0.8986776544421414
1,863,learned,0.4,1.0,0.88406898597501
1,863,popularity,0.0,0.0,0.7345577848667816
1,863,random,0.0,0.0,0.6077762910087559
1,864,fixed-general,0.6,1.0,0.8426246675442809
1,864,fixed-specific,0.6,1.0,0.8318243739317357
1,864,learned,0.6,1.0,0.8426246675442809
1,864,popularity,0.6,1.0,0.8687508216928496
1,864,random,0.8,1.0,0.9028491098915834
1,865,fixed-general,0.4,0.25,0.6877623875401737
1,865,fixed-specific,0.8,0.5,0.8869465982421281
1,865,learned,0.4,0.3333333333333333,0.6955996384715408
1,865,popularity,0.8,1.0,0.9562649741625527
1,865,random,0.6,0.5,0.8432115724046808
1,866,fixed-general,0.6,0.5,0.7128285766667025
1,866,fixed-specific,0.4,0.5,0.6128710705657892
1,866,learned,0.4,0.5,0.680027307288617
1,866,popularity,1.0,1.0,0.8458915918428338
1,866,random,0.6,1.0,0.7474877837085775
1,867,fixed-general,0.8,1.0,0.9214143260900591
1,867,fixed-specific,0.6,1.0,0.7134027229083442
1,867,learned,0.8,1.0,0.8821214891350887
1,867,popularity,1.0,1.0,0.8984294899244509
1,867,random,0.4,0.25,0.4522516440592984
1,868,fixed-general,0.0,0.0,0.7467366458934469
1,868,fixed-specific,0.0,0.0,0.7467366458934469
1,868,learned,0.0,0.0,0.7467366458934469
1,868,popularity,0.2,0.5,0.9065280314885752
1,868,random,0.0,0.0,0.7467366458934469
1,869,fixed-general,0.2,0.5,0.36910008363815267
1,869,fixed-specific,0.6,1.0,0.7464019108962401
1,869,learned,0.4,0.5,0.512076509396194
1,869,popularity,0.4,1.0,0.6900525831870354
1,869,random,0.2,0.5,0.45832459648074847
1,870,fixed-general,0.6,0.5,0.7268738796938983
1,870,fixed-specific,0.6,1.0,0.6820269858428326
1,870,learned,0.6,0.5,0.7227424380094927
1,870,popularity,0.6,1.0,0.7824002251969782
1,870,random,0.4,0.3333333333333333,0.4574159218328117
1,871,fixed-general,0.8,1.0,0.8446348359516331
1,871,fixed-specific,0.6,1.0,0.8198438160145101
1,871,learned,1.0,1.0,1.0
1,871,popularity,0.8,1.0,0.7805509790595397
1,871,random,0.6,0.5,0.462485846654515
1,872,fixed-general,0.4,0.5,0.5222030810488597
1,872,fixed-specific,0.4,0.5,0.5571664705428794
1,872,learned,0.6,1.0,0.7691415988388896
1,872,popularity,0.8,1.0,0.915209948681596
1,872,random,0.6,1.0,0.8072123842662231
1,873,fixed-general,0.8,1.0,0.7415215797075658
1,873,fixed-specific,1.0,1.0,0.7754352608773023
1,873,learned,1.0,1.0,0.7754352608773023
1,873,popularity,1.0,1.0,0.8631008549624842
1,873,random,0.8,1.0,0.7578799455265084
1,874,fixed-general,1.0,1.0,1.0
1,874,fixed-specific,0.8,1.0,0.8152524425806826
1,874,learned,1.0,1.0,1.0
1,874,popularity,1.0,1.0,0.9634829125393233
1,874,random,0.8,1.0,0.8193183568387621
1,875,fixed-general,0.8,0.5,0.7147556348292026
1,875,fixed-specific,0.6,0.5,0.6442669352419417
1,875,learned,0.8,0.5,0.7147556348292026
1,875,popularity,0.8,1.0,0.8018683804512488
1,875,random,0.6,1.0,0.7523724756411128
1,876,fixed-general,0.6,0.5,0.733161382592125
1,876,fixed-specific,0.8,1.0,0.8844980054656071
1,876,learned,0.6,0.5,0.733161382592125
1,876,popularity,0.6,1.0,0.6720878277839607
1,876,random,0.4,1.0,0.6167769961111015
1,877,fixed-general,0.8,1.0,0.8576474682398847
1,877,fixed-specific,0.6,0.5,0.6472260379105316
1,877,learned,0.6,1.0,0.7744111148881376
1,877,popularity,0.8,1.0,0.7691875125622331
1,877,random,0.4,0.5,0.3563387964946429
1,878,fixed-general,1.0,1.0,0.8289121131198786
1,878,fixed-specific,0.8,1.0,0.7754155469362467
1,878,learned,1.0,1.0,0.8824086793035105
1,878,popularity,0.6,1.0,0.8093745043821573
1,878,random,0.6,1.0,0.7484922157566868
1,879,fixed-general,0.4,0.3333333333333333,0.5520810896577077
1,879,fixed-specific,0.2,0.3333333333333333,0.4956456517159513
1,879,learned,0.4,0.3333333333333333,0.5520810896577077
1,879,popularity,0.6,0.5,0.7244398453705913
1,879,random,0.4,0.25,0.4250150409951763
1,880,fixed-general,0.8,1.0,0.7605981883292258
1,880,fixed-specific,0.8,1.0,0.8310742332358129
1,880,learned,0.8,1.0,0.7617558763970508
1,880,popularity,1.0,1.0,0.8824086793035105
1,880,random,1.0,1.0,0.877185076977606
1,881,fixed-general,1.0,1.0,0.8984294899244509
1,881,fixed-specific,0.6,1.0,0.7601561595244838
1,881,learned,1.0,1.0,0.8984294899244509
1,881,popularity,0.8,1.0,0.8343456330323578
1,881,random,0.4,0.5,0.6078003944111603
1,882,fixed-general,0.4,0.5,0.6215012232100612
1,882,fixed-specific,0.6,1.0,0.7223598747726397
1,882,learned,0.6,0.5,0.6554149043797977
1,882,popularity,1.0,1.0,0.9024152900419635
1,882,random,0.6,0.5,0.454530232155138
1,883,fixed-general,1.0,1.0,0.9397755576526973
1,883,fixed-specific,1.0,1.0,0.8920488162790383
1,883,learned,1.0,1.0,0.9397755576526973
1,883,popularity,1.0,1.0,0.904546517252682
1,883,random,0.8,1.0,0.8073956271442654
1,884,fixed-general,0.0,0.0,0.4375552176745327
1,884,fixed-specific,0.0,0.0,0.44648765815317604
1,884,learned,0.0,0.0,0.4375552176745327
1,884,popularity,0.0,0.0,0.7925629232139043
1,884,random,0.0,0.0,0.2825115583090574
1,885,fixed-general,0.2,1.0,0.6872955926395227
1,885,fixed-specific,0.4,1.0,0.7945221224571118
1,885,learned,0.2,1.0,0.6872955926395227
1,885,popularity,0.2,1.0,0.7797200684245388
1,885,random,0.0,0.0,0.45134115920132695
1,886,fixed-general,0.2,0.5,0.5704760449065871
1,886,fixed-specific,0.8,1.0,0.7886792075766109
1,886,learned,0.6,0.5,0.6763114892060259
1,886,popularity,0.8,1.0,0.8130903224647484
1,886,random,0.6,1.0,0.6673720687975302
1,887,fixed-general,0.8,0.5,0.8609428367409954
1,887,fixed-specific,0.8,1.0,0.9562559623189038
1,887,learned,0.8,1.0,0.9359161431079067
1,887,popularity,0.6,1.0,0.8724352548237995
1,887,random,0.8,1.0,0.8077484293237199
1,888,fixed-general,0.8,1.0,0.8696577506707475
1,888,fixed-specific,1.0,1.0,0.8803422339520858
1,888,learned,0.8,1.0,0.8736503276275354
1,888,popularity,0.6,1.0,0.751996303855561
1,888,random,0.4,0.3333333333333333,0.4717744256347365
1,890,fixed-general,0.2,0.5,0.5118886180624318
1,890,fixed-specific,0.6,1.0,0.8721445442095549
1,890,learned,0.2,0.5,0.5374719681454093
1,890,popularity,0.6,1.0,0.8721445442095549
1,890,random,0.4,0.25,0.5599069317497284
1,891,fixed-general,0.6,1.0,0.7403214173276094
1,891,fixed-specific,0.4,1.0,0.6091710686003563
1,891,learned,0.6,1.0,0.7403214173276094
1,891,popularity,0.4,1.0,0.7094466574541372
1,891,random,0.2,0.5,0.3513725424540249
1,892,fixed-general,0.2,0.2,0.35529358715735415
1,892,fixed-specific,0.0,0.0,0.25814269704893755
1,892,learned,0.2,0.2,0.392220034918468
1,892,popularity,0.4,1.0,0.5051426632064707
1,892,random,0.2,0.5,0.32385355116288506
1,893,fixed-general,0.4,0.3333333333333333,0.5338567867660999
1,893,fixed-specific,0.6,0.5,0.660839794726384
1,893,learned,0.4,1.0,0.646910188523972
1,893,popularity,0.6,1.0,0.8412011934135963
1,893,random,0.2,0.3333333333333333,0.46902604005514587
1,894,fixed-general,1.0,1.0,1.0
1,894,fixed-specific,1.0,1.0,1.0
1,894,learned,1.0,1.0,1.0
1,894,popularity,0.8,1.0,0.8443838075995205
1,894,random,1.0,1.0,0.9306816431612379
1,895,fixed-general,0.6,0.5,0.7460737248111275
1,895,fixed-specific,0.8,0.5,0.7968589798489021
1,895,learned,0.6,0.5,0.7460737248111275
1,895,popularity,0.6,1.0,0.8273044156756795
1,895,random,0.6,1.0,0.7265177384591679
1,896,fixed-general,0.0,0.0,0.0713287549115092
1,896,fixed-specific,0.2,0.3333333333333333,0.2182695525843769
1,896,learned,0.2,0.2,0.202533832423851
1,896,popularity,1.0,1.0,1.0
1,896,random,0.4,0.5,0.47310801633510613
1,897,fixed-general,0.6,0.3333333333333333,0.5661692535266564
1,897,fixed-specific,0.8,1.0,0.7706166076144062
1,897,learned,0.6,1.0,0.675518708078784
1,897,popularity,0.2,0.5,0.38520252252194453
1,897,random,0.4,1.0,0.6220302263118601
1,898,fixed-general,0.2,0.5,0.7379954215781759
1,898,fixed-specific,0.4,1.0,0.8510488233360479
1,898,learned,0.2,1.0,0.7797200684245388
1,898,popularity,0.8,1.0,0.9513105500524313
1,898,random,0.6,0.3333333333333333,0.8156178433306188
1,899,fixed-general,0.6,1.0,0.675518708078784
1,899,fixed-specific,0.4,0.3333333333333333,0.576477565022443
1,899,learned,0.6,1.0,0.6556544901669823
1,899,popularity,0.4,0.5,0.633958623746155
1,899,random,0.4,1.0,0.5213689973170107
1,900,fixed-general,0.4,1.0,0.6757324834213935
1,900,fixed-specific,0.6,1.0,0.7658105754141383
1,900,learned,0.4,1.0,0.7150253203763639
1,900,popularity,0.6,0.3333333333333333,0.7327751229568087
1,900,random,0.0,0.0,0.4187968092974775
1,901,fixed-general,0.6,1.0,0.7251764723327996
1,901,fixed-specific,0.6,1.0,0.6869467424496601
1,901,learned,0.6,1.0,0.7251764723327996
1,901,popularity,0.6,1.0,0.7119421443969476
1,901,random,0.6,0.5,0.6534151094107434
1,902,fixed-general,1.0,1.0,0.8882866175020359
1,902,fixed-specific,1.0,1.0,0.9137021644382827
1,902,learned,1.0,1.0,0.9306816431612379
1,902,popularity,1.0,1.0,0.9306816431612379
1,902,random,1.0,1.0,0.7865170874606766
1,903,fixed-general,0.8,1.0,0.915209948681596
1,903,fixed-specific,1.0,1.0,0.9306816431612379
1,903,learned,0.8,1.0,0.915209948681596
1,903,popularity,0.8,1.0,0.8734692588950149
1,903,random,0.4,0.5,0.5767040792806007
1,904,fixed-general,0.8,1.0,0.8476442348866765
1,904,fixed-specific,0.8,1.0,0.8198438160145101
1,904,learned,0.8,1.0,0.8476442348866765
1,904,popularity,0.8,1.0,0.9607071630450296
1,904,random,0.6,1.0,0.7658105754141383
1,905,fixed-general,1.0,1.0,0.9210878868801213
1,905,fixed-specific,1.0,1.0,0.9671987306219145
1,905,learned,1.0,1.0,1.0
1,905,popularity,1.0,1.0,0.946503433816368
1,905,random,1.0,1.0,0.8289121131198786
1,906,fixed-general,0.4,0.25,0.6820269858428326
1,906,fixed-specific,0.4,1.0,0.7185593083648736
1,906,learned,0.2,0.25,0.6039909606759858
1,906,popularity,0.6,1.0,0.8318243739317357
1,906,random,0.4,0.25,0.4500104429424637
1,907,fixed-general,0.8,1.0,0.7603082961186196
1,907,fixed-specific,0.6,1.0,0.7028272373949077
1,907,learned,0.8,1.0,0.7603082961186196
1,907,popularity,0.6,1.0,0.7666240306576183
1,907,random,0.6,1.0,0.6596470671237703
1,908,fixed-general,0.8,1.0,0.7483798986843249
1,908,fixed-specific,0.8,1.0,0.7995452228690382
1,908,learned,0.6,1.0,0.7131355488906943
1,908,popularity,0.8,1.0,0.8530337046359621
1,908,random,0.8,1.0,0.8098535343648248
1,909,fixed-general,0.4,0.25,0.46555024591361727
1,909,fixed-specific,0.6,1.0,0.7323557406523175
1,909,learned,0.4,0.3333333333333333,0.48853508207922547
1,909,popularity,0.6,1.0,0.873219087682837
1,909,random,0.4,1.0,0.6307852305767685
1,910,fixed-general,0.6,0.5,0.6857643022881653
1,910,fixed-specific,0.4,1.0,0.6816328606037597
1,910,learned,0.6,0.5,0.6858159902483788
1,910,popularity,0.0,0.0,0.34828229795035526
1,910,random,0.4,0.5,0.6505869498483636
1,911,fixed-general,0.6,0.3333333333333333,0.43573049644577433
1,911,fixed-specific,0.2,0.25,0.4670467628217516
1,911,learned,0.4,0.3333333333333333,0.3679031341063014
1,911,popularity,0.4,1.0,0.6522970668649701
1,911,random,0.2,0.25,0.5207986757371972
1,912,fixed-general,0.6,1.0,0.907575524214984
1,912,fixed-specific,0.8,1.0,0.9562649741625527
1,912,learned,0.6,1.0,0.907575524214984
1,912,popularity,0.8,1.0,0.9562649741625527
1,912,random,0.8,1.0,0.9434732991210639
1,913,fixed-general,0.4,1.0,0.5733061682940729
1,913,fixed-specific,0.8,1.0,0.7875898223183535
1,913,learned,0.4,1.0,0.5733061682940729
1,913,popularity,1.0,1.0,0.8131907771993677
1,913,random,0.8,1.0,0.6648135975315839
1,914,fixed-general,0.6,1.0,0.7300435450772976
1,914,fixed-specific,0.6,0.5,0.6538559856223839
1,914,learned,0.6,1.0,0.7262017099249687
1,914,popularity,0.8,1.0,0.8944171213384616
1,914,random,1.0,1.0,0.8307460925501616
1,915,fixed-general,0.8,1.0,0.8201618458606114
1,915,fixed-specific,0.4,0.3333333333333333,0.345474086698341
1,915,learned,0.4,1.0,0.46745501032846587
1,915,popularity,0.8,1.0,0.7353722578207758
1,915,random,0.6,0.5,0.45007855921390916
1,916,fixed-general,0.8,1.0,0.934397461243829
1,916,fixed-specific,1.0,1.0,0.9576049743407979
1,916,learned,1.0,1.0,1.0
1,916,popularity,0.8,1.0,0.8809008950601972
1,916,random,0.6,0.5,0.4977919661607221
1,917,fixed-general,0.4,0.5,0.6736314697678727
1,917,fixed-specific,0.4,1.0,0.7438222935184587
1,917,learned,0.4,0.5,0.6736314697678727
1,917,popularity,0.8,1.0,0.9562649741625527
1,917,random,0.4,1.0,0.7586243475510318
1,918,fixed-general,0.2,1.0,0.6463679862263728
1,918,fixed-specific,0.4,0.3333333333333333,0.5861894971317971
1,918,learned,0.6,1.0,0.8525470355340605
1,918,popularity,0.4,1.0,0.8872618854700022
1,918,random,0.0,0.0,0.4870394630017363
1,919,fixed-general,0.4,0.5,0.7458326725095431
1,919,fixed-specific,0.4,0.3333333333333333,0.5825462367136688
1,919,learned,0.6,0.3333333333333333,0.7025644415727468
1,919,popularity,0.6,1.0,0.8312923451933533
1,919,random,0.2,0.2,0.48516733681853114
1,920,fixed-general,1.0,1.0,0.8984294899244509
1,920,fixed-specific,0.8,1.0,0.8198438160145101
1,920,learned,1.0,1.0,0.8984294899244509
1,920,popularity,0.8,1.0,0.8476442348866765
1,920,random,0.4,0.5,0.7067808878561571
1,921,fixed-general,0.2,0.2,0.3323365552021184
1,921,fixed-specific,0.4,0.3333333333333333,0.4697922357165342
1,921,learned,0.2,0.2,0.3323365552021184
1,921,popularity,0.2,0.5,0.46685563803320546
1,921,random,0.0,0.0,0.24267507888483242
1,924,fixed-general,0.6,0.5,0.830419897363192
1,924,fixed-specific,0.4,1.0,0.7718828174931716
1,924,learned,0.6,0.5,0.830419897363192
1,924,popularity,0.4,0.25,0.7590911424516829
1,924,random,0.6,1.0,0.8849362192510436
1,925,fixed-general,0.6,1.0,0.7994765465672335
1,925,fixed-specific,1.0,1.0,1.0
1,925,learned,0.8,1.0,0.8869465982421281
1,925,popularity,1.0,1.0,1.0
1,925,random,0.2,0.5,0.5890442449142238
1,926,fixed-general,0.8,1.0,0.8322778350269815
1,926,fixed-specific,0.8,1.0,0.830419897363192
1,926,learned,0.8,1.0,0.8322778350269815
1,926,popularity,0.6,1.0,0.6268349808021179
1,926,random,0.6,1.0,0.5799165451679877
1,927,fixed-general,0.8,0.5,0.7515077842433132
1,927,fixed-specific,0.4,0.3333333333333333,0.6138755026138983
1,927,learned,0.8,1.0,0.8236885107939742
1,927,popularity,0.8,1.0,0.8824086793035105
1,927,random,0.6,0.5,0.5608822886254706
1,928,fixed-general,0.8,1.0,0.8343456330323578
1,928,fixed-specific,0.8,1.0,0.8343456330323578
1,928,learned,0.8,1.0,0.8343456330323578
1,928,popularity,0.8,1.0,0.8939782891983252
1,928,random,0.6,1.0,0.7531149421678056
1,929,fixed-general,1.0,1.0,0.9306816431612379
1,929,fixed-specific,0.8,1.0,0.8193183568387621
1,929,learned,1.0,1.0,0.9306816431612379
1,929,popularity,0.6,1.0,0.6488848058312616
1,929,random,0.8,0.5,0.7187065148652279
1,930,fixed-general,0.4,1.0,0.7487187417657386
1,930,fixed-specific,0.6,1.0,0.8198438160145101
1,930,learned,0.4,1.0,0.8224338326450624
1,930,popularity,1.0,1.0,0.8984294899244509
1,930,random,0.6,1.0,0.7309689391852939
1,931,fixed-general,1.0,1.0,0.7499999999999999
1,931,fixed-specific,1.0,1.0,0.7865170874606766
1,931,learned,1.0,1.0,0.7499999999999999
1,931,popularity,0.4,1.0,0.6637021644382827
1,931,random,0.8,1.0,0.7728574169214807
1,932,fixed-general,0.8,1.0,0.8335217812928342
1,932,fixed-specific,0.8,1.0,0.8551223685179244
1,932,learned,0.8,1.0,0.8401389452607603
1,932,popularity,0.8,1.0,0.8485052045499984
1,932,random,0.4,0.5,0.6123055320050104
1,934,fixed-general,0.2,1.0,0.6971721439414879
1,934,fixed-specific,0.0,0.0,0.6481448194187827
1,934,learned,0.0,0.0,0.6481448194187827
1,934,popularity,0.2,1.0,0.7503754487182832
1,934,random,0.2,0.3333333333333333,0.4731241007717906
1,935,fixed-general,0.6,1.0,0.5656699688161335
1,935,fixed-specific,0.4,1.0,0.44980600505617824
1,935,learned,0.6,1.0,0.571747249536659
1,935,popularity,0.6,1.0,0.7667605653630176
1,935,random,0.2,0.3333333333333333,0.20316758861957482
1,936,fixed-general,0.6,1.0,0.6995870655178911
1,936,fixed-specific,0.4,1.0,0.6335824519606033
1,936,learned,0.6,1.0,0.6995870655178911
1,936,popularity,0.2,0.2,0.42389860676310875
1,936,random,0.4,1.0,0.5196995779424333
1,937,fixed-general,0.8,1.0,0.8869465982421281
1,937,fixed-specific,0.6,1.0,0.759963590281844
1,937,learned,0.6,1.0,0.7994765465672335
1,937,popularity,1.0,1.0,1.0
1,937,random,0.2,0.3333333333333333,0.3750579801796962
1,938,fixed-general,0.0,0.0,0.44648765815317604
1,938,fixed-specific,0.0,0.0,0.363940146018015
1,938,learned,0.0,0.0,0.44648765815317604
1,938,popularity,0.2,0.3333333333333333,0.6884532714026054
1,938,random,0.0,0.0,0.5
1,939,fixed-general,0.6,0.3333333333333333,0.6862031913601224
1,939,fixed-specific,0.8,1.0,0.8172485123330775
1,939,learned,0.6,0.5,0.687447105513079
1,939,popularity,0.6,0.5,0.7329997668024961
1,939,random,0.4,1.0,0.6164175634165637
1,940,fixed-general,0.2,1.0,0.6070868152741739
1,940,fixed-specific,0.2,0.5,0.551691355617389
1,940,learned,0.4,0.3333333333333333,0.5345981455086309
1,940,popularity,0.4,1.0,0.8744927315107577
1,940,random,0.2,0.5,0.6669006102835531
1,941,fixed-general,0.8,1.0,0.8474210417406659
1,941,fixed-specific,0.8,1.0,0.8367365584593274
1,941,learned,0.8,1.0,0.8554061956542419
1,941,popularity,1.0,1.0,0.8969662799868708
1,941,random,0.6,1.0,0.7273871039071997
1,942,fixed-general,1.0,1.0,0.8866579684910842
1,942,fixed-specific,0.8,1.0,0.82647758039961
1,942,learned,1.0,1.0,0.9025789428821672
1,942,popularity,1.0,1.0,0.8450978841584552
1,942,random,1.0,1.0,0.8411053072016672
1,943,fixed-general,0.8,1.0,0.8577293532364525
1,943,fixed-specific,0.8,1.0,0.7001279080271453
1,943,learned,1.0,1.0,0.8969662799868708
1,943,popularity,0.6,1.0,0.7210713693682012
1,943,random,0.6,0.5,0.6442669352419417
1,944,fixed-general,0.4,0.5,0.6736314697678727
1,944,fixed-specific,0.2,0.25,0.5585676890189162
1,944,learned,0.4,0.5,0.6736314697678727
1,944,popularity,0.2,0.5,0.7379954215781759
1,944,random,0.0,0.0,0.5953379117551575
1,945,fixed-general,0.6,1.0,0.7924122038871013
1,945,fixed-specific,0.8,1.0,0.8551223685179244
1,945,learned,0.6,1.0,0.7924122038871013
1,945,popularity,0.6,1.0,0.682763612805041
1,945,random,0.6,1.0,0.7227424380094927
1,946,fixed-general,0.6,1.0,0.7546956332233233
1,946,fixed-specific,0.6,0.5,0.6692029735397855
1,946,learned,0.4,0.5,0.6731955504965735
1,946,popularity,0.6,1.0,0.8554061956542419
1,946,random,0.8,1.0,0.7666240306576183
1,947,fixed-general,0.2,0.2,0.5366753201623888
1,947,fixed-specific,0.4,0.3333333333333333,0.6015430099135197
1,947,learned,0.4,0.25,0.5804193578434851
1,947,popularity,0.2,0.3333333333333333,0.5463615544736781
1,947,random,0.0,0.0,0.39581197313186933
1,948,fixed-general,1.0,1.0,1.0
1,948,fixed-specific,1.0,1.0,0.9634829125393233
1,948,learned,1.0,1.0,1.0
1,948,popularity,1.0,1.0,0.946503433816368
1,948,random,1.0,1.0,0.861713382497964
1,949,fixed-general,0.4,1.0,0.709843344106026
1,949,fixed-specific,0.6,1.0,0.6736467465413745
1,949,learned,0.4,1.0,0.6774885816937034
1,949,popularity,0.8,1.0,0.8570235742419587
1,949,random,0.4,1.0,0.6007805995177213
1,950,fixed-general,0.6,1.0,0.8997382732836168
1,950,fixed-specific,0.8,1.0,0.9513105500524313
1,950,learned,0.6,1.0,0.907575524214984
1,950,popularity,0.8,1.0,0.9562649741625527
1,950,random,0.6,1.0,0.7866848715257447
1,951,fixed-general,0.6,1.0,0.7871714233332975
1,951,fixed-specific,0.8,1.0,0.8734692588950149
1,951,learned,0.6,1.0,0.7871714233332975
1,951,popularity,0.8,1.0,0.8019887819403185
1,951,random,1.0,1.0,0.8824086793035105
1,952,fixed-general,0.4,0.5,0.5531616126631075
1,952,fixed-specific,0.2,1.0,0.5356205523335162
1,952,learned,0.6,0.3333333333333333,0.6014136033202868
1,952,popularity,0.4,0.3333333333333333,0.5958009404249905
1,952,random,0.4,1.0,0.5419362868725148
1,953,fixed-general,0.6,1.0,0.8560032474461695
1,953,fixed-specific,0.8,1.0,0.8573424901769817
1,953,learned,0.6,1.0,0.8560032474461695
1,953,popularity,0.6,1.0,0.8721445442095549
1,953,random,0.4,0.3333333333333333,0.6955996384715408
1,954,fixed-general,0.6,1.0,0.6965034338163681
1,954,fixed-specific,0.4,1.0,0.6113632863224758
1,954,learned,0.4,1.0,0.6197993545357674
1,954,popularity,0.6,1.0,0.780289053086663
1,954,random,0.4,1.0,0.4836748571496656
1,955,fixed-general,0.8,1.0,0.8241050893813303
1,955,fixed-specific,0.8,1.0,0.8280976663381182
1,955,learned,0.8,1.0,0.8241050893813303
1,955,popularity,0.4,0.25,0.6862031913601224
1,955,random,0.2,0.3333333333333333,0.5827932995614417
1,956,fixed-general,0.8,1.0,0.8253453386404189
1,956,fixed-specific,0.8,1.0,0.8592590198101554
1,956,learned,0.8,1.0,0.8253453386404189
1,956,popularity,0.8,1.0,0.8269042573978328
1,956,random,0.4,1.0,0.5000780520448572
1,957,fixed-general,0.4,1.0,0.8135864315168695
1,957,fixed-specific,0.4,0.5,0.6807866527555055
1,957,learned,0.4,1.0,0.8135864315168695
1,957,popularity,0.6,1.0,0.7601561595244838
1,957,random,0.6,1.0,0.7327751229568087
1,958,fixed-general,0.8,1.0,0.928671245088491
1,958,fixed-specific,1.0,1.0,1.0
1,958,learned,0.8,1.0,0.9434732991210639
1,958,popularity,1.0,1.0,1.0
1,958,random,0.6,0.5,0.7895676983469904
1,959,fixed-general,1.0,1.0,0.8786928612209193
1,959,fixed-specific,1.0,1.0,0.8362978355617173
1,959,learned,1.0,1.0,0.915209948681596
1,959,popularity,1.0,1.0,0.9306816431612379
1,959,random,0.6,1.0,0.6563164419964439
1,960,fixed-general,0.6,1.0,0.9154469811517951
1,960,fixed-specific,0.6,1.0,0.9154469811517951
1,960,learned,0.6,1.0,0.9154469811517951
1,960,popularity,0.2,0.5,0.7113267139801965
1,960,random,0.2,0.25,0.3109091669887405
1,961,fixed-general,0.8,1.0,0.7702617761402644
1,961,fixed-specific,0.8,1.0,0.8198438160145101
1,961,learned,0.8,1.0,0.7702617761402644
1,961,popularity,0.4,0.5,0.5062298843356113
1,961,random,0.2,0.5,0.3883513734707
1,962,fixed-general,0.8,0.5,0.6534151094107434
1,962,fixed-specific,0.4,1.0,0.6524543290118533
1,962,learned,0.6,0.5,0.6164886616496296
1,962,popularity,0.6,1.0,0.8132761641499832
1,962,random,0.2,0.2,0.2598401044100362
1,963,fixed-general,0.4,0.25,0.5542408560923615
1,963,fixed-specific,0.4,1.0,0.76500394471911
1,963,learned,0.4,0.25,0.59347778284278
1,963,popularity,0.2,0.25,0.6157144917728614
1,963,random,0.4,1.0,0.7154587064729049
1,964,fixed-general,0.6,1.0,0.7812694729956967
1,964,fixed-specific,0.4,1.0,0.6441397576828286
1,964,learned,0.6,1.0,0.7878866369636229
1,964,popularity,0.6,1.0,0.7882807622026957
1,964,random,0.6,1.0,0.6642154030232885
1,965,fixed-general,1.0,1.0,0.8786928612209193
1,965,fixed-specific,0.8,0.5,0.7976186279851065
1,965,learned,0.8,1.0,0.8734692588950149
1,965,popularity,1.0,1.0,0.9099863463556914
1,965,random,0.6,1.0,0.7706952968055464
1,966,fixed-general,0.2,1.0,0.5891090341004402
1,966,fixed-specific,0.0,0.0,0.4461353156931903
1,966,learned,0.2,0.5,0.5491690357063194
1,966,popularity,0.8,1.0,0.8280976663381182
1,966,random,0.4,1.0,0.6988346604381197
1,967,fixed-general,0.8,0.5,0.7593723266654464
1,967,fixed-specific,0.6,1.0,0.7031685203131276
1,967,learned,0.8,0.5,0.7593723266654464
1,967,popularity,0.6,1.0,0.6686912660647153
1,967,random,0.4,0.5,0.3839001727445741
1,968,fixed-general,0.4,0.3333333333333333,0.5462005526519901
1,968,fixed-specific,0.2,1.0,0.45566682651149965
1,968,learned,0.4,0.3333333333333333,0.5587499415858472
1,968,popularity,0.8,1.0,0.9505758512652425
1,968,random,0.8,1.0,0.8181442327965972
1,969,fixed-general,0.8,1.0,0.7404062437188833
1,969,fixed-specific,0.6,1.0,0.6806816431612379
1,969,learned,0.8,1.0,0.7293047031944536
1,969,popularity,1.0,1.0,0.8786928612209193
1,969,random,0.8,0.5,0.77692333117956
1,970,fixed-general,0.8,1.0,0.7965953335317203
1,970,fixed-specific,1.0,1.0,0.8854316523111123
1,970,learned,0.8,1.0,0.8032124974996465
1,970,popularity,0.6,1.0,0.8617395324858506
1,970,random,0.6,1.0,0.7554857561259873
1,971,fixed-general,0.4,1.0,0.3855752314675539
1,971,fixed-specific,0.6,1.0,0.5609282023488142
1,971,learned,0.4,1.0,0.36392141633724195
1,971,popularity,0.6,1.0,0.6606406822283124
1,971,random,0.4,0.5,0.2876747755285017
1,972,fixed-general,0.6,1.0,0.907575524214984
1,972,fixed-specific,0.6,1.0,0.8156178433306188
1,972,learned,0.6,1.0,0.907575524214984
1,972,popularity,1.0,1.0,1.0
1,972,random,0.8,0.5,0.773893196484256
1,973,fixed-general,0.6,1.0,0.8799817951409221
1,973,fixed-specific,0.6,1.0,0.7974049492783576
1,973,learned,0.4,1.0,0.7487767176285802
1,973,popularity,0.8,1.0,0.8869465982421281
1,973,random,0.8,0.5,0.8869465982421281
1,974,fixed-general,0.8,1.0,0.8747295710567895
1,974,fixed-specific,0.4,1.0,0.7523724756411128
1,974,learned,0.8,1.0,0.8747295710567895
1,974,popularity,0.6,1.0,0.744011149941985
1,974,random,0.0,0.0,0.22306765784659516
1,975,fixed-general,0.4,1.0,0.7060616073912299
1,975,fixed-specific,0.4,0.5,0.6164886616496296
1,975,learned,0.4,1.0,0.6994444434233038
1,975,popularity,0.6,0.5,0.7119421443969476
1,975,random,0.8,1.0,0.7965953335317203
1,976,fixed-general,0.4,0.3333333333333333,0.5901055921547744
1,976,fixed-specific,0.4,0.5,0.6515444320922567
1,976,learned,0.4,0.3333333333333333,0.5901055921547744
1,976,popularity,0.4,1.0,0.8661778703261588
1,976,random,0.0,0.0,0.4028531904885475
1,977,fixed-general,0.4,1.0,0.7948979261706218
1,977,fixed-specific,0.6,1.0,0.8610029055236421
1,977,learned,0.4,1.0,0.8140127911121916
1,977,popularity,0.4,0.3333333333333333,0.5270856877104203
1,977,random,0.0,0.0,0.37197441777561696
1,978,fixed-general,0.6,0.3333333333333333,0.7255705975718725
1,978,fixed-specific,0.4,0.3333333333333333,0.6559008316942638
1,978,learned,0.6,0.3333333333333333,0.7255705975718725
1,978,popularity,0.8,1.0,0.8687508216928496
1,978,random,0.4,0.5,0.5168520492576925
1,979,fixed-general,1.0,1.0,0.861713382497964
1,979,fixed-specific,1.0,1.0,0.8289121131198786
1,979,learned,1.0,1.0,0.861713382497964
1,979,popularity,1.0,1.0,1.0
1,979,random,0.8,0.5,0.7441220618014746
1,980,fixed-general,0.8,1.0,0.8343456330323578
1,980,fixed-specific,1.0,1.0,0.9377223268794214
1,980,learned,1.0,1.0,0.9377223268794214
1,980,popularity,1.0,1.0,0.9625133468165444
1,980,random,0.8,0.5,0.593717959697804
1,981,fixed-general,0.8,1.0,0.7848681626309117
1,981,fixed-specific,1.0,1.0,0.8633420161317488
1,981,learned,0.6,1.0,0.7143794630436509
1,981,popularity,1.0,1.0,0.8633420161317488
1,981,random,0.8,0.5,0.6588946620439988
1,982,fixed-general,0.2,1.0,0.6497382483207419
1,982,fixed-specific,0.4,1.0,0.6319884457402971
1,982,learned,0.2,1.0,0.6104454113657715
1,982,popularity,0.8,1.0,0.8913882725677729
1,982,random,0.4,0.3333333333333333,0.4359436432699361
1,983,fixed-general,0.8,1.0,0.8198438160145101
1,983,fixed-specific,0.6,1.0,0.7194765211024898
1,983,learned,0.8,1.0,0.8198438160145101
1,983,popularity,0.6,0.5,0.7531149421678056
1,983,random,0.6,1.0,0.7557599591224168
1,984,fixed-general,0.4,1.0,0.7297595949254795
1,984,fixed-specific,0.6,1.0,0.7899399830169539
1,984,learned,0.4,1.0,0.7040711515478641
1,984,popularity,0.4,1.0,0.6061092519207771
1,984,random,0.6,0.3333333333333333,0.5479251215533628
1,985,fixed-general,0.2,0.3333333333333333,0.6497382483207419
1,985,fixed-specific,0.6,1.0,0.7632205587835861
1,985,learned,0.4,0.5,0.7067808878561571
1,985,popularity,0.8,1.0,0.878089670713454
1,985,random,0.4,1.0,0.6682718837602242
1,986,fixed-general,0.4,0.25,0.6819898679190342
1,986,fixed-specific,0.2,0.25,0.6426970309640637
1,986,learned,0.4,0.25,0.6819898679190342
1,986,popularity,0.6,1.0,0.8039001972055801
1,986,random,0.6,1.0,0.7194765211024898
1,987,fixed-general,0.6,0.5,0.7314511345775901
1,987,fixed-specific,0.6,0.5,0.7554857561259873
1,987,learned,0.4,0.5,0.6405232831980268
1,987,popularity,1.0,1.0,0.904546517252682
1,987,random,0.4,1.0,0.7787837507121763
1,988,fixed-general,0.8,1.0,0.8210470311780389
1,988,fixed-specific,0.8,1.0,0.9214143260900591
1,988,learned,0.8,1.0,0.8210470311780389
1,988,popularity,0.6,1.0,0.7557599591224168
1,988,random,0.4,1.0,0.6319884457402971
1,989,fixed-general,0.6,0.5,0.8382571482945591
1,989,fixed-specific,0.6,0.5,0.7994765465672335
1,989,learned,0.6,0.5,0.7994765465672335
1,989,popularity,0.2,1.0,0.7797200684245388
1,989,random,0.4,0.5,0.6327792707516711
1,990,fixed-general,1.0,1.0,1.0
1,990,fixed-specific,1.0,1.0,1.0
1,990,learned,1.0,1.0,1.0
1,990,popularity,0.8,1.0,0.9026211001048624
1,990,random,0.2,0.3333333333333333,0.5388112108762215
1,991,fixed-general,1.0,1.0,0.946503433816368
1,991,fixed-specific,0.6,1.0,0.6164336326286644
1,991,learned,0.8,1.0,0.7840048711692542
1,991,popularity,0.6,1.0,0.765471694479642
1,991,random,0.4,0.5,0.5497807481010407
1,992,fixed-general,0.6,1.0,0.5878651199474837
1,992,fixed-specific,0.4,1.0,0.6505826697809401
1,992,learned,0.4,1.0,0.5601804188458084
1,992,popularity,0.6,1.0,0.7496238128372813
1,992,random,0.4,0.25,0.3042408407151945
1,993,fixed-general,0.8,1.0,0.7955526459122501
1,993,fixed-specific,0.6,0.5,0.5717819164219526
1,993,learned,0.6,1.0,0.7250639463249892
1,993,popularity,0.8,1.0,0.8411053072016672
1,993,random,0.6,1.0,0.7762292705097026
1,994,fixed-general,1.0,1.0,0.8400136536443085
1,994,fixed-specific,0.8,1.0,0.8072123842662231
1,994,learned,1.0,1.0,0.8400136536443085
1,994,popularity,1.0,1.0,0.9248037049627126
1,994,random,0.8,1.0,0.780289053086663
1,995,fixed-general,0.2,1.0,0.674503917598034
1,995,fixed-specific,0.0,0.0,0.4187930060171435
1,995,learned,0.2,0.5,0.5840898208041022
1,995,popularity,0.6,1.0,0.907575524214984
1,995,random,0.2,0.2,0.4286406359395951
1,996,fixed-general,0.4,0.5,0.5645787906313514
1,996,fixed-specific,0.4,0.5,0.6164886616496296
1,996,learned,0.4,0.5,0.5778131185672036
1,996,popularity,1.0,1.0,0.8443220749053792
1,996,random,0.2,0.2,0.31418400975162125
1,997,fixed-general,0.6,1.0,0.8008157892980458
1,997,fixed-specific,0.6,1.0,0.8460943992259263
1,997,learned,0.4,1.0,0.7133457376231512
1,997,popularity,0.8,1.0,0.9513105500524313
1,997,random,0.4,0.3333333333333333,0.5825462367136688
1,998,fixed-general,0.4,1.0,0.6022935533148873
1,998,fixed-specific,0.6,1.0,0.6990503181842309
1,998,learned,0.6,1.0,0.7530517218026804
1,998,popularity,0.6,1.0,0.7454737774358643
1,998,random,0.6,0.5,0.7161252740415666
2,700,fixed-general,1.0,1.0,0.8969662799868708
2,700,fixed-specific,0.6,1.0,0.8042408714695285
2,700,learned,0.8,1.0,0.8617219301932404
2,700,popularity,0.8,0.5,0.7147556348292026
2,700,random,0.6,0.3333333333333333,0.6572745761054906
2,701,fixed-general,0.8,1.0,0.7666240306576183
2,701,fixed-specific,0.8,1.0,0.8554061956542419
2,701,learned,1.0,1.0,0.8450978841584552
2,701,popularity,0.4,1.0,0.6802143566792744
2,701,random,0.4,0.5,0.5531616126631075
2,702,fixed-general,0.2,0.5,0.6231058256175556
2,702,fixed-specific,0.0,0.0,0.52177180586452
2,702,learned,0.2,0.3333333333333333,0.6106081246439119
2,702,popularity,0.2,0.25,0.6039909606759858
2,702,random,0.4,1.0,0.6458371650439272
2,703,fixed-general,0.4,0.3333333333333333,0.37806217055142455
2,703,fixed-specific,0.2,1.0,0.4633246798376113
2,703,learned,0.2,0.3333333333333333,0.2994764966414837
2,703,popularity,0.6,1.0,0.8198438160145101
2,703,random,0.0,0.0,0.19609980279441988
2,704,fixed-general,0.8,1.0,0.8032124974996465
2,704,fixed-specific,0.6,1.0,0.8306936217304544
2,704,learned,0.8,1.0,0.8634369398469492
2,704,popularity,0.6,1.0,0.8509392388733055
2,704,random,0.8,1.0,0.7579197904492945
2,705,fixed-general,0.6,1.0,0.8432115724046808
2,705,fixed-specific,0.6,1.0,0.8997382732836168
2,705,learned,0.8,1.0,0.8869465982421281
2,705,popularity,1.0,1.0,1.0
2,705,random,0.4,1.0,0.787557319355906
2,706,fixed-general,0.4,0.5,0.6493881580264658
2,706,fixed-specific,0.8,0.5,0.7611015405244298
2,706,learned,0.6,0.5,0.7149906967826367
2,706,popularity,1.0,1.0,0.9099863463556914
2,706,random,0.6,1.0,0.7595937562811165
2,707,fixed-general,0.0,0.0,0.7169271010751505
2,707,fixed-specific,0.0,0.0,0.5176669670066176
2,707,learned,0.0,0.0,0.7169271010751505
2,707,popularity,0.2,1.0,0.7659544255978556
2,707,random,0.0,0.0,0.5186921112829956
2,708,fixed-general,1.0,1.0,0.908492570762489
2,708,fixed-specific,0.8,1.0,0.7255251831141858
2,708,learned,1.0,1.0,0.8646597737198981
2,708,popularity,1.0,1.0,0.7754352608773023
2,708,random,1.0,1.0,0.8631008549624842
2,709,fixed-general,0.2,0.25,0.6154503665158385
2,709,fixed-specific,0.2,0.3333333333333333,0.672274592591594
2,709,learned,0.2,0.25,0.6154503665158385
2,709,popularity,0.4,1.0,0.8754336154496247
2,709,random,0.0,0.0,0.5477082080412188
2,710,fixed-general,0.0,0.0,0.045552661289417096
2,710,fixed-specific,0.0,0.0,0.0
2,710,learned,0.0,0.0,0.045552661289417096
2,710,popularity,0.6,1.0,0.70353030903861
2,710,random,0.0,0.0,0.0
2,711,fixed-general,0.0,0.0,0.3481353873659065
2,711,fixed-specific,0.0,0.0,0.2620045784218241
2,711,learned,0.0,0.0,0.3481353873659065
2,711,popularity,0.4,1.0,0.6724935386069495
2,711,random,0.6,0.5,0.5634608948312463
2,712,fixed-general,0.8,1.0,0.849607409925425
2,712,fixed-specific,1.0,1.0,0.9041084081571661
2,712,learned,0.8,1.0,0.8734692588950149
2,712,popularity,1.0,1.0,0.861713382497964
2,712,random,1.0,1.0,0.9576049743407979
2,713,fixed-general,0.2,1.0,0.6267258749123504
2,713,fixed-specific,0.6,1.0,0.675518708078784
2,713,learned,0.4,1.0,0.6972145744996113
2,713,popularity,0.6,1.0,0.6835038619923601
2,713,random,0.6,0.5,0.46604886704106124
2,714,fixed-general,0.2,0.3333333333333333,0.4138206221435583
2,714,fixed-specific,0.4,1.0,0.7662860497385326
2,714,learned,0.2,0.2,0.39640316456308705
2,714,popularity,0.8,1.0,0.8920488162790383
2,714,random,0.4,0.5,0.5234692132256186
2,715,fixed-general,0.6,1.0,0.7447763976740955
2,715,fixed-specific,0.4,0.3333333333333333,0.5640947545128575
2,715,learned,0.6,0.5,0.6859052454871424
2,715,popularity,1.0,1.0,0.9210878868801213
2,715,random,0.4,0.5,0.5089394204084956
2,716,fixed-general,0.0,0.0,0.6914896048515208
2,716,fixed-specific,0.4,0.5,0.8848223560982134
2,716,learned,0.0,0.0,0.6914896048515208
2,716,popularity,0.0,0.0,0.5237243539314906
2,716,random,0.2,1.0,0.6623842638987196
2,717,fixed-general,0.4,1.0,0.6164175634165637
2,717,fixed-specific,0.6,1.0,0.7825450050487012
2,717,learned,0.4,1.0,0.6413536017144076
2,717,popularity,0.2,0.3333333333333333,0.5891090341004402
2,717,random,0.6,1.0,0.7496238128372813
2,718,fixed-general,0.4,1.0,0.8284095183721076
2,718,fixed-specific,0.4,1.0,0.823455094261986
2,718,learned,0.2,1.0,0.7797200684245388
2,718,popularity,0.4,0.3333333333333333,0.6242708835600316
2,718,random,0.2,0.5,0.44009306825027167
2,719,fixed-general,0.4,1.0,0.7208633225695134
2,719,fixed-specific,0.2,0.25,0.539320337117
2,719,learned,0.4,0.5,0.6559956328183826
2,719,popularity,0.4,0.3333333333333333,0.6890310852757123
2,719,random,0.4,0.5,0.7067808878561571
2,720,fixed-general,0.8,0.5,0.7880248717039899
2,720,fixed-specific,0.6,0.5,0.692133279861156
2,720,learned,0.8,0.5,0.7880248717039899
2,720,popularity,0.8,1.0,0.8904487376179702
2,720,random,0.6,0.5,0.720868634981162
2,721,fixed-general,0.2,0.3333333333333333,0.6567794656774201
2,721,fixed-specific,0.2,0.5,0.6237440132200903
2,721,learned,0.2,0.25,0.6471482316901896
2,721,popularity,0.8,1.0,0.8546854522433548
2,721,random,0.0,0.0,0.5552089556018711
2,722,fixed-general,1.0,1.0,1.0
2,722,fixed-specific,0.6,1.0,0.6806816431612379
2,722,learned,1.0,1.0,0.946503433816368
2,722,popularity,1.0,1.0,0.9576049743407979
2,722,random,0.8,1.0,0.7436187096062703
2,723,fixed-general,0.6,1.0,0.7531149421678056
2,723,fixed-specific,1.0,1.0,0.9377223268794214
2,723,learned,0.8,1.0,0.7702617761402644
2,723,popularity,0.8,1.0,0.8546854522433548
2,723,random,1.0,1.0,0.8984294899244509
2,724,fixed-general,0.6,1.0,0.6665036441720231
2,724,fixed-specific,0.4,1.0,0.559477347202106
2,724,learned,0.6,1.0,0.6665036441720231
2,724,popularity,1.0,1.0,0.954447338710583
2,724,random,0.4,1.0,0.5487928639207676
2,725,fixed-general,0.2,1.0,0.7797200684245388
2,725,fixed-specific,0.0,0.0,0.5953379117551575
2,725,learned,0.4,0.5,0.7817304474156231
2,725,popularity,0.2,1.0,0.73103061847697
2,725,random,0.2,0.5,0.6249420198203038
2,726,fixed-general,0.8,1.0,0.9192029889169524
2,726,fixed-specific,0.8,0.5,0.6811313709740804
2,726,learned,0.8,1.0,0.883958639123322
2,726,popularity,0.8,1.0,0.9192029889169524
2,726,random,0.2,0.5,0.5036163744169022
2,727,fixed-general,0.0,0.0,0.6666666666666667
2,727,fixed-specific,0.2,0.2,0.710401692504114
2,727,learned,0.0,0.0,0.6666666666666667
2,727,popularity,0.8,1.0,0.9434732991210639
2,727,random,0.6,1.0,0.8312923451933533
2,728,fixed-general,0.4,0.5,0.5570151393733858
2,728,fixed-specific,0.6,0.3333333333333333,0.6312046128812596
2,728,learned,0.4,0.5,0.5570151393733858
2,728,popularity,0.6,1.0,0.8083513979317062
2,728,random,0.4,1.0,0.7279045399261915
2,729,fixed-general,0.8,1.0,0.7702617761402644
2,729,fixed-specific,0.6,1.0,0.7323557406523175
2,729,learned,0.8,1.0,0.7968589798489021
2,729,popularity,0.8,1.0,0.8913882725677729
2,729,random,0.4,0.5,0.5499739220167076
2,730,fixed-general,1.0,1.0,0.8450978841584552
2,730,fixed-specific,1.0,1.0,0.8803422339520858
2,730,learned,1.0,1.0,0.8411053072016672
2,730,popularity,1.0,1.0,0.9362032067372894
2,730,random,0.8,1.0,0.9032820145258695
2,731,fixed-general,0.6,0.5,0.6123055320050104
2,731,fixed-specific,1.0,1.0,0.8443220749053792
2,731,learned,0.8,1.0,0.723873190210774
2,731,popularity,1.0,1.0,0.8443220749053792
2,731,random,0.4,0.25,0.6301171148245546
2,732,fixed-general,0.4,1.0,0.6119114067659376
2,732,fixed-specific,0.4,1.0,0.6500202946885463
2,732,learned,0.4,1.0,0.6471404471659529
2,732,popularity,0.4,1.0,0.6035968354369129
2,732,random,0.6,0.5,0.6314203969465803
2,733,fixed-general,0.4,1.0,0.5783449529782531
2,733,fixed-specific,1.0,1.0,0.8471044583691042
2,733,learned,0.8,1.0,0.6877696667921204
2,733,popularity,0.8,1.0,0.7415215797075658
2,733,random,0.8,0.5,0.6778505509192658
2,734,fixed-general,0.6,0.5,0.736992343759284
2,734,fixed-specific,0.8,0.5,0.7722366935529146
2,734,learned,0.8,0.5,0.7722366935529146
2,734,popularity,0.8,1.0,0.9192029889169524
2,734,random,0.4,0.5,0.5634699241588941
2,735,fixed-general,0.8,1.0,0.8869465982421281
2,735,fixed-specific,0.6,1.0,0.8151510484299679
2,735,learned,0.8,1.0,0.9125299483251055
2,735,popularity,0.8,1.0,0.9125299483251055
2,735,random,0.6,0.5,0.6765142965891183
2,736,fixed-general,0.8,1.0,0.8941645557005614
2,736,fixed-specific,0.8,1.0,0.934397461243829
2,736,learned,0.8,1.0,0.9269658250786468
2,736,popularity,0.8,1.0,0.7886792075766109
2,736,random,0.6,0.5,0.6397944017453492
2,737,fixed-general,0.6,1.0,0.8083513979317062
2,737,fixed-specific,0.8,1.0,0.8546854522433548
2,737,learned,0.6,1.0,0.8153926152883844
2,737,popularity,1.0,1.0,0.9625133468165444
2,737,random,0.6,1.0,0.8153926152883844
2,738,fixed-general,0.4,1.0,0.6774479627170711
2,738,fixed-specific,0.6,1.0,0.8460943992259263
2,738,learned,0.4,1.0,0.7070520707822173
2,738,popularity,0.8,1.0,0.9125299483251055
2,738,random,0.4,0.5,0.653408196724527
2,739,fixed-general,0.2,0.25,0.7153561166142355
2,739,fixed-specific,0.4,0.3333333333333333,0.7182389434354812
2,739,learned,0.2,0.25,0.7153561166142355
2,739,popularity,0.4,1.0,0.823455094261986
2,739,random,0.6,1.0,0.8588860742674151
2,740,fixed-general,0.4,1.0,0.8362467693034749
2,740,fixed-specific,0.2,1.0,0.7797200684245388
2,740,learned,0.4,1.0,0.8362467693034749
2,740,popularity,0.2,0.5,0.7379954215781759
2,740,random,0.2,0.5,0.7379954215781759
2,741,fixed-general,0.6,1.0,0.6666494373465955
2,741,fixed-specific,0.6,1.0,0.778217095552359
2,741,learned,0.8,1.0,0.7990293678550273
2,741,popularity,0.8,1.0,0.9028491098915834
2,741,random,0.4,0.5,0.5164579240186197
2,742,fixed-general,0.2,0.2,0.30774998325035585
2,742,fixed-specific,0.2,0.25,0.317658831470599
2,742,learned,0.2,0.2,0.30774998325035585
2,742,popularity,0.4,0.3333333333333333,0.4287018542373866
2,742,random,0.2,0.2,0.2929479292177827
2,743,fixed-general,0.6,0.3333333333333333,0.674948650562356
2,743,fixed-specific,0.2,0.2,0.3577223513404275
2,743,learned,0.4,0.3333333333333333,0.5963629766524151
2,743,popularity,0.4,1.0,0.8091352307907436
2,743,random,0.0,0.0,0.20314102015109803
2,744,fixed-general,0.4,1.0,0.7398163403134869
2,744,fixed-specific,0.4,1.0,0.5852350091241574
2,744,learned,0.4,1.0,0.6771192848884171
2,744,popularity,0.4,1.0,0.6987173195870016
2,744,random,0.2,0.5,0.5614663400995117
2,745,fixed-general,0.6,1.0,0.7120563054614403
2,745,fixed-specific,0.8,0.5,0.7147556348292026
2,745,learned,0.6,0.5,0.7107630578724144
2,745,popularity,0.8,1.0,0.7912332306059795
2,745,random,0.4,0.25,0.535996724119068
2,746,fixed-general,0.8,1.0,0.7076078985378293
2,746,fixed-specific,0.4,1.0,0.5444312718085166
2,746,learned,0.8,1.0,0.7216833479618567
2,746,popularity,0.8,1.0,0.8505843242958706
2,746,random,0.4,1.0,0.6430544778028985
2,747,fixed-general,0.4,1.0,0.6517177020496449
2,747,fixed-specific,0.4,1.0,0.6941305615774034
2,747,learned,0.4,1.0,0.6517177020496449
2,747,popularity,0.8,1.0,0.9028491098915834
2,747,random,0.4,0.3333333333333333,0.6475345724050258
2,748,fixed-general,0.8,1.0,0.8573424901769817
2,748,fixed-specific,0.8,1.0,0.928671245088491
2,748,learned,0.8,1.0,0.9026211001048624
2,748,popularity,1.0,1.0,1.0
2,748,random,0.4,0.5,0.6298964439304254
2,749,fixed-general,0.6,1.0,0.6390296630969753
2,749,fixed-specific,0.4,0.3333333333333333,0.5608633714915255
2,749,learned,0.6,1.0,0.6179060110269409
2,749,popularity,0.6,1.0,0.7690585609767358
2,749,random,0.8,1.0,0.9125119246378074
2,750,fixed-general,0.6,1.0,0.8947838491734952
2,750,fixed-specific,0.6,0.3333333333333333,0.7442890884191097
2,750,learned,0.8,1.0,0.928671245088491
2,750,popularity,0.8,1.0,0.9562649741625527
2,750,random,0.6,1.0,0.8799817951409221
2,751,fixed-general,0.8,1.0,0.8920024355846271
2,751,fixed-specific,1.0,1.0,0.915209948681596
2,751,learned,1.0,1.0,0.946503433816368
2,751,popularity,0.8,1.0,0.7537158180825911
2,751,random,0.2,1.0,0.44499564957305476
2,752,fixed-general,1.0,1.0,0.9576049743407979
2,752,fixed-specific,1.0,1.0,1.0
2,752,learned,1.0,1.0,0.9634829125393233
2,752,popularity,1.0,1.0,0.915209948681596
2,752,random,1.0,1.0,0.9634829125393233
2,753,fixed-general,0.2,0.5,0.49102210380308703
2,753,fixed-specific,0.2,0.2,0.3594900681498173
2,753,learned,0.2,0.5,0.4988630148317389
2,753,popularity,0.0,0.0,0.3334890042999637
2,753,random,0.0,0.0,0.2897335536412733
2,754,fixed-general,0.2,1.0,0.7005235033585164
2,754,fixed-specific,0.6,0.5,0.792407779122776
2,754,learned,0.2,1.0,0.7005235033585164
2,754,popularity,0.6,1.0,0.7906015953512613
2,754,random,0.6,1.0,0.7575661428939316
2,755,fixed-general,0.8,1.0,0.9030918168527464
2,755,fixed-specific,0.6,1.0,0.7552825307327493
2,755,learned,0.8,1.0,0.9030918168527464
2,755,popularity,0.4,0.5,0.6058193842019015
2,755,random,0.4,0.5,0.5520674712864561
2,756,fixed-general,0.6,1.0,0.8201054725400894
2,756,fixed-specific,0.4,1.0,0.7000872676810115
2,756,learned,0.6,1.0,0.8560032474461695
2,756,popularity,0.8,1.0,0.830419897363192
2,756,random,0.4,1.0,0.6955996384715408
2,757,fixed-general,0.4,0.5,0.7429498456882975
2,757,fixed-specific,0.6,0.3333333333333333,0.8156178433306188
2,757,learned,0.4,0.5,0.7429498456882975
2,757,popularity,0.4,1.0,0.8362467693034749
2,757,random,0.4,0.25,0.7590911424516829
2,758,fixed-general,0.6,0.5,0.6666494373465955
2,758,fixed-specific,0.8,1.0,0.7488685921580613
2,758,learned,0.6,1.0,0.7018784777466108
2,758,popularity,1.0,1.0,0.9223581000722261
2,758,random,0.0,0.0,0.17348950791416476
2,759,fixed-general,0.4,1.0,0.48151273703373143
2,759,fixed-specific,0.6,0.5,0.5296347172140421
2,759,learned,0.6,1.0,0.597550359763564
2,759,popularity,0.8,1.0,0.8978803737831524
2,759,random,0.2,0.25,0.21167088859887737
2,760,fixed-general,0.0,0.0,0.5541284692589535
2,760,fixed-specific,0.0,0.0,0.540034132534136
2,760,learned,0.0,0.0,0.6186267708417917
2,760,popularity,0.4,1.0,0.7409780460845163
2,760,random,0.0,0.0,0.3213051461906712
2,761,fixed-general,0.2,0.2,0.4518249493702451
2,761,fixed-specific,0.0,0.0,0.22334302510749143
2,761,learned,0.2,0.2,0.4518249493702451
2,761,popularity,0.2,1.0,0.5956237584927362
2,761,random,0.2,0.5,0.6182010916501808
2,762,fixed-general,1.0,1.0,0.9634829125393233
2,762,fixed-specific,1.0,1.0,0.9576049743407979
2,762,learned,1.0,1.0,0.9634829125393233
2,762,popularity,1.0,1.0,0.8034965661836319
2,762,random,0.4,0.25,0.442133279861156
2,763,fixed-general,0.8,1.0,0.7626314537008302
2,763,fixed-specific,0.8,1.0,0.7603082961186196
2,763,learned,0.8,1.0,0.7603082961186196
2,763,popularity,0.6,1.0,0.7899399830169539
2,763,random,0.4,0.25,0.5661692535266564
2,764,fixed-general,0.2,0.5,0.49608011280281383
2,764,fixed-specific,0.4,0.3333333333333333,0.5832252841669274
2,764,learned,0.2,0.5,0.49608011280281383
2,764,popularity,0.6,1.0,0.7453634148598948
2,764,random,0.4,1.0,0.5793834490145985
2,765,fixed-general,1.0,1.0,0.9671987306219145
2,765,fixed-specific,1.0,1.0,0.9634829125393233
2,765,learned,1.0,1.0,1.0
2,765,popularity,1.0,1.0,1.0
2,765,random,1.0,1.0,1.0
2,766,fixed-general,0.6,1.0,0.7353722578207758
2,766,fixed-specific,0.6,1.0,0.6204101403733518
2,766,learned,0.6,0.5,0.6106426713868195
2,766,popularity,0.8,1.0,0.883958639123322
2,766,random,0.8,1.0,0.7603082961186196
2,767,fixed-general,0.6,0.5,0.7283002711463443
2,767,fixed-specific,0.4,0.3333333333333333,0.6138755026138983
2,767,learned,0.6,0.5,0.7283002711463443
2,767,popularity,1.0,1.0,1.0
2,767,random,0.8,1.0,0.8941645557005614
2,768,fixed-general,0.8,1.0,0.8809008950601972
2,768,fixed-specific,0.8,1.0,0.8178105725954488
2,768,learned,0.8,1.0,0.8406679895169294
2,768,popularity,1.0,1.0,0.8034965661836319
2,768,random,1.0,1.0,0.834790051318404
2,769,fixed-general,0.4,0.5,0.614057778908801
2,769,fixed-specific,0.4,0.5,0.6422776486595725
2,769,learned,0.4,0.5,0.6300013977177311
2,769,popularity,0.4,0.5,0.7253145232956393
2,769,random,0.2,0.3333333333333333,0.15235576511332352
2,770,fixed-general,0.4,0.25,0.5538221541348474
2,770,fixed-specific,0.8,1.0,0.9359161431079067
2,770,learned,0.4,0.5,0.6648430339465755
2,770,popularity,1.0,1.0,0.9625133468165444
2,770,random,0.4,1.0,0.7260983561546769
2,771,fixed-general,0.2,0.2,0.5478979600130888
2,771,fixed-specific,0.2,0.25,0.5604473489469459
2,771,learned,0.2,0.25,0.5604473489469459
2,771,popularity,0.4,1.0,0.7645886423774341
2,771,random,0.4,1.0,0.6297229895854817
2,772,fixed-general,0.6,0.5,0.5579616266634254
2,772,fixed-specific,0.4,1.0,0.5927965418243678
2,772,learned,0.6,0.5,0.5579616266634254
2,772,popularity,0.8,1.0,0.723873190210774
2,772,random,0.6,1.0,0.628419707463456
2,773,fixed-general,0.8,1.0,0.9088946774211658
2,773,fixed-specific,0.6,1.0,0.8002482945127405
2,773,learned,0.6,1.0,0.8497935327589456
2,773,popularity,0.4,0.3333333333333333,0.6220302263118601
2,773,random,0.8,1.0,0.7912332306059795
2,774,fixed-general,0.4,1.0,0.6423779509921156
2,774,fixed-specific,0.6,1.0,0.8154262227675645
2,774,learned,0.6,1.0,0.7140471484839174
2,774,popularity,1.0,1.0,0.8631008549624842
2,774,random,0.6,1.0,0.8177091391624797
2,775,fixed-general,0.8,1.0,0.8476442348866765
2,775,fixed-specific,0.4,1.0,0.7646073602506097
2,775,learned,0.6,1.0,0.8083513979317062
2,775,popularity,1.0,1.0,0.8984294899244509
2,775,random,0.8,1.0,0.8198438160145101
2,776,fixed-general,0.8,1.0,0.7605981883292258
2,776,fixed-specific,0.4,0.3333333333333333,0.47714258307851926
2,776,learned,0.6,0.3333333333333333,0.5062280343740136
2,776,popularity,0.8,1.0,0.7744111148881376
2,776,random,0.4,1.0,0.6467226857153273
2,777,fixed-general,0.6,1.0,0.7895676983469904
2,777,fixed-specific,0.4,1.0,0.7148893217135845
2,777,learned,0.6,1.0,0.8432115724046808
2,777,popularity,0.6,1.0,0.8849362192510436
2,777,random,0.4,1.0,0.590383487645036
2,778,fixed-general,0.2,0.2,0.46945126805252585
2,778,fixed-specific,0.2,0.25,0.4501278926499783
2,778,learned,0.2,0.2,0.4757670025915245
2,778,popularity,0.4,1.0,0.6216540545263083
2,778,random,0.4,0.3333333333333333,0.42389860676310875
2,779,fixed-general,0.8,0.5,0.7147556348292026
2,779,fixed-specific,0.6,1.0,0.6778911990970637
2,779,learned,0.6,0.5,0.6442669352419417
2,779,popularity,0.6,1.0,0.6482101787626605
2,779,random,0.6,1.0,0.6916019116043151
2,780,fixed-general,0.8,1.0,0.8302256698290933
2,780,fixed-specific,0.6,1.0,0.7469223336173085
2,780,learned,0.6,1.0,0.7635952570214716
2,780,popularity,0.2,0.5,0.5219956252690484
2,780,random,0.4,1.0,0.6595712971173471
2,781,fixed-general,0.6,1.0,0.7774804685901505
2,781,fixed-specific,0.4,1.0,0.7060616073912299
2,781,learned,0.6,1.0,0.7774804685901505
2,781,popularity,0.6,0.5,0.7011418507844024
2,781,random,0.4,1.0,0.6566374586564723
2,782,fixed-general,1.0,1.0,0.9492147449622255
2,782,fixed-specific,0.8,1.0,0.909921908007255
2,782,learned,1.0,1.0,0.9492147449622255
2,782,popularity,0.8,1.0,0.9214143260900591
2,782,random,0.6,1.0,0.7049197037605834
2,783,fixed-general,0.2,0.3333333333333333,0.48314795074230754
2,783,fixed-specific,0.4,0.3333333333333333,0.4859761103046874
2,783,learned,0.2,0.3333333333333333,0.4789648210976885
2,783,popularity,0.8,1.0,0.8937462236401369
2,783,random,0.6,1.0,0.7865833548415971
2,784,fixed-general,0.6,1.0,0.8368233732706873
2,784,fixed-specific,0.8,1.0,0.8745788895927525
2,784,learned,0.6,1.0,0.8368233732706873
2,784,popularity,0.6,1.0,0.6209808004889928
2,784,random,0.6,0.5,0.5421483554136015
2,785,fixed-general,0.8,1.0,0.8745788895927525
2,785,fixed-specific,0.8,1.0,0.8429006539912128
2,785,learned,0.8,1.0,0.8844980054656071
2,785,popularity,0.4,1.0,0.7475988604280915
2,785,random,0.2,0.25,0.5207986757371972
2,786,fixed-general,0.8,1.0,0.7578799455265084
2,786,fixed-specific,0.8,1.0,0.7869132955075706
2,786,learned,0.6,1.0,0.7239662643567719
2,786,popularity,1.0,1.0,0.8646597737198981
2,786,random,0.6,0.3333333333333333,0.5886260380766701
2,787,fixed-general,0.2,0.5,0.6403951830736918
2,787,fixed-specific,0.4,1.0,0.7891669016348865
2,787,learned,0.4,0.5,0.736772894174432
2,787,popularity,0.4,1.0,0.864583135616589
2,787,random,0.0,0.0,0.3991583019512928
2,788,fixed-general,0.6,1.0,0.7714160225925206
2,788,fixed-specific,0.6,1.0,0.7294870343865365
2,788,learned,0.4,1.0,0.6942603957407286
2,788,popularity,0.2,1.0,0.6307688917605867
2,788,random,0.4,0.5,0.47103641904623017
2,789,fixed-general,0.2,1.0,0.5538646843068098
2,789,fixed-specific,0.2,0.3333333333333333,0.4342069182588954
2,789,learned,0.4,1.0,0.6180376493550721
2,789,popularity,0.8,1.0,0.8747295710567895
2,789,random,0.4,1.0,0.5213196638809416
2,790,fixed-general,0.2,1.0,0.6809099631169793
2,790,fixed-specific,0.2,1.0,0.6559651465591259
2,790,learned,0.2,1.0,0.6895453336423647
2,790,popularity,0.4,1.0,0.8358801304246399
2,790,random,0.4,1.0,0.7595026014246349
2,791,fixed-general,0.2,0.5,0.4386484432777229
2,791,fixed-specific,0.4,1.0,0.6256445368587708
2,791,learned,0.4,0.5,0.5434956659883396
2,791,popularity,0.4,0.5,0.7769288489719436
2,791,random,0.2,0.5,0.726012574442273
2,792,fixed-general,0.2,0.25,0.6440273617027265
2,792,fixed-specific,0.2,0.5,0.6455709457931598
2,792,learned,0.2,0.3333333333333333,0.6518646126340936
2,792,popularity,0.6,1.0,0.8721445442095549
2,792,random,0.0,0.0,0.5614505158401619
2,793,fixed-general,0.4,1.0,0.6578242262397572
2,793,fixed-specific,0.2,0.25,0.5365170874606766
2,793,learned,0.4,0.3333333333333333,0.6079975644153729
2,793,popularity,0.8,1.0,0.8289121131198786
2,793,random,0.0,0.0,0.24261427755816128
2,794,fixed-general,1.0,1.0,1.0
2,794,fixed-specific,1.0,1.0,1.0
2,794,learned,1.0,1.0,1.0
2,794,popularity,0.8,1.0,0.8506118419735341
2,794,random,0.6,1.0,0.7484922157566868
2,795,fixed-general,0.8,1.0,0.7076049743407979
2,795,fixed-specific,1.0,1.0,0.9306816431612379
2,795,learned,0.8,1.0,0.7076049743407979
2,795,popularity,1.0,1.0,0.8786928612209193
2,795,random,0.6,0.3333333333333333,0.47493454923924144
2,796,fixed-general,0.2,0.3333333333333333,0.6106081246439119
2,796,fixed-specific,0.6,0.5,0.7554857561259873
2,796,learned,0.4,0.5,0.6600322733786694
2,796,popularity,0.6,0.5,0.7143761787202545
2,796,random,0.4,1.0,0.5395833886840641
2,797,fixed-general,0.8,0.5,0.7316024638347113
2,797,fixed-specific,0.6,0.5,0.6916115019444493
2,797,learned,0.8,0.5,0.7316024638347113
2,797,popularity,1.0,1.0,0.8531817390896298
2,797,random,0.4,0.25,0.47192709401042593
2,798,fixed-general,0.0,0.0,0.37317398749833647
2,798,fixed-specific,0.2,1.0,0.7968124369890611
2,798,learned,0.2,0.5,0.6086067874378557
2,798,popularity,0.2,1.0,0.7968124369890611
2,798,random,0.0,0.0,0.3431272824944109
2,799,fixed-general,0.8,1.0,0.8184924264860339
2,799,fixed-specific,0.6,0.5,0.736992343759284
2,799,learned,0.6,1.0,0.7832480766924035
2,799,popularity,0.8,1.0,0.8177893548423316
2,799,random,0.2,0.5,0.5036163744169022
2,800,fixed-general,0.6,1.0,0.7250639463249892
2,800,fixed-specific,0.8,1.0,0.7729397651966169
2,800,learned,0.8,1.0,0.7955526459122501
2,800,popularity,1.0,1.0,0.8969662799868708
2,800,random,0.6,1.0,0.7131355488906943
2,801,fixed-general,0.8,1.0,0.8786928612209193
2,801,fixed-specific,1.0,1.0,0.946503433816368
2,801,learned,0.8,1.0,0.915209948681596
2,801,popularity,1.0,1.0,0.9576049743407979
2,801,random,0.8,0.5,0.77692333117956
2,802,fixed-general,0.0,0.0,0.40769038367601884
2,802,fixed-specific,0.2,0.2,0.4555279664219446
2,802,learned,0.0,0.0,0.45342564222791565
2,802,popularity,0.2,0.3333333333333333,0.5634538809163061
2,802,random,0.2,0.25,0.5228996383421831
2,803,fixed-general,0.4,0.5,0.5986770788300855
2,803,fixed-specific,0.2,0.5,0.6422206905591253
2,803,learned,0.4,0.5,0.6356035265911993
2,803,popularity,0.2,0.25,0.5437665183286832
2,803,random,0.2,1.0,0.5503836822966092
2,804,fixed-general,0.2,0.25,0.16025517997831262
2,804,fixed-specific,0.4,0.5,0.4949090247537429
2,804,learned,0.4,0.5,0.32385355116288506
2,804,popularity,0.6,1.0,0.6976953481019917
2,804,random,0.6,0.5,0.49485733679352933
2,805,fixed-general,0.4,0.5,0.6356035265911993
2,805,fixed-specific,0.2,1.0,0.617225288611838
2,805,learned,0.4,0.5,0.6231058256175556
2,805,popularity,0.2,1.0,0.6583348660175709
2,805,random,0.6,0.5,0.7077590147523284
2,806,fixed-general,0.4,0.5,0.7866848715257447
2,806,fixed-specific,0.4,1.0,0.7521263393504768
2,806,learned,0.4,1.0,0.8284095183721076
2,806,popularity,0.6,0.3333333333333333,0.8156178433306188
2,806,random,0.4,1.0,0.8073137974986007
2,807,fixed-general,0.8,1.0,0.7304623912622786
2,807,fixed-specific,0.6,0.5,0.7149906967826367
2,807,learned,0.8,1.0,0.8130903224647484
2,807,popularity,1.0,1.0,0.9306816431612379
2,807,random,0.6,1.0,0.7834556052507063
2,808,fixed-general,0.6,1.0,0.7471711847969628
2,808,fixed-specific,0.4,1.0,0.5994137057922939
2,808,learned,0.4,1.0,0.6322087118690022
2,808,popularity,0.8,1.0,0.9630735522388861
2,808,random,0.2,0.2,0.517588676219901
2,809,fixed-general,0.4,1.0,0.48354207598138044
2,809,fixed-specific,0.4,1.0,0.5977162984311953
2,809,learned,0.4,1.0,0.4793589463367613
2,809,popularity,1.0,1.0,0.8443220749053792
2,809,random,0.6,1.0,0.6733182892747351
2,810,fixed-general,0.8,1.0,0.8546854522433548
2,810,fixed-specific,0.8,1.0,0.8546854522433548
2,810,learned,1.0,1.0,0.9377223268794214
2,810,popularity,1.0,1.0,0.9377223268794214
2,810,random,0.8,1.0,0.9562559623189038
2,811,fixed-general,0.4,0.5,0.7866848715257447
2,811,fixed-specific,0.4,1.0,0.8023593733884791
2,811,learned,0.4,1.0,0.823455094261986
2,811,popularity,0.8,1.0,0.928671245088491
2,811,random,0.2,0.5,0.5684153189413678
2,812,fixed-general,0.8,0.5,0.856819775879023
2,812,fixed-specific,0.8,0.5,0.8377049109374533
2,812,learned,0.8,0.5,0.856819775879023
2,812,popularity,0.6,1.0,0.7662860497385326
2,812,random,0.8,1.0,0.9028491098915834
2,813,fixed-general,0.6,1.0,0.7951764741266983
2,813,fixed-specific,0.6,1.0,0.8327933149386086
2,813,learned,0.6,1.0,0.7951764741266983
2,813,popularity,0.4,0.5,0.6113457430305217
2,813,random,0.2,0.3333333333333333,0.44683838733689263
2,814,fixed-general,0.6,0.3333333333333333,0.7327751229568087
2,814,fixed-specific,0.6,0.5,0.7575661428939316
2,814,learned,0.6,0.3333333333333333,0.7327751229568087
2,814,popularity,1.0,1.0,0.8984294899244509
2,814,random,0.6,0.5,0.7575661428939316
2,815,fixed-general,0.4,1.0,0.7801571628228257
2,815,fixed-specific,0.2,0.25,0.6689832819888527
2,815,learned,0.4,1.0,0.8078421897818586
2,815,popularity,0.6,1.0,0.8487421002503401
2,815,random,0.2,0.5,0.7039975114640411
2,816,fixed-general,0.6,1.0,0.7835603779945831
2,816,fixed-specific,0.8,1.0,0.8476442348866765
2,816,learned,0.6,1.0,0.7950527960773872
2,816,popularity,1.0,1.0,0.8984294899244509
2,816,random,0.6,0.5,0.7460737248111275
2,817,fixed-general,1.0,1.0,0.7499999999999999
2,817,fixed-specific,0.8,1.0,0.692133279861156
2,817,learned,0.8,1.0,0.6515961918657437
2,817,popularity,1.0,1.0,0.7499999999999999
2,817,random,0.8,1.0,0.8362978355617173
2,818,fixed-general,0.0,0.0,0.622565845075026
2,818,fixed-specific,0.2,1.0,0.7562688031933178
2,818,learned,0.0,0.0,0.622565845075026
2,818,popularity,0.4,1.0,0.6795754850397169
2,818,random,0.4,0.3333333333333333,0.48368187097896037
2,819,fixed-general,0.4,1.0,0.787557319355906
2,819,fixed-specific,0.8,1.0,0.9434732991210639
2,819,learned,0.4,1.0,0.787557319355906
2,819,popularity,0.4,1.0,0.7846744925346604
2,819,random,0.2,0.5,0.689305971630607
2,820,fixed-general,1.0,1.0,0.8984294899244509
2,820,fixed-specific,0.8,1.0,0.8546854522433548
2,820,learned,1.0,1.0,0.8984294899244509
2,820,popularity,1.0,1.0,0.8984294899244509
2,820,random,0.6,0.3333333333333333,0.7327751229568087
2,822,fixed-general,1.0,1.0,0.9184116866353436
2,822,fixed-specific,0.8,1.0,0.8406652084230161
2,822,learned,1.0,1.0,0.9184116866353436
2,822,popularity,0.8,1.0,0.8730199708353388
2,822,random,0.6,1.0,0.7015306178173037
2,823,fixed-general,0.2,0.25,0.47161103016755396
2,823,fixed-specific,0.2,0.3333333333333333,0.47822819413548007
2,823,learned,0.2,0.2,0.5043543482840488
2,823,popularity,0.6,1.0,0.7363708911844177
2,823,random,0.2,0.5,0.6052942427980116
2,824,fixed-general,1.0,1.0,0.9137021644382827
2,824,fixed-specific,0.8,1.0,0.7171987306219145
2,824,learned,1.0,1.0,0.8400136536443085
2,824,popularity,1.0,1.0,0.8882866175020359
2,824,random,1.0,1.0,0.8193183568387621
2,825,fixed-general,0.4,1.0,0.56531541759356
2,825,fixed-specific,0.2,0.5,0.4729143122895797
2,825,learned,0.2,0.5,0.5164579240186197
2,825,popularity,0.2,0.25,0.5068400705675693
2,825,random,0.2,0.2,0.4566276069103898
2,826,fixed-general,0.4,1.0,0.735182641392979
2,826,fixed-specific,0.2,1.0,0.5906679895169294
2,826,learned,0.4,1.0,0.7426142775581612
2,826,popularity,0.4,0.5,0.6069931323672637
2,826,random,0.6,1.0,0.7293047031944536
2,827,fixed-general,0.4,1.0,0.8483503213896258
2,827,fixed-specific,0.4,1.0,0.7894840062857447
2,827,learned,0.4,1.0,0.8483503213896258
2,827,popularity,0.2,1.0,0.8747287554401083
2,827,random,0.2,0.3333333333333333,0.7085762015379489
2,828,fixed-general,0.2,0.3333333333333333,0.4054982074431586
2,828,fixed-specific,0.4,0.25,0.4014663890215239
2,828,learned,0.2,0.3333333333333333,0.4054982074431586
2,828,popularity,0.6,0.3333333333333333,0.5030368990970729
2,828,random,0.4,0.5,0.5570151393733858
2,829,fixed-general,0.8,1.0,0.8291769097673723
2,829,fixed-specific,0.6,1.0,0.7353722578207758
2,829,learned,0.8,1.0,0.8291769097673723
2,829,popularity,0.8,1.0,0.7603082961186196
2,829,random,0.4,0.3333333333333333,0.5213196638809416
2,830,fixed-general,0.8,0.5,0.6763114892060259
2,830,fixed-specific,0.8,0.5,0.6763114892060259
2,830,learned,0.8,0.5,0.6763114892060259
2,830,popularity,0.8,1.0,0.934397461243829
2,830,random,1.0,1.0,1.0
2,831,fixed-general,0.8,0.5,0.7976186279851065
2,831,fixed-specific,0.6,1.0,0.8285620169443905
2,831,learned,0.8,1.0,0.8824086793035105
2,831,popularity,0.8,1.0,0.7691875125622331
2,831,random,0.4,1.0,0.5684649084680696
2,832,fixed-general,0.0,0.0,0.4357934637220428
2,832,fixed-specific,0.2,0.25,0.5819361850858192
2,832,learned,0.2,0.2,0.5490578511290658
2,832,popularity,0.6,1.0,0.8637184273184207
2,832,random,0.2,0.3333333333333333,0.6340202399125309
2,833,fixed-general,0.6,0.3333333333333333,0.7028272373949077
2,833,fixed-specific,0.4,0.3333333333333333,0.6988346604381197
2,833,learned,0.4,0.3333333333333333,0.6323385378076467
2,833,popularity,0.8,1.0,0.9647556502063696
2,833,random,0.2,0.25,0.5189965062987311
2,834,fixed-general,0.6,0.3333333333333333,0.6312356866612376
2,834,fixed-specific,0.2,0.25,0.430712233228471
2,834,learned,0.6,0.3333333333333333,0.6312356866612376
2,834,popularity,0.6,1.0,0.7994765465672335
2,834,random,0.2,0.5,0.5812069939828566
2,835,fixed-general,0.8,1.0,0.8198438160145101
2,835,fixed-specific,1.0,1.0,0.8984294899244509
2,835,learned,1.0,1.0,0.8984294899244509
2,835,popularity,0.8,1.0,0.8736384699873282
2,835,random,0.6,0.3333333333333333,0.5671207559891663
2,836,fixed-general,0.8,1.0,0.822684078745865
2,836,fixed-specific,1.0,1.0,0.877185076977606
2,836,learned,0.8,1.0,0.8554853481239504
2,836,popularity,1.0,1.0,0.7499999999999999
2,836,random,0.6,1.0,0.7447763976740955
2,837,fixed-general,0.2,1.0,0.48607531408731114
2,837,fixed-specific,0.4,1.0,0.7051997284131873
2,837,learned,0.4,0.5,0.5012932168346917
2,837,popularity,0.4,0.3333333333333333,0.4358270041974037
2,837,random,0.2,0.5,0.5202404204516875
2,838,fixed-general,1.0,1.0,0.8728149230223939
2,838,fixed-specific,0.6,1.0,0.7765732350040719
2,838,learned,1.0,1.0,0.861713382497964
2,838,popularity,1.0,1.0,0.9671987306219145
2,838,random,1.0,1.0,0.9576049743407979
2,839,fixed-general,0.0,0.0,0.7261360332967424
2,839,fixed-specific,0.0,0.0,0.6995343809083447
2,839,learned,0.0,0.0,0.7261360332967424
2,839,popularity,0.2,1.0,0.9161872351436834
2,839,random,0.0,0.0,0.7261360332967424
2,840,fixed-general,0.0,0.0,0.49738248320741835
2,840,fixed-specific,0.0,0.0,0.5989529932829674
2,840,learned,0.0,0.0,0.5596601563279969
2,840,popularity,0.6,1.0,0.746857557670165
2,840,random,0.4,1.0,0.616099827255426
2,841,fixed-general,0.2,0.3333333333333333,0.5092741048908763
2,841,fixed-specific,0.6,1.0,0.7496052191202698
2,841,learned,0.6,0.3333333333333333,0.6695292848691888
2,841,popularity,0.8,1.0,0.8098296614675725
2,841,random,0.8,1.0,0.8032124974996465
2,842,fixed-general,0.2,0.2,0.5009949792514651
2,842,fixed-specific,0.2,0.2,0.5009949792514651
2,842,learned,0.2,0.2,0.5009949792514651
2,842,popularity,0.4,0.5,0.7563261970986818
2,842,random,0.0,0.0,0.5291836527011001
2,843,fixed-general,1.0,1.0,0.9625133468165444
2,843,fixed-specific,0.8,1.0,0.8706290710522846
2,843,learned,1.0,1.0,1.0
2,843,popularity,0.4,0.5,0.7226695063410282
2,843,random,0.6,0.5,0.7182733059389612
2,844,fixed-general,1.0,1.0,0.8984294899244509
2,844,fixed-specific,0.8,1.0,0.8591366529694805
2,844,learned,1.0,1.0,0.8984294899244509
2,844,popularity,0.8,1.0,0.9607071630450296
2,844,random,0.8,1.0,0.9187693091354482
2,845,fixed-general,0.4,1.0,0.6955996384715408
2,845,fixed-specific,0.6,0.5,0.71736649560532
2,845,learned,0.4,1.0,0.7438222935184587
2,845,popularity,0.6,1.0,0.8997382732836168
2,845,random,0.2,0.2,0.5260195358347327
2,846,fixed-general,0.6,1.0,0.7234267649959281
2,846,fixed-specific,0.8,1.0,0.8093745043821573
2,846,learned,0.6,1.0,0.7426142775581612
2,846,popularity,1.0,1.0,0.9576049743407979
2,846,random,1.0,1.0,0.8675913206964894
2,847,fixed-general,1.0,1.0,0.8251962950372874
2,847,fixed-specific,0.6,0.5,0.7038891562582068
2,847,learned,0.8,1.0,0.7886792075766109
2,847,popularity,1.0,1.0,0.8882866175020359
2,847,random,0.8,1.0,0.7669794787229554
2,848,fixed-general,0.4,0.3333333333333333,0.6890310852757123
2,848,fixed-specific,0.2,0.5,0.6630368501750608
2,848,learned,0.4,0.25,0.6819898679190342
2,848,popularity,0.4,0.5,0.6007591770544821
2,848,random,0.2,0.2,0.3913607724057434
2,849,fixed-general,0.6,1.0,0.7119421443969476
2,849,fixed-specific,0.4,0.5,0.5795622138885157
2,849,learned,0.4,1.0,0.6405232831980268
2,849,popularity,0.6,1.0,0.9219639748331533
2,849,random,0.2,0.25,0.537149354360757
2,850,fixed-general,0.8,1.0,0.7809249191101928
2,850,fixed-specific,0.4,1.0,0.559477347202106
2,850,learned,0.8,1.0,0.7729397651966169
2,850,popularity,0.8,1.0,0.8640450877754511
2,850,random,0.6,1.0,0.7098460435776086
2,851,fixed-general,0.4,0.3333333333333333,0.5919117759262892
2,851,fixed-specific,0.6,0.5,0.6585856494489348
2,851,learned,0.4,0.3333333333333333,0.5919117759262892
2,851,popularity,0.8,1.0,0.9187693091354482
2,851,random,0.8,0.5,0.695288469773353
2,852,fixed-general,0.2,0.5,0.37954354486314196
2,852,fixed-specific,0.0,0.0,0.07001825195367604
2,852,learned,0.2,0.3333333333333333,0.3245387100203478
2,852,popularity,0.0,0.0,0.1400365039073521
2,852,random,0.0,0.0,0.4042647744202503
2,853,fixed-general,0.4,0.5,0.3123900728687839
2,853,fixed-specific,0.6,0.5,0.43962106356973357
2,853,learned,0.4,0.5,0.3235375271165574
2,853,popularity,0.2,1.0,0.41807231839349474
2,853,random,0.4,0.5,0.3065580483936021
2,854,fixed-general,0.6,1.0,0.7147236752947004
2,854,fixed-specific,0.8,1.0,0.7524791916167658
2,854,learned,0.6,1.0,0.7147236752947004
2,854,popularity,1.0,1.0,0.8745788895927525
2,854,random,0.4,1.0,0.7048045594218458
2,855,fixed-general,0.4,1.0,0.6675828876012772
2,855,fixed-specific,0.2,0.2,0.5621766765698684
2,855,learned,0.4,1.0,0.6675828876012772
2,855,popularity,0.6,1.0,0.8304208239203289
2,855,random,0.8,1.0,0.7353722578207758
2,856,fixed-general,0.6,1.0,0.8153926152883844
2,856,fixed-specific,0.2,0.25,0.5786131740719704
2,856,learned,0.6,1.0,0.8153926152883844
2,856,popularity,0.4,1.0,0.8020940134340654
2,856,random,0.6,1.0,0.7906015953512613
2,857,fixed-general,0.4,0.3333333333333333,0.537149354360757
2,857,fixed-specific,1.0,1.0,0.9331583936847713
2,857,learned,0.6,1.0,0.8132761641499832
2,857,popularity,0.6,1.0,0.8248130847247368
2,857,random,0.2,1.0,0.6524543290118533
2,858,fixed-general,1.0,1.0,0.8984294899244509
2,858,fixed-specific,1.0,1.0,1.0
2,858,learned,1.0,1.0,0.9421735276055474
2,858,popularity,0.8,0.5,0.7968589798489021
2,858,random,0.6,0.3333333333333333,0.7327751229568087
2,859,fixed-general,0.4,1.0,0.5678011398770804
2,859,fixed-specific,0.8,0.5,0.6534151094107434
2,859,learned,0.6,1.0,0.6666494373465955
2,859,popularity,0.6,1.0,0.8115787567888846
2,859,random,0.6,1.0,0.689380776772967
2,860,fixed-general,0.2,0.25,0.7480731135642684
2,860,fixed-specific,0.0,0.0,0.6971568390345979
2,860,learned,0.2,0.2,0.7428920975864948
2,860,popularity,0.2,0.3333333333333333,0.6816778092337459
2,860,random,0.2,1.0,0.8153807673520377
2,861,fixed-general,0.4,0.25,0.6241633955245814
2,861,fixed-specific,0.0,0.0,0.49738248320741835
2,861,learned,0.4,0.25,0.6241633955245814
2,861,popularity,0.8,1.0,0.9607071630450296
2,861,random,0.4,0.3333333333333333,0.6249472283836189
2,862,fixed-general,0.6,1.0,0.8520954356128024
2,862,fixed-specific,0.8,1.0,0.8476442348866765
2,862,learned,0.8,1.0,0.8913882725677729
2,862,popularity,0.6,1.0,0.8591366529694805
2,862,random,0.6,0.5,0.6078003944111603
2,863,fixed-general,0.6,1.0,0.7866848715257447
2,863,fixed-specific,0.2,0.25,0.5585676890189162
2,863,learned,0.4,1.0,0.7153561166142355
2,863,popularity,0.0,0.0,0.5536132649087947
2,863,random,0.2,0.5,0.689305971630607
2,864,fixed-general,0.6,1.0,0.8298944323062317
2,864,fixed-specific,0.6,1.0,0.8039001972055801
2,864,learned,0.6,1.0,0.8298944323062317
2,864,popularity,0.6,1.0,0.8039001972055801
2,864,random,0.8,1.0,0.7968589798489021
2,865,fixed-general,0.2,0.25,0.7153561166142355
2,865,fixed-specific,0.4,0.25,0.7590911424516829
2,865,learned,0.4,0.25,0.7590911424516829
2,865,popularity,0.8,1.0,0.928671245088491
2,865,random,0.4,0.5,0.7252037465366871
2,866,fixed-general,0.8,1.0,0.9492147449622255
2,866,fixed-specific,0.8,1.0,0.9562559623189038
2,866,learned,0.8,1.0,0.9492147449622255
2,866,popularity,0.8,1.0,0.8750252714543517
2,866,random,0.4,0.3333333333333333,0.3984019897624216
2,867,fixed-general,1.0,1.0,1.0
2,867,fixed-specific,0.8,1.0,0.9439586872973164
2,867,learned,1.0,1.0,1.0
2,867,popularity,0.8,1.0,0.7621029200939134
2,867,random,0.8,1.0,0.8986659802469644
2,868,fixed-general,0.0,0.0,0.6438542785953449
2,868,fixed-specific,0.0,0.0,0.6438542785953449
2,868,learned,0.0,0.0,0.6438542785953449
2,868,popularity,0.4,0.3333333333333333,0.8375161037724467
2,868,random,0.0,0.0,0.6438542785953449
2,869,fixed-general,0.4,0.3333333333333333,0.4254968821740757
2,869,fixed-specific,0.0,0.0,0.22456473912269764
2,869,learned,0.2,0.25,0.2901566558939739
2,869,popularity,0.6,1.0,0.7891962119024858
2,869,random,0.2,0.3333333333333333,0.3461440143776161
2,870,fixed-general,0.6,0.3333333333333333,0.8529203362748852
2,870,fixed-specific,0.2,0.3333333333333333,0.7562688031933178
2,870,learned,0.4,0.3333333333333333,0.8020040617452147
2,870,popularity,0.2,0.3333333333333333,0.6816778092337459
2,870,random,0.0,0.0,0.41497372384782155
2,871,fixed-general,0.4,0.3333333333333333,0.37180478605378386
2,871,fixed-specific,0.6,1.0,0.6390296630969753
2,871,learned,0.4,1.0,0.5000275001620296
2,871,popularity,0.8,1.0,0.8343456330323578
2,871,random,0.4,1.0,0.4733752961293329
2,872,fixed-general,0.6,0.5,0.6265307411049851
2,872,fixed-specific,0.4,0.3333333333333333,0.4925683638348177
2,872,learned,0.6,0.5,0.6265307411049851
2,872,popularity,0.8,1.0,0.7547202501307002
2,872,random,0.6,1.0,0.735182641392979
2,873,fixed-general,1.0,1.0,0.8192680579198933
2,873,fixed-specific,0.8,1.0,0.7415215797075658
2,873,learned,1.0,1.0,0.8192680579198933
2,873,popularity,1.0,1.0,0.8631008549624842
2,873,random,0.6,1.0,0.6785270777300488
2,874,fixed-general,1.0,1.0,0.946503433816368
2,874,fixed-specific,1.0,1.0,0.834790051318404
2,874,learned,1.0,1.0,0.9041084081571661
2,874,popularity,1.0,1.0,0.9671987306219145
2,874,random,0.8,1.0,0.8152524425806826
2,875,fixed-general,0.8,1.0,0.7462841819174089
2,875,fixed-specific,1.0,1.0,0.7865170874606766
2,875,learned,0.8,1.0,0.7076049743407979
2,875,popularity,0.8,1.0,0.8845707994194448
2,875,random,0.8,1.0,0.7293047031944536
2,876,fixed-general,0.4,0.5,0.6813304168460322
2,876,fixed-specific,0.8,1.0,0.9660863188302635
2,876,learned,0.4,0.5,0.6813304168460322
2,876,popularity,0.4,0.3333333333333333,0.5569952733018487
2,876,random,0.0,0.0,0.24315855050983692
2,877,fixed-general,0.6,1.0,0.6971577696889889
2,877,fixed-specific,0.4,1.0,0.5526431178129395
2,877,learned,0.6,1.0,0.7304623912622786
2,877,popularity,0.8,1.0,0.8458915918428338
2,877,random,0.6,0.3333333333333333,0.6386367136775241
2,878,fixed-general,0.6,1.0,0.7825450050487012
2,878,fixed-specific,0.8,1.0,0.8177893548423316
2,878,learned,0.6,1.0,0.7825450050487012
2,878,popularity,0.8,0.5,0.7147556348292026
2,878,random,1.0,1.0,0.8411053072016672
2,879,fixed-general,0.4,1.0,0.6656818671296718
2,879,fixed-specific,0.4,1.0,0.5407071385840235
2,879,learned,0.6,1.0,0.7835603779945831
2,879,popularity,0.6,1.0,0.828088248534717
2,879,random,0.2,0.2,0.29683147968687257
2,880,fixed-general,0.8,1.0,0.7182031626700237
2,880,fixed-specific,0.6,0.3333333333333333,0.5910180856924176
2,880,learned,0.6,1.0,0.6699301988122962
2,880,popularity,0.8,1.0,0.665209948681596
2,880,random,0.4,0.5,0.5534965661836319
2,881,fixed-general,0.4,0.5,0.7866848715257447
2,881,fixed-specific,0.4,0.5,0.612150344778815
2,881,learned,0.6,0.5,0.8382571482945591
2,881,popularity,0.4,1.0,0.8362467693034749
2,881,random,0.2,0.5,0.576252569872735
2,882,fixed-general,0.4,0.5,0.6397866562358184
2,882,fixed-specific,0.2,0.5,0.5944939491854664
2,882,learned,0.4,0.5,0.6397866562358184
2,882,popularity,1.0,1.0,0.9414729650137958
2,882,random,0.4,1.0,0.6517177020496449
2,883,fixed-general,0.8,1.0,0.8161692689038234
2,883,fixed-specific,1.0,1.0,0.8450978841584552
2,883,learned,1.0,1.0,0.8866579684910842
2,883,popularity,1.0,1.0,0.8803422339520858
2,883,random,1.0,1.0,0.8058609574080366
2,885,fixed-general,0.0,0.0,0.540034132534136
2,885,fixed-specific,0.2,0.2,0.7827466404171516
2,885,learned,0.0,0.0,0.5454930987335682
2,885,popularity,0.2,1.0,0.8591241694171567
2,885,random,0.4,0.3333333333333333,0.8504887988917714
2,886,fixed-general,0.8,1.0,0.726792486903031
2,886,fixed-specific,0.6,1.0,0.6599863463556915
2,886,learned,1.0,1.0,0.7499999999999999
2,886,popularity,1.0,1.0,0.9099863463556914
2,886,random,0.8,0.5,0.6667177329249093
2,887,fixed-general,0.8,1.0,0.8306936217304544
2,887,fixed-specific,0.8,1.0,0.8223273624412162
2,887,learned,0.8,1.0,0.8306936217304544
2,887,popularity,0.4,1.0,0.6517177020496449
2,887,random,0.4,1.0,0.6924331542163048
2,888,fixed-general,0.4,1.0,0.7297595949254795
2,888,fixed-specific,0.4,1.0,0.7433080782982827
2,888,learned,0.4,1.0,0.7769323421534049
2,888,popularity,0.4,1.0,0.7234438603864809
2,888,random,0.0,0.0,0.3197856433207257
2,890,fixed-general,0.4,1.0,0.635036871431382
2,890,fixed-specific,0.2,0.2,0.5520810896577077
2,890,learned,0.4,0.3333333333333333,0.6064249949992928
2,890,popularity,0.4,1.0,0.8140127911121916
2,890,random,0.4,1.0,0.614791254288531
2,891,fixed-general,0.4,0.3333333333333333,0.5343210936299515
2,891,fixed-specific,0.4,0.5,0.4424388722655911
2,891,learned,0.4,0.3333333333333333,0.6161209145669142
2,891,popularity,0.4,1.0,0.8560713027664955
2,891,random,0.0,0.0,0.06670488090145497
2,892,fixed-general,0.6,1.0,0.7093709044867094
2,892,fixed-specific,0.4,1.0,0.6745292682578647
2,892,learned,0.6,1.0,0.7093709044867094
2,892,popularity,0.6,1.0,0.8198438160145101
2,892,random,0.4,1.0,0.5648951899131603
2,893,fixed-general,0.2,0.2,0.49213213991973714
2,893,fixed-specific,0.0,0.0,0.2895983074958861
2,893,learned,0.0,0.0,0.34612500837482213
2,893,popularity,0.4,1.0,0.6455709457931598
2,893,random,0.0,0.0,0.36092706240739525
2,894,fixed-general,1.0,1.0,0.915209948681596
2,894,fixed-specific,0.8,1.0,0.830419897363192
2,894,learned,1.0,1.0,0.915209948681596
2,894,popularity,0.8,1.0,0.8443838075995205
2,894,random,0.8,1.0,0.8809008950601972
2,895,fixed-general,0.6,1.0,0.7529996143378341
2,895,fixed-specific,0.8,1.0,0.7316024638347113
2,895,learned,1.0,1.0,0.8307460925501616
2,895,popularity,1.0,1.0,0.9622444836779346
2,895,random,1.0,1.0,0.8131907771993677
2,896,fixed-general,0.8,1.0,0.904546517252682
2,896,fixed-specific,1.0,1.0,0.9875022990263562
2,896,learned,1.0,1.0,1.0
2,896,popularity,0.8,1.0,0.723873190210774
2,896,random,0.4,0.3333333333333333,0.3988888868466076
2,897,fixed-general,0.4,0.25,0.6241633955245814
2,897,fixed-specific,0.4,1.0,0.6555762505138915
2,897,learned,0.4,0.5,0.6789254686599319
2,897,popularity,0.4,1.0,0.5653145722176515
2,897,random,0.6,0.5,0.593717959697804
2,898,fixed-general,0.4,0.5,0.7067808878561571
2,898,fixed-specific,0.4,1.0,0.7513087583962909
2,898,learned,0.4,0.5,0.7023296871300311
2,898,popularity,0.6,1.0,0.9054707072811292
2,898,random,0.6,1.0,0.8153926152883844
2,899,fixed-general,0.8,1.0,0.7603082961186196
2,899,fixed-specific,0.6,1.0,0.6898195965313587
2,899,learned,0.8,1.0,0.7603082961186196
2,899,popularity,0.6,1.0,0.6805905284648261
2,899,random,0.4,1.0,0.6044891659822689
2,900,fixed-general,0.4,0.5,0.7945221224571118
2,900,fixed-specific,0.2,1.0,0.7797200684245388
2,900,learned,0.4,1.0,0.8284095183721076
2,900,popularity,0.8,1.0,0.9513105500524313
2,900,random,0.8,1.0,0.8687949224876583
2,901,fixed-general,0.6,0.5,0.7301581706468088
2,901,fixed-specific,0.0,0.0,0.4463867350912054
2,901,learned,0.4,0.3333333333333333,0.6588294157352995
2,901,popularity,0.2,0.5,0.6455709457931598
2,901,random,0.4,0.3333333333333333,0.5437656349863431
2,902,fixed-general,1.0,1.0,0.9306816431612379
2,902,fixed-specific,1.0,1.0,0.9248037049627126
2,902,learned,1.0,1.0,0.9248037049627126
2,902,popularity,1.0,1.0,0.8675913206964894
2,902,random,1.0,1.0,0.9248037049627126
2,903,fixed-general,1.0,1.0,0.8058609574080366
2,903,fixed-specific,1.0,1.0,0.8411053072016672
2,903,learned,1.0,1.0,0.8058609574080366
2,903,popularity,0.8,1.0,0.7483798986843249
2,903,random,0.4,0.5,0.3692815481308616
2,904,fixed-general,0.6,1.0,0.6579826808409487
2,904,fixed-specific,0.6,1.0,0.7182733059389612
2,904,learned,0.8,1.0,0.8406030175299983
2,904,popularity,0.6,1.0,0.7601561595244838
2,904,random,0.2,1.0,0.4588734791114854
2,905,fixed-general,1.0,1.0,0.7499999999999999
2,905,fixed-specific,1.0,1.0,0.8193183568387621
2,905,learned,1.0,1.0,0.7499999999999999
2,905,popularity,1.0,1.0,0.9210878868801213
2,905,random,1.0,1.0,0.8675913206964894
2,906,fixed-general,0.4,0.25,0.5886260380766701
2,906,fixed-specific,0.8,0.5,0.7255251831141858
2,906,learned,0.4,0.25,0.5886260380766701
2,906,popularity,0.6,1.0,0.7639572262470341
2,906,random,0.4,0.5,0.387017368214509
2,907,fixed-general,0.4,0.5,0.6736314697678727
2,907,fixed-specific,0.4,0.3333333333333333,0.6150943898978523
2,907,learned,0.6,0.5,0.71736649560532
2,907,popularity,0.4,0.3333333333333333,0.646910188523972
2,907,random,0.2,0.5,0.36789186550860126
2,908,fixed-general,0.8,1.0,0.7595937562811165
2,908,fixed-specific,0.4,0.3333333333333333,0.5386792075766109
2,908,learned,0.8,1.0,0.7558779381985254
2,908,popularity,0.6,1.0,0.7750654507607585
2,908,random,1.0,1.0,0.7499999999999999
2,909,fixed-general,1.0,1.0,1.0
2,909,fixed-specific,1.0,1.0,1.0
2,909,learned,1.0,1.0,1.0
2,909,popularity,0.2,1.0,0.5594401368490775
2,909,random,0.6,0.3333333333333333,0.7025644415727468
2,910,fixed-general,0.2,0.2,0.21116575732307669
2,910,fixed-specific,0.4,1.0,0.6595712971173471
2,910,learned,0.0,0.0,0.06782736233947295
2,910,popularity,0.6,1.0,0.797508938191208
2,910,random,0.0,0.0,0.18836814155804604
2,911,fixed-general,0.2,1.0,0.4299677733104692
2,911,fixed-specific,0.4,0.5,0.49228574847720336
2,911,learned,0.4,0.5,0.41069743511254697
2,911,popularity,1.0,1.0,1.0
2,911,random,0.6,1.0,0.7639572262470341
2,912,fixed-general,0.8,1.0,0.9562649741625527
2,912,fixed-specific,0.6,1.0,0.7714160225925206
2,912,learned,0.8,1.0,0.9562649741625527
2,912,popularity,0.6,0.5,0.8382571482945591
2,912,random,0.6,1.0,0.8201054725400894
2,913,fixed-general,0.8,1.0,0.7621029200939134
2,913,fixed-specific,0.8,1.0,0.8443220749053792
2,913,learned,0.6,1.0,0.7484744669189886
2,913,popularity,1.0,1.0,0.904546517252682
2,913,random,0.4,1.0,0.6774497309591406
2,914,fixed-general,1.0,1.0,0.8909372554116952
2,914,fixed-specific,0.8,1.0,0.737679744555237
2,914,learned,1.0,1.0,0.8909372554116952
2,914,popularity,0.6,1.0,0.6846518292772928
2,914,random,0.6,0.5,0.48683752374074224
2,915,fixed-general,0.6,1.0,0.7590911424516829
2,915,fixed-specific,0.8,1.0,0.830419897363192
2,915,learned,0.6,1.0,0.7590911424516829
2,915,popularity,1.0,1.0,1.0
2,915,random,0.8,1.0,0.8539316501572936
2,916,fixed-general,1.0,1.0,0.8882866175020359
2,916,fixed-specific,1.0,1.0,0.861713382497964
2,916,learned,1.0,1.0,0.9576049743407979
2,916,popularity,1.0,1.0,0.877185076977606
2,916,random,0.8,0.5,0.734528305520358
2,917,fixed-general,0.4,1.0,0.645287047594616
2,917,fixed-specific,0.4,1.0,0.6682718837602242
2,917,learned,0.4,1.0,0.645287047594616
2,917,popularity,0.8,1.0,0.9607071630450296
2,917,random,0.4,1.0,0.6745292682578647
2,918,fixed-general,0.6,0.5,0.7839172758749444
2,918,fixed-specific,0.0,0.0,0.5416502961461069
2,918,learned,0.2,0.2,0.664350027551551
2,918,popularity,0.6,0.3333333333333333,0.7627455598792725
2,918,random,0.4,1.0,0.6505075140720346
2,919,fixed-general,0.2,0.2,0.4821851775861049
2,919,fixed-specific,0.2,0.2,0.4821851775861049
2,919,learned,0.2,0.2,0.4821851775861049
2,919,popularity,0.2,0.25,0.5327750577596355
2,919,random,0.0,0.0,0.3189171638376853
2,920,fixed-general,0.8,1.0,0.7968589798489021
2,920,fixed-specific,0.8,1.0,0.7805509790595397
2,920,learned,0.8,1.0,0.7968589798489021
2,920,popularity,0.8,1.0,0.767197376881162
2,920,random,0.6,1.0,0.6275922453382301
2,921,fixed-general,0.8,1.0,0.7756884280004483
2,921,fixed-specific,0.6,1.0,0.5997935173817787
2,921,learned,0.6,1.0,0.665962801662769
2,921,popularity,0.4,1.0,0.6037860943385666
2,921,random,0.6,1.0,0.6090225854483111
2,924,fixed-general,0.6,1.0,0.8588860742674151
2,924,fixed-specific,0.6,1.0,0.8312923451933533
2,924,learned,0.8,1.0,0.928671245088491
2,924,popularity,0.8,1.0,0.928671245088491
2,924,random,0.4,1.0,0.6955996384715408
2,925,fixed-general,0.6,0.5,0.660839794726384
2,925,fixed-specific,0.8,0.5,0.773893196484256
2,925,learned,0.8,0.5,0.773893196484256
2,925,popularity,0.8,1.0,0.8573424901769817
2,925,random,0.6,1.0,0.8151510484299679
2,926,fixed-general,0.4,0.3333333333333333,0.5109715122519749
2,926,fixed-specific,0.4,0.3333333333333333,0.5998078310313668
2,926,learned,0.4,0.3333333333333333,0.5939272940256491
2,926,popularity,0.8,1.0,0.7840976325580767
2,926,random,0.4,0.3333333333333333,0.4769249120134543
2,927,fixed-general,0.8,0.5,0.7163757207677109
2,927,fixed-specific,0.6,1.0,0.7301357667110312
2,927,learned,0.6,0.5,0.6482101787626605
2,927,popularity,0.8,1.0,0.7995452228690382
2,927,random,0.6,1.0,0.6921427541135693
2,928,fixed-general,0.8,1.0,0.928671245088491
2,928,fixed-specific,0.8,1.0,0.9434732991210639
2,928,learned,0.8,1.0,0.928671245088491
2,928,popularity,0.8,1.0,0.9434732991210639
2,928,random,1.0,1.0,1.0
2,929,fixed-general,1.0,1.0,1.0
2,929,fixed-specific,0.8,0.5,0.7456298460447879
2,929,learned,0.8,1.0,0.9015961918657437
2,929,popularity,0.8,1.0,0.8193183568387621
2,929,random,0.8,1.0,0.8728149230223939
2,930,fixed-general,1.0,1.0,1.0
2,930,fixed-specific,0.4,1.0,0.7747656443144173
2,930,learned,1.0,1.0,1.0
2,930,popularity,0.8,1.0,0.9562649741625527
2,930,random,0.4,1.0,0.8023593733884791
2,931,fixed-general,0.8,1.0,0.7621029200939134
2,931,fixed-specific,0.8,1.0,0.8073956271442654
2,931,learned,0.8,1.0,0.7621029200939134
2,931,popularity,0.6,1.0,0.8551223685179244
2,931,random,0.4,1.0,0.7060616073912299
2,932,fixed-general,0.4,1.0,0.7060616073912299
2,932,fixed-specific,0.4,1.0,0.7185593083648736
2,932,learned,0.4,1.0,0.7185593083648736
2,932,popularity,0.6,1.0,0.7554857561259873
2,932,random,1.0,1.0,0.9397755576526973
2,934,fixed-general,0.2,0.2,0.5173044252839332
2,934,fixed-specific,0.4,0.5,0.6940430048234942
2,934,learned,0.2,0.2,0.5259397958093185
2,934,popularity,0.6,1.0,1.0
2,934,random,0.0,0.0,0.4458715307410464
2,935,fixed-general,0.8,1.0,0.7706166076144062
2,935,fixed-specific,0.8,0.5,0.7147556348292026
2,935,learned,0.8,1.0,0.7603082961186196
2,935,popularity,0.8,1.0,0.8850378825525761
2,935,random,0.4,1.0,0.6675828876012772
2,936,fixed-general,0.4,1.0,0.6346942806874578
2,936,fixed-specific,0.6,1.0,0.7472368912025291
2,936,learned,0.4,1.0,0.6232637168839079
2,936,popularity,0.6,1.0,0.6987272787013203
2,936,random,0.4,0.3333333333333333,0.45328581179656824
2,937,fixed-general,0.8,1.0,0.9187693091354482
2,937,fixed-specific,0.8,1.0,0.9359161431079067
2,937,learned,0.8,1.0,0.9562559623189038
2,937,popularity,0.8,1.0,0.767197376881162
2,937,random,0.4,1.0,0.5362559378578976
2,939,fixed-general,0.8,1.0,0.8385058694009951
2,939,fixed-specific,0.8,1.0,0.8809008950601972
2,939,learned,1.0,1.0,0.9210878868801213
2,939,popularity,0.6,1.0,0.6748037049627126
2,939,random,0.8,1.0,0.7828012693780854
2,940,fixed-general,0.2,0.2,0.475486181349911
2,940,fixed-specific,0.2,1.0,0.6950545148405689
2,940,learned,0.2,0.25,0.4806671973276848
2,940,popularity,0.0,0.0,0.6971568390345979
2,940,random,0.2,0.5,0.5944119405180102
2,941,fixed-general,0.6,0.5,0.7531149421678056
2,941,fixed-specific,0.8,0.5,0.7968589798489021
2,941,learned,0.6,0.5,0.7531149421678056
2,941,popularity,1.0,1.0,0.9625133468165444
2,941,random,0.8,1.0,0.9187693091354482
2,942,fixed-general,0.6,0.5,0.6578018165898974
2,942,fixed-specific,0.6,1.0,0.8210470311780389
2,942,learned,0.4,0.5,0.618508979634927
2,942,popularity,0.8,1.0,0.8343456330323578
2,942,random,0.4,0.3333333333333333,0.46374406214210245
2,943,fixed-general,0.6,0.5,0.5717819164219526
2,943,fixed-specific,0.4,0.5,0.5531122792270383
2,943,learned,0.4,1.0,0.5958009404249905
2,943,popularity,0.8,1.0,0.8450978841584552
2,943,random,0.2,0.25,0.33516577520255436
2,944,fixed-general,0.4,0.5,0.7817304474156231
2,944,fixed-specific,0.4,1.0,0.7669283933830501
2,944,learned,0.4,1.0,0.8362467693034749
2,944,popularity,0.2,0.5,0.6406165216830383
2,944,random,0.4,1.0,0.7379954215781759
2,945,fixed-general,0.8,1.0,0.8198438160145101
2,945,fixed-specific,0.4,1.0,0.6801836841475194
2,945,learned,0.6,1.0,0.7716485776072879
2,945,popularity,1.0,1.0,0.8984294899244509
2,945,random,0.6,1.0,0.7950527960773872
2,946,fixed-general,0.8,0.5,0.8090930345053641
2,946,fixed-specific,0.6,1.0,0.7363708911844177
2,946,learned,0.6,0.5,0.7721665867442502
2,946,popularity,1.0,1.0,0.9397755576526973
2,946,random,0.2,0.5,0.6231058256175556
2,947,fixed-general,0.4,0.5,0.5037637831074717
2,947,fixed-specific,1.0,1.0,0.9069336520050753
2,947,learned,0.4,0.5,0.5898229876085214
2,947,popularity,0.8,1.0,0.8516228203322161
2,947,random,0.8,1.0,0.6472582821807898
2,948,fixed-general,1.0,1.0,1.0
2,948,fixed-specific,1.0,1.0,0.9248037049627126
2,948,learned,1.0,1.0,1.0
2,948,popularity,1.0,1.0,0.8728149230223939
2,948,random,0.8,1.0,0.8289121131198786
2,949,fixed-general,0.4,0.5,0.5697856586978925
2,949,fixed-specific,0.2,0.5,0.24293187575839695
2,949,learned,0.4,0.5,0.5634699241588941
2,949,popularity,0.6,1.0,0.8121766919470353
2,949,random,0.6,0.5,0.6588946620439988
2,950,fixed-general,0.8,1.0,0.8343456330323578
2,950,fixed-specific,0.6,0.5,0.665626866805613
2,950,learned,0.6,0.5,0.6789804689839908
2,950,popularity,1.0,1.0,1.0
2,950,random,0.2,0.25,0.424451225187132
2,951,fixed-general,0.8,0.5,0.7017270361422726
2,951,fixed-specific,0.6,1.0,0.6906254956178427
2,951,learned,0.6,0.5,0.6748037049627126
2,951,popularity,0.8,1.0,0.8554853481239504
2,951,random,0.6,1.0,0.8189682606632739
2,952,fixed-general,0.6,0.5,0.5907291200389485
2,952,fixed-specific,0.4,0.5,0.6585184902584471
2,952,learned,0.6,0.5,0.5907291200389485
2,952,popularity,0.2,1.0,0.5253122408377295
2,952,random,0.6,1.0,0.768996521675898
2,953,fixed-general,0.8,1.0,0.9434732991210639
2,953,fixed-specific,0.8,0.5,0.8869465982421281
2,953,learned,0.6,1.0,0.8947838491734952
2,953,popularity,0.8,1.0,0.928671245088491
2,953,random,0.4,1.0,0.8510488233360479
2,954,fixed-general,0.4,1.0,0.6579776477491929
2,954,fixed-specific,0.6,1.0,0.665962801662769
2,954,learned,0.4,1.0,0.665962801662769
2,954,popularity,0.6,0.5,0.6818344426177827
2,954,random,0.6,0.3333333333333333,0.5086881948029445
2,955,fixed-general,0.8,1.0,0.9152104119601645
2,955,fixed-specific,0.8,1.0,0.9192029889169524
2,955,learned,0.8,1.0,0.9152104119601645
2,955,popularity,0.4,0.5,0.6977554170088656
2,955,random,0.2,0.5,0.5947216969957364
2,956,fixed-general,0.6,1.0,0.8808380988255083
2,956,fixed-specific,0.4,1.0,0.8187979856329205
2,956,learned,0.6,1.0,0.8766996654761581
2,956,popularity,0.8,1.0,0.8841966403135249
2,956,random,0.2,0.3333333333333333,0.5334280835217787
2,957,fixed-general,0.8,1.0,0.9244889673558693
2,957,fixed-specific,0.6,1.0,0.8566616050163963
2,957,learned,0.8,1.0,0.9244889673558693
2,957,popularity,0.4,1.0,0.5997421034813759
2,957,random,0.4,0.3333333333333333,0.44409069356121506
2,958,fixed-general,0.6,1.0,0.907575524214984
2,958,fixed-specific,1.0,1.0,1.0
2,958,learned,0.6,1.0,0.907575524214984
2,958,popularity,0.8,1.0,0.928671245088491
2,958,random,0.4,0.25,0.7025644415727468
2,959,fixed-general,0.8,0.5,0.6763114892060259
2,959,fixed-specific,0.8,1.0,0.7605981883292258
2,959,learned,0.8,0.5,0.7091127585841113
2,959,popularity,0.8,1.0,0.7860137352654724
2,959,random,0.8,1.0,0.8029932139884277
2,960,fixed-general,0.2,1.0,0.6841538200087609
2,960,fixed-specific,0.2,1.0,0.6841538200087609
2,960,learned,0.2,1.0,0.6732358876098966
2,960,popularity,0.4,1.0,0.9377168077248123
2,960,random,0.0,0.0,0.48320990645838063
2,961,fixed-general,0.6,1.0,0.6482595121987297
2,961,fixed-specific,0.6,1.0,0.6561953326762365
2,961,learned,0.6,1.0,0.6209509828826061
2,961,popularity,0.4,1.0,0.7143794630436509
2,961,random,0.6,1.0,0.729007189845708
2,962,fixed-general,0.4,1.0,0.5419362868725148
2,962,fixed-specific,0.2,0.3333333333333333,0.40527830300426354
2,962,learned,0.4,1.0,0.5293048177945177
2,962,popularity,1.0,1.0,1.0
2,962,random,0.4,1.0,0.5213196638809416
2,963,fixed-general,0.4,1.0,0.7513087583962909
2,963,fixed-specific,0.4,1.0,0.7646073602506097
2,963,learned,0.4,1.0,0.7646073602506097
2,963,popularity,1.0,1.0,1.0
2,963,random,0.0,0.0,0.49738248320741835
2,964,fixed-general,0.8,1.0,0.7552350599060309
2,964,fixed-specific,0.8,1.0,0.7629187302106887
2,964,learned,0.8,1.0,0.7891962119024858
2,964,popularity,0.8,1.0,0.8429006539912128
2,964,random,0.2,0.25,0.49332424451354867
2,965,fixed-general,0.6,0.5,0.633958623746155
2,965,fixed-specific,0.6,0.5,0.5780976509609513
2,965,learned,0.6,0.5,0.633958623746155
2,965,popularity,1.0,1.0,0.8058609574080366
2,965,random,0.6,0.3333333333333333,0.5661692535266564
2,966,fixed-general,0.6,1.0,0.7304903541787
2,966,fixed-specific,0.4,0.3333333333333333,0.632602837108075
2,966,learned,0.4,1.0,0.7310570093385172
2,966,popularity,0.8,1.0,0.771599931584433
2,966,random,0.4,1.0,0.6899474319327844
2,967,fixed-general,0.6,0.5,0.6674880509011867
2,967,fixed-specific,0.6,0.5,0.6445032147355785
2,967,learned,0.6,0.5,0.6585856494489348
2,967,popularity,0.4,1.0,0.7265177384591679
2,967,random,0.4,0.5,0.6307852305767685
2,968,fixed-general,0.6,1.0,0.7190751116441412
2,968,fixed-specific,0.4,0.5,0.41213488005251636
2,968,learned,0.6,1.0,0.7310035090784361
2,968,popularity,0.6,1.0,0.5732373931454264
2,968,random,0.6,1.0,0.7120563054614403
2,969,fixed-general,1.0,1.0,0.7828012693780854
2,969,fixed-specific,1.0,1.0,0.8193183568387621
2,969,learned,1.0,1.0,0.7828012693780854
2,969,popularity,1.0,1.0,0.877185076977606
2,969,random,0.8,1.0,0.8728149230223939
2,970,fixed-general,0.8,1.0,0.8073956271442654
2,970,fixed-specific,0.6,1.0,0.7774804685901505
2,970,learned,0.8,1.0,0.7965953335317203
2,970,popularity,0.6,1.0,0.7596688857706065
2,970,random,0.4,1.0,0.587310130057723
2,971,fixed-general,0.6,1.0,0.6033232280080162
2,971,fixed-specific,0.8,1.0,0.6758081370108217
2,971,learned,0.8,1.0,0.7017270361422726
2,971,popularity,0.8,1.0,0.8592011662065416
2,971,random,0.6,0.5,0.5008534483706923
2,972,fixed-general,0.4,1.0,0.6739262996498786
2,972,fixed-specific,0.6,1.0,0.8357324344993813
2,972,learned,0.4,1.0,0.6739262996498786
2,972,popularity,0.2,0.2,0.530417935664748
2,972,random,0.4,0.5,0.45285461266728455
2,973,fixed-general,0.2,0.5,0.4713882481067667
2,973,fixed-specific,0.4,0.3333333333333333,0.6034041940090933
2,973,learned,0.4,0.5,0.589266758971678
2,973,popularity,0.6,1.0,0.7760997783334138
2,973,random,0.4,0.3333333333333333,0.5963629766524151
2,974,fixed-general,0.8,1.0,0.8306936217304544
2,974,fixed-specific,0.6,1.0,0.7446854625134423
2,974,learned,0.8,1.0,0.8306936217304544
2,974,popularity,0.8,1.0,0.9463927216206235
2,974,random,0.4,0.5,0.5645787906313514
2,975,fixed-general,0.4,0.5,0.7023296871300311
2,975,fixed-specific,0.4,0.3333333333333333,0.645287047594616
2,975,learned,0.4,0.3333333333333333,0.6934822860018383
2,975,popularity,0.8,1.0,0.8343456330323578
2,975,random,0.4,1.0,0.7398163403134869
2,976,fixed-general,0.4,0.5,0.6940430048234942
2,976,fixed-specific,0.4,1.0,0.7946258678343185
2,976,learned,0.4,0.5,0.6940430048234942
2,976,popularity,0.0,0.0,0.540034132534136
2,976,random,0.2,0.5,0.6403951830736918
2,977,fixed-general,0.4,0.5,0.4200834548320122
2,977,fixed-specific,0.4,1.0,0.6552660962249912
2,977,learned,0.6,0.5,0.5336547177487778
2,977,popularity,0.8,1.0,0.8506118419735341
2,977,random,0.0,0.0,0.21282857666670246
2,978,fixed-general,0.6,1.0,0.8849362192510436
2,978,fixed-specific,0.2,0.2,0.710401692504114
2,978,learned,0.6,0.5,0.8432115724046808
2,978,popularity,1.0,1.0,1.0
2,978,random,0.6,1.0,0.8849362192510436
2,979,fixed-general,1.0,1.0,0.8193183568387621
2,979,fixed-specific,1.0,1.0,0.8728149230223939
2,979,learned,1.0,1.0,0.8193183568387621
2,979,popularity,1.0,1.0,0.9576049743407979
2,979,random,1.0,1.0,1.0
2,980,fixed-general,0.8,1.0,0.8937462236401369
2,980,fixed-specific,0.4,1.0,0.6625179956621899
2,980,learned,0.6,1.0,0.7948979261706218
2,980,popularity,0.8,1.0,0.8962319459236574
2,980,random,0.6,0.3333333333333333,0.6886441498107586
2,981,fixed-general,1.0,1.0,0.861713382497964
2,981,fixed-specific,1.0,1.0,0.8458915918428338
2,981,learned,1.0,1.0,0.8786928612209193
2,981,popularity,1.0,1.0,0.7499999999999999
2,981,random,1.0,1.0,0.8251962950372874
2,982,fixed-general,0.4,1.0,0.6541894490468678
2,982,fixed-specific,0.4,1.0,0.5997368261420049
2,982,learned,0.4,1.0,0.6815704856145429
2,982,popularity,0.8,1.0,0.9214143260900591
2,982,random,0.6,1.0,0.7601561595244838
2,983,fixed-general,0.6,1.0,0.7102447370358489
2,983,fixed-specific,0.6,1.0,0.7770863433510777
2,983,learned,0.6,1.0,0.7143761787202545
2,983,popularity,0.8,1.0,0.9164775630665085
2,983,random,0.8,0.5,0.6534151094107434
2,984,fixed-general,0.4,0.5,0.44461111628228345
2,984,fixed-specific,0.6,1.0,0.7108818401423714
2,984,learned,0.6,0.3333333333333333,0.5272379256832851
2,984,popularity,0.8,1.0,0.8093489420470388
2,984,random,0.6,0.3333333333333333,0.48948240936121984
2,985,fixed-general,0.6,0.5,0.7301581706468088
2,985,fixed-specific,0.2,1.0,0.6518646126340936
2,985,learned,0.4,0.5,0.6327792707516711
2,985,popularity,0.6,1.0,0.8382571482945591
2,985,random,0.2,0.2,0.3642766841292919
2,986,fixed-general,0.4,0.25,0.6820269858428326
2,986,fixed-specific,0.4,0.5,0.6642154030232885
2,986,learned,0.4,0.25,0.6778438561982135
2,986,popularity,0.6,1.0,0.8206299550801176
2,986,random,0.4,1.0,0.7412906477912451
2,987,fixed-general,0.6,0.5,0.7017479939656537
2,987,fixed-specific,0.8,1.0,0.7483798986843249
2,987,learned,0.6,0.5,0.6835038619923601
2,987,popularity,0.8,1.0,0.8514136186974538
2,987,random,0.8,1.0,0.8474210417406659
2,988,fixed-general,0.2,0.25,0.576477565022443
2,988,fixed-specific,0.6,1.0,0.822485003442822
2,988,learned,0.2,0.25,0.576477565022443
2,988,popularity,0.8,1.0,0.9072745914826575
2,988,random,0.6,0.5,0.7250639463249892
2,989,fixed-general,0.4,0.5,0.7646073602506097
2,989,fixed-specific,0.6,1.0,0.8387968337584836
2,989,learned,0.6,0.5,0.8039001972055801
2,989,popularity,0.8,1.0,0.8343456330323578
2,989,random,0.2,0.25,0.5411265208885147
2,990,fixed-general,0.4,1.0,0.8510488233360479
2,990,fixed-specific,0.6,1.0,0.8721445442095549
2,990,learned,0.6,1.0,0.8997382732836168
2,990,popularity,0.4,1.0,0.7570807634605985
2,990,random,1.0,1.0,1.0
2,991,fixed-general,0.6,1.0,0.7072548781653097
2,991,fixed-specific,0.6,1.0,0.6379365213265478
2,991,learned,0.6,1.0,0.7072548781653097
2,991,popularity,0.6,1.0,0.7013769399667844
2,991,random,0.6,1.0,0.5910180856924176
2,992,fixed-general,0.4,1.0,0.5859477393862291
2,992,fixed-specific,0.6,1.0,0.6880673656030766
2,992,learned,0.4,1.0,0.5859477393862291
2,992,popularity,0.8,1.0,0.7945571457751363
2,992,random,0.6,0.5,0.5225531772243479
2,993,fixed-general,0.4,0.5,0.7023296871300311
2,993,fixed-specific,0.8,1.0,0.8546854522433548
2,993,learned,0.4,1.0,0.7398163403134869
2,993,popularity,1.0,1.0,0.8984294899244509
2,993,random,0.4,0.5,0.7067808878561571
2,994,fixed-general,1.0,1.0,0.9576049743407979
2,994,fixed-specific,0.8,1.0,0.9269658250786468
2,994,learned,1.0,1.0,0.9671987306219145
2,994,popularity,1.0,1.0,0.9576049743407979
2,994,random,0.8,1.0,0.7971152757899023
2,995,fixed-general,0.2,1.0,0.5594401368490775
2,995,fixed-specific,0.0,0.0,0.18438215666938124
2,995,learned,0.2,0.5,0.43225581731890445
2,995,popularity,0.6,1.0,0.7994765465672335
2,995,random,0.6,1.0,0.7408782483994215
2,996,fixed-general,0.4,1.0,0.6774497309591406
2,996,fixed-specific,0.4,1.0,0.6047275876381942
2,996,learned,0.4,1.0,0.664952029985497
2,996,popularity,0.6,1.0,0.7596688857706065
2,996,random,0.2,0.2,0.4155180295046569
2,997,fixed-general,0.6,0.5,0.7380682985455163
2,997,fixed-specific,0.6,0.5,0.7119421443969476
2,997,learned,0.6,0.5,0.7077590147523284
2,997,popularity,0.6,1.0,0.7554857561259873
2,997,random,0.4,1.0,0.7060616073912299
2,998,fixed-general,0.6,1.0,0.8073956271442654
2,998,fixed-specific,0.6,1.0,0.7484744669189886
2,998,learned,0.8,1.0,0.8443220749053792
2,998,popularity,0.0,0.0,0.28144069163512647
2,998,random,0.2,0.3333333333333333,0.37689417438244444
3,700,fixed-general,0.8,1.0,0.8073956271442654
3,700,fixed-specific,1.0,1.0,0.9875022990263562
3,700,learned,1.0,1.0,0.9289752640401522
3,700,popularity,0.8,0.5,0.6945246868164763
3,700,random,0.4,0.3333333333333333,0.6994444434233038
3,701,fixed-general,0.8,1.0,0.7578799455265084
3,701,fixed-specific,0.6,1.0,0.781512541597828
3,701,learned,0.8,1.0,0.8208269766773071
3,701,popularity,0.8,1.0,0.7968324113804252
3,701,random,0.4,0.5,0.5306703207833332
3,702,fixed-general,0.8,1.0,0.7483798986843249
3,702,fixed-specific,0.6,0.5,0.6795112850355721
3,702,learned,0.6,1.0,0.7250639463249892
3,702,popularity,0.4,0.3333333333333333,0.6532819991487026
3,702,random,1.0,1.0,0.8514136186974538
3,703,fixed-general,0.4,0.3333333333333333,0.4485078067114701
3,703,fixed-specific,0.4,1.0,0.6476693362534063
3,703,learned,0.4,1.0,0.6124249864597758
3,703,popularity,0.6,1.0,0.7387746588322404
3,703,random,0.6,1.0,0.7928533165444878
3,704,fixed-general,0.4,1.0,0.5832252841669274
3,704,fixed-specific,0.8,1.0,0.8730199708353388
3,704,learned,0.6,1.0,0.7190859331680977
3,704,popularity,0.4,1.0,0.7361208257978232
3,704,random,0.4,0.5,0.6374976198034413
3,705,fixed-general,0.2,0.25,0.6023027148563634
3,705,fixed-specific,0.4,1.0,0.7162285644443968
3,705,learned,0.4,0.3333333333333333,0.6538749916251779
3,705,popularity,0.8,0.5,0.8869465982421281
3,705,random,0.2,1.0,0.6386061426919539
3,706,fixed-general,0.8,1.0,0.8458915918428338
3,706,fixed-specific,0.8,1.0,0.8140947545128576
3,706,learned,0.8,1.0,0.8786928612209193
3,706,popularity,0.8,1.0,0.8824086793035105
3,706,random,0.6,1.0,0.6420024355846271
3,707,fixed-general,0.2,0.5,0.5029414234142165
3,707,fixed-specific,0.0,0.0,0.16914020284711032
3,707,learned,0.2,0.2,0.33002069793270217
3,707,popularity,0.2,0.5,0.6159843357538826
3,707,random,0.4,0.5,0.49474573378516723
3,708,fixed-general,0.6,1.0,0.7223598747726397
3,708,fixed-specific,0.4,1.0,0.5783449529782531
3,708,learned,0.6,1.0,0.7041280326110629
3,708,popularity,0.6,1.0,0.6637751014952384
3,708,random,0.6,1.0,0.6670490430997805
3,709,fixed-general,0.2,1.0,0.6646005170845113
3,709,fixed-specific,0.4,0.3333333333333333,0.6777335587910261
3,709,learned,0.2,1.0,0.6646005170845113
3,709,popularity,0.4,1.0,0.8217857936998224
3,709,random,0.0,0.0,0.48320990645838063
3,710,fixed-general,0.8,1.0,0.7729397651966169
3,710,fixed-specific,0.6,0.5,0.5867365430821605
3,710,learned,0.8,1.0,0.7653801165046616
3,710,popularity,0.8,1.0,0.8593494391749608
3,710,random,0.6,0.3333333333333333,0.5542408560923615
3,711,fixed-general,0.4,0.3333333333333333,0.48853508207922547
3,711,fixed-specific,0.2,1.0,0.5463615544736781
3,711,learned,0.4,1.0,0.6249472283836189
3,711,popularity,0.2,0.3333333333333333,0.44479104439812905
3,711,random,0.4,1.0,0.6934822860018383
3,712,fixed-general,1.0,1.0,0.7865170874606766
3,712,fixed-specific,1.0,1.0,0.8289121131198786
3,712,learned,1.0,1.0,0.7828012693780854
3,712,popularity,1.0,1.0,0.8289121131198786
3,712,random,1.0,1.0,0.834790051318404
3,713,fixed-general,0.2,0.25,0.5412332152288125
3,713,fixed-specific,0.4,1.0,0.5668723251703587
3,713,learned,0.4,0.3333333333333333,0.5788007226046537
3,713,popularity,1.0,1.0,0.9441390272147963
3,713,random,0.2,0.25,0.48375215650510056
3,714,fixed-general,0.2,0.2,0.5028545122842162
3,714,fixed-specific,0.2,0.5,0.6268135828534133
3,714,learned,0.2,0.3333333333333333,0.5355996169582665
3,714,popularity,0.2,0.3333333333333333,0.5197845676757866
3,714,random,0.2,0.5,0.5411114736450947
3,715,fixed-general,0.4,0.3333333333333333,0.5306391492621512
3,715,fixed-specific,0.4,0.5,0.6224648268469057
3,715,learned,0.4,0.5,0.5587201685095364
3,715,popularity,1.0,1.0,0.9634829125393233
3,715,random,0.6,0.5,0.6614941305990047
3,716,fixed-general,0.6,1.0,0.9016044676722785
3,716,fixed-specific,0.6,0.5,0.7839172758749444
3,716,learned,0.6,1.0,0.8869460626399677
3,716,popularity,0.4,1.0,0.8210570732913071
3,716,random,0.0,0.0,0.39627807738973986
3,717,fixed-general,0.2,1.0,0.6283459608508587
3,717,fixed-specific,0.8,1.0,0.7939325599737419
3,717,learned,0.2,1.0,0.6283459608508587
3,717,popularity,0.6,1.0,0.7849174960669809
3,717,random,0.4,1.0,0.6568984043199388
3,718,fixed-general,0.0,0.0,0.28736413116455006
3,718,fixed-specific,0.2,0.2,0.522835620209714
3,718,learned,0.0,0.0,0.28736413116455006
3,718,popularity,0.4,0.5,0.5862162508889608
3,718,random,0.0,0.0,0.07459099395957194
3,719,fixed-general,0.6,1.0,0.8638404983775366
3,719,fixed-specific,0.4,0.5,0.6864231448093615
3,719,learned,0.6,1.0,0.8412011934135963
3,719,popularity,0.4,0.5,0.7507870966196646
3,719,random,0.2,0.2,0.710401692504114
3,720,fixed-general,0.8,1.0,0.8082168163143322
3,720,fixed-specific,0.4,0.3333333333333333,0.3558354442994387
3,720,learned,0.8,1.0,0.8082168163143322
3,720,popularity,0.6,1.0,0.8189682606632739
3,720,random,0.8,1.0,0.9269658250786468
3,721,fixed-general,0.4,1.0,0.6458371650439272
3,721,fixed-specific,0.6,1.0,0.8729339513374685
3,721,learned,0.8,1.0,0.8467561092286863
3,721,popularity,0.6,1.0,0.7774804685901505
3,721,random,0.4,1.0,0.716861901003775
3,722,fixed-general,0.8,1.0,0.8421757737602428
3,722,fixed-specific,0.8,1.0,0.7330205212770446
3,722,learned,0.8,1.0,0.7939028099025153
3,722,popularity,0.8,1.0,0.8734692588950149
3,722,random,0.2,1.0,0.5430493615318229
3,723,fixed-general,0.8,1.0,0.9562649741625527
3,723,fixed-specific,0.8,1.0,0.928671245088491
3,723,learned,1.0,1.0,1.0
3,723,popularity,1.0,1.0,1.0
3,723,random,0.2,0.2,0.597348290746242
3,724,fixed-general,0.6,0.5,0.720868634981162
3,724,fixed-specific,0.0,0.0,0.22342676499592815
3,724,learned,0.6,0.3333333333333333,0.6386367136775241
3,724,popularity,0.8,1.0,0.8517695300413594
3,724,random,0.8,1.0,0.8809008950601972
3,725,fixed-general,0.2,0.5,0.6377336948617925
3,725,fixed-specific,0.2,0.5,0.689305971630607
3,725,learned,0.2,0.5,0.6455709457931598
3,725,popularity,0.4,1.0,0.8284095183721076
3,725,random,0.2,0.25,0.6440273617027265
3,726,fixed-general,0.6,0.5,0.830419897363192
3,726,fixed-specific,0.4,0.3333333333333333,0.6130840109067679
3,726,learned,0.4,0.5,0.7429498456882975
3,726,popularity,0.6,1.0,0.8156178433306188
3,726,random,0.4,0.5,0.6327792707516711
3,727,fixed-general,0.2,0.5,0.6814687206992398
3,727,fixed-specific,0.2,0.3333333333333333,0.674503917598034
3,727,learned,0.2,0.5,0.689305971630607
3,727,popularity,0.6,1.0,0.7895676983469904
3,727,random,0.4,0.5,0.7429498456882975
3,728,fixed-general,0.6,0.3333333333333333,0.5931906670634407
3,728,fixed-specific,0.4,0.3333333333333333,0.5520810896577077
3,728,learned,0.6,0.3333333333333333,0.5931906670634407
3,728,popularity,0.6,1.0,0.8073956271442654
3,728,random,0.4,1.0,0.7757830612290519
3,729,fixed-general,0.6,1.0,0.7134027229083442
3,729,fixed-specific,0.6,1.0,0.7773029934969424
3,729,learned,0.6,1.0,0.8357324344993813
3,729,popularity,0.4,1.0,0.8065452141601913
3,729,random,0.4,0.5,0.44840341194115857
3,730,fixed-general,1.0,1.0,1.0
3,730,fixed-specific,1.0,1.0,1.0
3,730,learned,1.0,1.0,1.0
3,730,popularity,0.8,1.0,0.9513105500524313
3,730,random,0.8,0.5,0.773893196484256
3,731,fixed-general,0.2,0.2,0.3595053486586862
3,731,fixed-specific,0.2,0.2,0.32148047695469634
3,731,learned,0.0,0.0,0.2939028099025153
3,731,popularity,0.8,1.0,0.8941645557005614
3,731,random,0.8,1.0,0.7611015405244298
3,732,fixed-general,0.8,1.0,0.7880248717039899
3,732,fixed-specific,0.6,0.5,0.5915214378876218
3,732,learned,0.6,1.0,0.7097670944567321
3,732,popularity,1.0,1.0,0.9041084081571661
3,732,random,0.4,0.3333333333333333,0.5022080338392779
3,733,fixed-general,1.0,1.0,0.8443220749053792
3,733,fixed-specific,1.0,1.0,0.8443220749053792
3,733,learned,1.0,1.0,0.8443220749053792
3,733,popularity,1.0,1.0,0.8920488162790383
3,733,random,1.0,1.0,0.8443220749053792
3,734,fixed-general,0.4,0.3333333333333333,0.6475345724050258
3,734,fixed-specific,0.2,0.25,0.6039909606759858
3,734,learned,0.4,0.3333333333333333,0.6475345724050258
3,734,popularity,0.6,1.0,0.8687508216928496
3,734,random,0.2,0.25,0.5002229065996432
3,735,fixed-general,1.0,1.0,1.0
3,735,fixed-specific,0.8,0.5,0.773893196484256
3,735,learned,0.8,1.0,0.9125299483251055
3,735,popularity,0.6,1.0,0.8151510484299679
3,735,random,0.2,1.0,0.5594401368490775
3,736,fixed-general,1.0,1.0,0.9671987306219145
3,736,fixed-specific,1.0,1.0,0.9671987306219145
3,736,learned,1.0,1.0,1.0
3,736,popularity,0.6,1.0,0.7336748571496656
3,736,random,0.6,1.0,0.6784736093219601
3,737,fixed-general,0.6,1.0,0.7557599591224168
3,737,fixed-specific,0.6,1.0,0.7950527960773872
3,737,learned,0.6,1.0,0.7557599591224168
3,737,popularity,1.0,1.0,0.9625133468165444
3,737,random,0.6,0.5,0.7460737248111275
3,738,fixed-general,0.4,0.5,0.6007591770544821
3,738,fixed-specific,0.8,0.5,0.695288469773353
3,738,learned,0.4,0.5,0.605210377780608
3,738,popularity,0.6,1.0,0.783140995690092
3,738,random,0.6,1.0,0.6686912660647153
3,739,fixed-general,0.6,1.0,0.8849362192510436
3,739,fixed-specific,0.6,1.0,0.8156178433306188
3,739,learned,0.4,1.0,0.7458326725095431
3,739,popularity,0.8,1.0,0.9513105500524313
3,739,random,0.4,1.0,0.787557319355906
3,740,fixed-general,0.4,0.5,0.7817304474156231
3,740,fixed-specific,0.2,0.2,0.710401692504114
3,740,learned,0.4,0.5,0.7866848715257447
3,740,popularity,0.2,1.0,0.7359850425870915
3,740,random,0.2,0.2,0.710401692504114
3,741,fixed-general,0.4,0.3333333333333333,0.6051855416776092
3,741,fixed-specific,0.2,0.25,0.4872389341074071
3,741,learned,0.4,0.25,0.6312356866612376
3,741,popularity,0.4,1.0,0.5834186845438301
3,741,random,0.4,0.5,0.5605780680100007
3,742,fixed-general,0.0,0.0,0.3937506751234175
3,742,fixed-specific,0.0,0.0,0.3937506751234175
3,742,learned,0.0,0.0,0.3937506751234175
3,742,popularity,0.0,0.0,0.49479222926951455
3,742,random,0.0,0.0,0.5958337834156117
3,743,fixed-general,0.0,0.0,0.40769038367601884
3,743,fixed-specific,0.0,0.0,0.2519268864357317
3,743,learned,0.0,0.0,0.40769038367601884
3,743,popularity,0.2,1.0,0.635942550681849
3,743,random,0.2,0.25,0.45041096857664004
3,744,fixed-general,0.2,0.3333333333333333,0.5329532371782484
3,744,fixed-specific,0.6,0.5,0.6851722519983613
3,744,learned,0.2,0.5,0.5559093064387849
3,744,popularity,0.2,1.0,0.5931444000397819
3,744,random,0.4,0.3333333333333333,0.63630067027159
3,745,fixed-general,0.8,1.0,0.7965953335317203
3,745,fixed-specific,0.8,0.5,0.7488685921580613
3,745,learned,0.8,0.5,0.7488685921580613
3,745,popularity,1.0,1.0,0.8443220749053792
3,745,random,0.6,1.0,0.7363708911844177
3,746,fixed-general,0.6,1.0,0.5947339037750088
3,746,fixed-specific,0.6,1.0,0.5663027883521354
3,746,learned,0.6,1.0,0.5947339037750088
3,746,popularity,0.8,1.0,0.8362978355617173
3,746,random,0.6,1.0,0.7083052239367624
3,747,fixed-general,0.4,1.0,0.6117388768451931
3,747,fixed-specific,0.4,0.5,0.6123055320050104
3,747,learned,0.4,1.0,0.5748124290840793
3,747,popularity,0.8,1.0,0.8986659802469644
3,747,random,0.4,0.3333333333333333,0.6475345724050258
3,748,fixed-general,0.6,1.0,0.8153926152883844
3,748,fixed-specific,0.6,1.0,0.7906015953512613
3,748,learned,0.8,1.0,0.8476442348866765
3,748,popularity,0.4,1.0,0.7442675410396127
3,748,random,0.2,1.0,0.6130354279963237
3,749,fixed-general,0.6,0.3333333333333333,0.49044406282965086
3,749,fixed-specific,0.4,0.5,0.43944340936863996
3,749,learned,0.6,0.3333333333333333,0.49044406282965086
3,749,popularity,0.8,1.0,0.8058609574080366
3,749,random,0.4,1.0,0.5761013932368912
3,750,fixed-general,1.0,1.0,0.9421735276055474
3,750,fixed-specific,1.0,1.0,0.8984294899244509
3,750,learned,1.0,1.0,0.9421735276055474
3,750,popularity,0.4,1.0,0.8153926152883844
3,750,random,0.4,0.5,0.7023296871300311
3,751,fixed-general,1.0,1.0,0.9671987306219145
3,751,fixed-specific,1.0,1.0,0.9248037049627126
3,751,learned,1.0,1.0,0.9671987306219145
3,751,popularity,0.8,0.5,0.6980112180596814
3,751,random,1.0,1.0,0.8458915918428338
3,752,fixed-general,1.0,1.0,0.8458915918428338
3,752,fixed-specific,1.0,1.0,0.9137021644382827
3,752,learned,1.0,1.0,0.8289121131198786
3,752,popularity,1.0,1.0,0.915209948681596
3,752,random,1.0,1.0,0.946503433816368
3,753,fixed-general,0.8,0.5,0.6588946620439988
3,753,fixed-specific,0.8,1.0,0.7746091845711943
3,753,learned,1.0,1.0,0.8450978841584552
3,753,popularity,0.6,1.0,0.6442669352419417
3,753,random,0.4,1.0,0.6124249864597758
3,754,fixed-general,0.2,0.3333333333333333,0.5844819704953432
3,754,fixed-specific,0.6,1.0,0.7882807622026957
3,754,learned,0.2,0.3333333333333333,0.6583348660175709
3,754,popularity,0.6,1.0,0.8157101984732902
3,754,random,0.6,0.5,0.7422514281901353
3,755,fixed-general,0.4,0.5,0.5099321089559009
3,755,fixed-specific,0.2,0.25,0.15295513004488595
3,755,learned,0.4,1.0,0.5026993601220964
3,755,popularity,0.2,0.5,0.43075518381136163
3,755,random,0.4,1.0,0.6596470671237703
3,756,fixed-general,0.6,1.0,0.6886117029712211
3,756,fixed-specific,0.4,1.0,0.5768069903004556
3,756,learned,0.6,1.0,0.7368069413784434
3,756,popularity,0.4,1.0,0.6416746800515863
3,756,random,0.0,0.0,0.24869124160370917
3,757,fixed-general,0.2,0.25,0.49034126585074017
3,757,fixed-specific,0.0,0.0,0.49557629943590353
3,757,learned,0.0,0.0,0.44659722816964387
3,757,popularity,0.4,1.0,0.8661778703261588
3,757,random,0.2,0.5,0.7271207070671541
3,758,fixed-general,0.6,1.0,0.7031135199890687
3,758,fixed-specific,0.2,1.0,0.3484555679077434
3,758,learned,0.6,1.0,0.7031135199890687
3,758,popularity,0.6,1.0,0.8431930341605507
3,758,random,0.0,0.0,0.2309414390232644
3,759,fixed-general,0.6,0.5,0.6078003944111603
3,759,fixed-specific,0.2,1.0,0.38774840486271384
3,759,learned,0.4,0.5,0.489921883546249
3,759,popularity,0.4,0.5,0.6307852305767685
3,759,random,0.0,0.0,0.20675338769412763
3,760,fixed-general,0.0,0.0,0.5788502534163101
3,760,fixed-specific,0.0,0.0,0.6349409295557815
3,760,learned,0.0,0.0,0.6449922944606284
3,760,popularity,0.0,0.0,0.32795219968823736
3,760,random,0.0,0.0,0.20108297060009978
3,761,fixed-general,0.2,0.25,0.3860328745970837
3,761,fixed-specific,0.0,0.0,0.37575507628655924
3,761,learned,0.2,0.2,0.4878790552943038
3,761,popularity,0.4,1.0,0.7384541369824054
3,761,random,0.2,0.5,0.3392167946304038
3,762,fixed-general,1.0,1.0,0.942518941276288
3,762,fixed-specific,0.8,1.0,0.9032820145258695
3,762,learned,1.0,1.0,0.954447338710583
3,762,popularity,1.0,1.0,0.8514136186974538
3,762,random,0.8,1.0,0.7706166076144062
3,763,fixed-general,1.0,1.0,0.8400136536443085
3,763,fixed-specific,0.8,1.0,0.8809008950601972
3,763,learned,1.0,1.0,0.8362978355617173
3,763,popularity,0.6,1.0,0.807866720138844
3,763,random,0.8,1.0,0.7441220618014746
3,764,fixed-general,0.0,0.0,0.3854584494570953
3,764,fixed-specific,0.6,1.0,0.7338853802296265
3,764,learned,0.2,0.2,0.41937213062683176
3,764,popularity,0.8,1.0,0.9244889673558693
3,764,random,0.4,1.0,0.6030635159126364
3,765,fixed-general,1.0,1.0,0.9099863463556914
3,765,fixed-specific,0.6,1.0,0.7038891562582068
3,765,learned,1.0,1.0,0.8675913206964894
3,765,popularity,1.0,1.0,0.915209948681596
3,765,random,0.8,1.0,0.8554853481239504
3,766,fixed-general,0.6,1.0,0.6084817429390569
3,766,fixed-specific,0.8,1.0,0.6908988399606129
3,766,learned,0.6,1.0,0.6021660084000583
3,766,popularity,0.6,1.0,0.7301357667110312
3,766,random,0.8,1.0,0.7808755856741239
3,767,fixed-general,1.0,1.0,0.7865170874606766
3,767,fixed-specific,1.0,1.0,0.8362978355617173
3,767,learned,1.0,1.0,0.7865170874606766
3,767,popularity,1.0,1.0,1.0
3,767,random,1.0,1.0,0.861713382497964
3,768,fixed-general,1.0,1.0,0.8713071387790806
3,768,fixed-specific,1.0,1.0,0.877185076977606
3,768,learned,1.0,1.0,0.9041084081571661
3,768,popularity,0.8,1.0,0.8140947545128576
3,768,random,0.8,1.0,0.7828012693780854
3,769,fixed-general,0.2,0.2,0.4697922357165342
3,769,fixed-specific,0.2,1.0,0.6137632303255793
3,769,learned,0.2,0.2,0.4697922357165342
3,769,popularity,0.4,1.0,0.7801629612763072
3,769,random,0.2,0.3333333333333333,0.5783575355897362
3,770,fixed-general,0.6,0.5,0.7613662931317051
3,770,fixed-specific,0.4,0.5,0.7310570093385172
3,770,learned,0.6,0.5,0.7613662931317051
3,770,popularity,0.6,1.0,0.8360075035763547
3,770,random,0.4,1.0,0.760405512732815
3,771,fixed-general,0.8,1.0,0.7965953335317203
3,771,fixed-specific,0.8,1.0,0.7011418507844024
3,771,learned,0.6,1.0,0.7227424380094927
3,771,popularity,0.6,1.0,0.8289445264091422
3,771,random,0.8,1.0,0.7965953335317203
3,772,fixed-general,0.8,0.5,0.7593723266654464
3,772,fixed-specific,0.6,1.0,0.873219087682837
3,772,learned,0.8,0.5,0.7593723266654464
3,772,popularity,0.2,0.3333333333333333,0.4010470067170327
3,772,random,0.6,1.0,0.7932466123058725
3,773,fixed-general,0.4,1.0,0.7945221224571118
3,773,fixed-specific,0.6,1.0,0.8136074643395345
3,773,learned,0.4,1.0,0.7945221224571118
3,773,popularity,0.4,1.0,0.7925117434660276
3,773,random,0.6,0.5,0.660839794726384
3,774,fixed-general,0.8,1.0,0.7558779381985254
3,774,fixed-specific,0.6,1.0,0.7182031626700237
3,774,learned,0.8,1.0,0.7558779381985254
3,774,popularity,1.0,1.0,0.834790051318404
3,774,random,0.8,1.0,0.726792486903031
3,775,fixed-general,1.0,1.0,1.0
3,775,fixed-specific,0.8,1.0,0.928671245088491
3,775,learned,1.0,1.0,1.0
3,775,popularity,1.0,1.0,1.0
3,775,random,1.0,1.0,1.0
3,776,fixed-general,0.6,0.3333333333333333,0.5542408560923615
3,776,fixed-specific,0.6,1.0,0.6350378671754091
3,776,learned,0.6,0.3333333333333333,0.5479251215533628
3,776,popularity,0.8,1.0,0.8304208239203289
3,776,random,0.6,0.3333333333333333,0.59347778284278
3,777,fixed-general,0.6,1.0,0.8151510484299679
3,777,fixed-specific,0.6,1.0,0.8432115724046808
3,777,learned,0.6,1.0,0.8151510484299679
3,777,popularity,0.8,1.0,0.9434732991210639
3,777,random,0.4,1.0,0.6724935386069495
3,778,fixed-general,0.4,0.5,0.5138849713017379
3,778,fixed-specific,0.6,1.0,0.6878667845897346
3,778,learned,0.6,1.0,0.6619130016318496
3,778,popularity,0.4,1.0,0.8267293878455021
3,778,random,0.0,0.0,0.19746190526189075
3,779,fixed-general,0.4,1.0,0.5461108437417932
3,779,fixed-specific,0.4,0.25,0.5427451218346901
3,779,learned,0.4,0.3333333333333333,0.48518264139297895
3,779,popularity,1.0,1.0,0.9041084081571661
3,779,random,0.4,1.0,0.7013769399667844
3,780,fixed-general,0.6,1.0,0.9153468108652272
3,780,fixed-specific,0.6,1.0,0.8414939153429994
3,780,learned,0.6,1.0,0.9153468108652272
3,780,popularity,0.4,1.0,0.5594865685480557
3,780,random,0.4,1.0,0.5295197220337273
3,781,fixed-general,0.4,1.0,0.6724497970095231
3,781,fixed-specific,0.4,1.0,0.5877436461300392
3,781,learned,0.4,1.0,0.6724497970095231
3,781,popularity,0.6,1.0,0.8554646554845449
3,781,random,0.6,1.0,0.709843344106026
3,782,fixed-general,0.4,1.0,0.5812031907025226
3,782,fixed-specific,0.4,0.25,0.5671207559891663
3,782,learned,0.4,1.0,0.6249472283836189
3,782,popularity,0.6,1.0,0.7601561595244838
3,782,random,0.4,1.0,0.6378264479334467
3,783,fixed-general,0.2,0.5,0.37685895538789593
3,783,fixed-specific,0.4,1.0,0.6293984291097449
3,783,learned,0.2,0.5,0.3260737003501214
3,783,popularity,0.4,1.0,0.7495025746247761
3,783,random,0.6,0.5,0.6807866527555055
3,784,fixed-general,0.2,0.2,0.5759681571173593
3,784,fixed-specific,0.6,1.0,0.848428067745714
3,784,learned,0.2,0.5,0.6255501969916051
3,784,popularity,0.8,1.0,0.8476442348866765
3,784,random,0.4,1.0,0.7120159214413204
3,785,fixed-general,1.0,1.0,0.9576049743407979
3,785,fixed-specific,0.6,1.0,0.7632636606403641
3,785,learned,0.8,1.0,0.8576474682398847
3,785,popularity,1.0,1.0,0.8882866175020359
3,785,random,0.6,1.0,0.7834556052507063
3,786,fixed-general,0.4,1.0,0.6884461936029033
3,786,fixed-specific,0.4,1.0,0.7799536228404141
3,786,learned,0.4,1.0,0.696129863907561
3,786,popularity,0.8,1.0,0.8330290089450767
3,786,random,0.6,1.0,0.8039481881372962
3,787,fixed-general,0.4,1.0,0.7211829885545183
3,787,fixed-specific,0.2,1.0,0.6646562876755823
3,787,learned,0.4,1.0,0.6955996384715408
3,787,popularity,0.4,1.0,0.7458326725095431
3,787,random,0.4,0.5,0.6199875957101822
3,788,fixed-general,0.6,0.5,0.6674880509011867
3,788,fixed-specific,0.6,1.0,0.6827737007780716
3,788,learned,0.6,0.5,0.6604468335445085
3,788,popularity,0.6,0.3333333333333333,0.6064135929441368
3,788,random,0.2,0.3333333333333333,0.2353926397493903
3,789,fixed-general,0.4,1.0,0.6960723026323905
3,789,fixed-specific,0.4,1.0,0.640890847192549
3,789,learned,0.4,1.0,0.6960723026323905
3,789,popularity,0.8,1.0,0.9562559623189038
3,789,random,0.6,1.0,0.7950527960773872
3,790,fixed-general,0.6,0.5,0.6828257954683692
3,790,fixed-specific,0.6,0.5,0.7885505303122462
3,790,learned,0.6,0.5,0.6828257954683692
3,790,popularity,0.4,1.0,0.8078421897818586
3,790,random,0.6,1.0,0.6748689629821457
3,791,fixed-general,0.4,0.5,0.4165813154561701
3,791,fixed-specific,0.4,0.5,0.34519134224686937
3,791,learned,0.4,0.5,0.43225581731890445
3,791,popularity,0.4,0.3333333333333333,0.7182389434354812
3,791,random,0.2,1.0,0.5383444159755706
3,792,fixed-general,0.6,0.5,0.7460737248111275
3,792,fixed-specific,0.4,0.3333333333333333,0.7398163403134869
3,792,learned,0.6,0.3333333333333333,0.7327751229568087
3,792,popularity,0.6,1.0,0.8921721054268104
3,792,random,0.2,0.2,0.5945017925568414
3,793,fixed-general,0.6,0.5,0.736992343759284
3,793,fixed-specific,0.2,1.0,0.6283459608508587
3,793,learned,0.6,0.5,0.7250639463249892
3,793,popularity,1.0,1.0,0.9362032067372894
3,793,random,1.0,1.0,0.8058609574080366
3,794,fixed-general,1.0,1.0,1.0
3,794,fixed-specific,1.0,1.0,0.8882866175020359
3,794,learned,1.0,1.0,1.0
3,794,popularity,1.0,1.0,0.9248037049627126
3,794,random,0.4,1.0,0.5350093032173634
3,795,fixed-general,0.6,1.0,0.5921757737602427
3,795,fixed-specific,0.8,1.0,0.7982729638577274
3,795,learned,0.6,1.0,0.6249770431383281
3,795,popularity,1.0,1.0,0.8728149230223939
3,795,random,0.6,0.3333333333333333,0.4044585043326543
3,796,fixed-general,0.4,1.0,0.5715263906780399
3,796,fixed-specific,0.4,1.0,0.5593745043821573
3,796,learned,0.4,1.0,0.5467651796144141
3,796,popularity,0.8,1.0,0.8920024355846271
3,796,random,0.8,1.0,0.8539316501572937
3,797,fixed-general,0.6,1.0,0.7018784777466108
3,797,fixed-specific,1.0,1.0,0.8443220749053792
3,797,learned,0.8,1.0,0.7840976325580767
3,797,popularity,0.6,1.0,0.7363708911844177
3,797,random,0.6,0.3333333333333333,0.532966224716138
3,798,fixed-general,0.2,0.3333333333333333,0.552928410828974
3,798,fixed-specific,0.0,0.0,0.412891906921622
3,798,learned,0.2,0.2,0.521238936225362
3,798,popularity,0.2,0.2,0.7496286370339882
3,798,random,0.0,0.0,0.3428736549679459
3,799,fixed-general,0.6,0.3333333333333333,0.7255705975718725
3,799,fixed-specific,0.4,0.5,0.6600322733786694
3,799,learned,0.6,0.3333333333333333,0.7255705975718725
3,799,popularity,0.4,0.5,0.6098714976817035
3,799,random,0.4,0.25,0.5823903734508955
3,800,fixed-general,0.8,1.0,0.7666240306576183
3,800,fixed-specific,1.0,1.0,0.8969662799868708
3,800,learned,1.0,1.0,0.8514136186974538
3,800,popularity,0.8,1.0,0.839485221263159
3,800,random,0.8,1.0,0.7666240306576183
3,801,fixed-general,1.0,1.0,0.9306816431612379
3,801,fixed-specific,1.0,1.0,1.0
3,801,learned,1.0,1.0,0.9671987306219145
3,801,popularity,1.0,1.0,0.9576049743407979
3,801,random,1.0,1.0,0.8786928612209193
3,802,fixed-general,0.2,0.5,0.524464169048702
3,802,fixed-specific,0.0,0.0,0.4404125645416142
3,802,learned,0.2,0.5,0.5781119907985043
3,802,popularity,0.2,1.0,0.6646005170845113
3,802,random,0.0,0.0,0.180429315607828
3,803,fixed-general,0.8,0.5,0.8361518168038724
3,803,fixed-specific,0.4,1.0,0.7893983801877327
3,803,learned,0.8,0.5,0.8406030175299983
3,803,popularity,0.8,1.0,0.8343456330323578
3,803,random,0.2,0.5,0.6763354520293796
3,804,fixed-general,0.6,0.5,0.5704593276370692
3,804,fixed-specific,0.6,1.0,0.7143761787202545
3,804,learned,0.6,1.0,0.6959979407408932
3,804,popularity,0.8,0.5,0.8335217812928342
3,804,random,0.2,1.0,0.46403308580073777
3,805,fixed-general,0.4,0.5,0.5986770788300855
3,805,fixed-specific,1.0,1.0,0.9397755576526973
3,805,learned,0.6,1.0,0.778217095552359
3,805,popularity,0.6,1.0,0.7907147965260027
3,805,random,0.2,0.2,0.5043543482840488
3,806,fixed-general,0.6,0.5,0.7823571628310546
3,806,fixed-specific,0.6,0.3333333333333333,0.7765191606379049
3,806,learned,0.6,0.5,0.7823571628310546
3,806,popularity,0.6,0.5,0.7460737248111275
3,806,random,0.2,0.5,0.5685075574561899
3,807,fixed-general,1.0,1.0,0.7499999999999999
3,807,fixed-specific,0.8,0.5,0.7404062437188833
3,807,learned,1.0,1.0,0.7865170874606766
3,807,popularity,0.8,1.0,0.8193183568387621
3,807,random,0.8,1.0,0.7219189807526147
3,808,fixed-general,0.2,1.0,0.6218706277335734
3,808,fixed-specific,0.0,0.0,0.4317771940162289
3,808,learned,0.2,1.0,0.6468154442914268
3,808,popularity,0.2,1.0,0.6700594832839434
3,808,random,0.2,0.2,0.3850639652264753
3,809,fixed-general,0.4,0.5,0.6969587211397833
3,809,fixed-specific,0.2,0.3333333333333333,0.41630634442707876
3,809,learned,0.4,0.5,0.6600322733786694
3,809,popularity,0.6,1.0,0.7662860497385326
3,809,random,0.6,0.5,0.7268738796938983
3,810,fixed-general,0.8,1.0,0.9434732991210639
3,810,fixed-specific,0.4,1.0,0.7945221224571118
3,810,learned,0.8,1.0,0.9513105500524313
3,810,popularity,0.6,1.0,0.8997382732836168
3,810,random,0.2,0.25,0.7153561166142355
3,811,fixed-general,0.2,1.0,0.7359850425870915
3,811,fixed-specific,0.6,1.0,0.907575524214984
3,811,learned,0.2,1.0,0.7359850425870915
3,811,popularity,1.0,1.0,1.0
3,811,random,0.2,0.2,0.710401692504114
3,812,fixed-general,0.4,1.0,0.7646073602506097
3,812,fixed-specific,0.8,1.0,0.8109414145622583
3,812,learned,0.6,1.0,0.8083513979317062
3,812,popularity,0.6,0.3333333333333333,0.7327751229568087
3,812,random,0.8,1.0,0.8546854522433548
3,813,fixed-general,0.8,1.0,0.8585824929993725
3,813,fixed-specific,0.6,1.0,0.7689960109312144
3,813,learned,0.8,1.0,0.8707370544404238
3,813,popularity,0.2,0.5,0.4945211940454
3,813,random,0.2,0.25,0.3016346905242422
3,814,fixed-general,0.6,1.0,0.7799145029134575
3,814,fixed-specific,0.8,1.0,0.7840976325580767
3,814,learned,0.6,1.0,0.7799145029134575
3,814,popularity,0.8,1.0,0.9028491098915834
3,814,random,0.4,0.5,0.6600322733786694
3,815,fixed-general,0.8,1.0,0.8920488162790383
3,815,fixed-specific,0.8,1.0,0.723873190210774
3,815,learned,0.8,1.0,0.8318243739317357
3,815,popularity,0.6,1.0,0.8426246675442809
3,815,random,0.6,1.0,0.8551223685179244
3,816,fixed-general,0.8,1.0,0.8318243739317357
3,816,fixed-specific,0.8,1.0,0.8485052045499984
3,816,learned,0.8,1.0,0.8318243739317357
3,816,popularity,1.0,1.0,0.8854316523111123
3,816,random,0.6,1.0,0.723873190210774
3,817,fixed-general,1.0,1.0,0.834790051318404
3,817,fixed-specific,1.0,1.0,0.8362978355617173
3,817,learned,1.0,1.0,0.834790051318404
3,817,popularity,0.8,1.0,0.7691875125622331
3,817,random,0.8,1.0,0.7865170874606766
3,818,fixed-general,0.0,0.0,0.6559651465591259
3,818,fixed-specific,0.0,0.0,0.5477082080412188
3,818,learned,0.0,0.0,0.672274592591594
3,818,popularity,0.4,1.0,0.8450298326923392
3,818,random,0.2,0.2,0.6505061803596938
3,819,fixed-general,0.4,0.5,0.5932985773933128
3,819,fixed-specific,0.8,1.0,0.9607071630450296
3,819,learned,0.4,1.0,0.7057585369436797
3,819,popularity,0.6,1.0,0.7575661428939316
3,819,random,0.2,0.3333333333333333,0.4010470067170327
3,820,fixed-general,0.6,1.0,0.6426468493034333
3,820,fixed-specific,0.6,0.5,0.675518708078784
3,820,learned,0.6,1.0,0.6426468493034333
3,820,popularity,1.0,1.0,0.8985863659253792
3,820,random,1.0,1.0,0.8411053072016672
3,821,fixed-general,0.2,0.25,0.9174524878648389
3,821,fixed-specific,0.2,0.25,0.8449563406345247
3,821,learned,0.2,0.25,0.9174524878648389
3,821,popularity,0.2,0.2,0.9110983816788429
3,821,random,0.0,0.0,0.5089324404786434
3,822,fixed-general,0.2,0.3333333333333333,0.6283459608508587
3,822,fixed-specific,0.2,0.2,0.6077293378592855
3,822,learned,0.2,0.3333333333333333,0.6283459608508587
3,822,popularity,0.4,1.0,0.7769323421534049
3,822,random,0.4,0.3333333333333333,0.5412332152288125
3,823,fixed-general,0.8,1.0,0.8551223685179244
3,823,fixed-specific,0.8,1.0,0.8210240803191906
3,823,learned,0.8,1.0,0.8551223685179244
3,823,popularity,0.6,1.0,0.7554857561259873
3,823,random,0.2,0.25,0.4483130355813652
3,824,fixed-general,1.0,1.0,0.8713071387790806
3,824,fixed-specific,1.0,1.0,0.8713071387790806
3,824,learned,1.0,1.0,0.877185076977606
3,824,popularity,0.8,1.0,0.865079104405067
3,824,random,0.6,1.0,0.7861669912851884
3,825,fixed-general,0.2,0.3333333333333333,0.4028531904885475
3,825,fixed-specific,0.4,0.25,0.4788488477679361
3,825,learned,0.4,0.3333333333333333,0.49034126585074017
3,825,popularity,0.8,1.0,0.8210470311780389
3,825,random,0.2,1.0,0.4455748772571665
3,826,fixed-general,0.6,0.5,0.6748037049627126
3,826,fixed-specific,0.6,0.3333333333333333,0.5471152757899024
3,826,learned,0.6,0.5,0.5980537119587681
3,826,popularity,1.0,1.0,0.8882866175020359
3,826,random,0.6,0.5,0.764817358607021
3,827,fixed-general,0.2,1.0,0.7291748519269466
3,827,fixed-specific,0.4,1.0,0.8348995867708235
3,827,learned,0.2,1.0,0.7291748519269466
3,827,popularity,0.2,1.0,0.7291748519269466
3,827,random,0.4,0.3333333333333333,0.7218456494107912
3,828,fixed-general,0.6,1.0,0.7750654507607585
3,828,fixed-specific,0.8,1.0,0.8734692588950149
3,828,learned,0.6,1.0,0.7750654507607585
3,828,popularity,0.8,1.0,0.792395025659202
3,828,random,0.4,0.3333333333333333,0.5350093032173634
3,829,fixed-general,0.4,1.0,0.8224338326450624
3,829,fixed-specific,0.4,1.0,0.7208633225695134
3,829,learned,0.4,1.0,0.7372263236829345
3,829,popularity,0.4,1.0,0.7646073602506097
3,829,random,0.2,0.5,0.6192928124939644
3,830,fixed-general,0.6,0.5,0.5395326559473033
3,830,fixed-specific,0.6,1.0,0.6563164419964439
3,830,learned,0.6,1.0,0.6086519002879939
3,830,popularity,0.8,1.0,0.8602055982546507
3,830,random,0.4,1.0,0.5339589574459106
3,831,fixed-general,0.6,0.3333333333333333,0.7234267649959281
3,831,fixed-specific,0.4,0.5,0.6589819143075824
3,831,learned,0.6,0.3333333333333333,0.7234267649959281
3,831,popularity,0.8,1.0,0.9269658250786468
3,831,random,0.2,0.5,0.48046239126227863
3,832,fixed-general,0.4,0.5,0.6007591770544821
3,832,fixed-specific,0.2,0.5,0.5336659212273454
3,832,learned,0.4,0.3333333333333333,0.5919117759262892
3,832,popularity,0.6,1.0,0.9054707072811292
3,832,random,0.0,0.0,0.49557629943590353
3,833,fixed-general,0.4,1.0,0.6714113009731778
3,833,fixed-specific,0.8,0.5,0.7655161450044478
3,833,learned,0.4,1.0,0.6774885816937034
3,833,popularity,0.6,1.0,0.8150642535420021
3,833,random,0.6,1.0,0.7789151268040688
3,834,fixed-general,0.4,0.5,0.7508672308992496
3,834,fixed-specific,0.4,0.3333333333333333,0.5882229880845061
3,834,learned,0.4,0.5,0.7508672308992496
3,834,popularity,0.2,1.0,0.7268837093596988
3,834,random,0.0,0.0,0.4528061237010951
3,835,fixed-general,0.6,1.0,0.7051503949771183
3,835,fixed-specific,0.8,0.5,0.7603082961186196
3,835,learned,0.6,0.5,0.6898195965313587
3,835,popularity,1.0,1.0,0.8411053072016672
3,835,random,0.8,1.0,0.7626314537008302
3,836,fixed-general,1.0,1.0,0.8970145361322207
3,836,fixed-specific,1.0,1.0,0.8631008549624842
3,836,learned,1.0,1.0,0.8631008549624842
3,836,popularity,1.0,1.0,0.8646597737198981
3,836,random,0.6,1.0,0.7498817768230067
3,837,fixed-general,0.6,0.5,0.5513444626954993
3,837,fixed-specific,0.8,1.0,0.8562531207192058
3,837,learned,0.6,0.5,0.5778131185672036
3,837,popularity,0.8,1.0,0.7613662931317051
3,837,random,0.2,0.3333333333333333,0.5628813832702529
3,838,fixed-general,0.6,1.0,0.8274043288765652
3,838,fixed-specific,0.8,1.0,0.830419897363192
3,838,learned,0.6,1.0,0.7716997288536557
3,838,popularity,1.0,1.0,0.9671987306219145
3,838,random,0.4,1.0,0.7426142775581612
3,839,fixed-general,0.2,0.25,0.7882056066165838
3,839,fixed-specific,0.2,1.0,0.7805315311095011
3,839,learned,0.4,0.25,0.8363944621669539
3,839,popularity,0.0,0.0,0.672274592591594
3,839,random,0.0,0.0,0.6559651465591259
3,840,fixed-general,0.2,1.0,0.6081295867966463
3,840,fixed-specific,0.4,0.5,0.5890442449142238
3,840,learned,0.4,0.5,0.5733697430514895
3,840,popularity,1.0,1.0,1.0
3,840,random,0.4,1.0,0.703436889402908
3,841,fixed-general,0.6,1.0,0.6898149181347498
3,841,fixed-specific,0.4,1.0,0.6700780675317389
3,841,learned,0.6,0.5,0.6167027958634121
3,841,popularity,0.6,1.0,0.6886117029712211
3,841,random,0.6,0.5,0.6078003944111603
3,842,fixed-general,0.0,0.0,0.4349768833818852
3,842,fixed-specific,0.0,0.0,0.35242937124672413
3,842,learned,0.0,0.0,0.4349768833818852
3,842,popularity,0.2,0.5,0.946487658153176
3,842,random,0.0,0.0,0.4401335519671801
3,843,fixed-general,0.8,1.0,0.7499999999999999
3,843,fixed-specific,1.0,1.0,0.877185076977606
3,843,learned,0.8,1.0,0.7617558763970508
3,843,popularity,0.8,1.0,0.8041509020562527
3,843,random,0.8,1.0,0.7017270361422726
3,844,fixed-general,0.2,0.25,0.41138658782025134
3,844,fixed-specific,0.4,1.0,0.5914932597023421
3,844,learned,0.2,0.25,0.41138658782025134
3,844,popularity,1.0,1.0,0.9767020054138111
3,844,random,0.2,0.2,0.5520810896577077
3,845,fixed-general,0.2,0.3333333333333333,0.6794583417081554
3,845,fixed-specific,0.0,0.0,0.5098782390713474
3,845,learned,0.2,0.25,0.6716210907767882
3,845,popularity,0.4,1.0,0.8510488233360479
3,845,random,0.4,1.0,0.6955996384715408
3,846,fixed-general,0.6,1.0,0.7380715871885383
3,846,fixed-specific,1.0,1.0,0.8969662799868708
3,846,learned,0.6,1.0,0.8121766919470353
3,846,popularity,0.6,1.0,0.9049021004643779
3,846,random,0.6,1.0,0.7546956332233233
3,847,fixed-general,1.0,1.0,0.8458915918428338
3,847,fixed-specific,0.6,1.0,0.764817358607021
3,847,learned,1.0,1.0,0.8824086793035105
3,847,popularity,1.0,1.0,0.9306816431612379
3,847,random,1.0,1.0,0.8289121131198786
3,848,fixed-general,0.2,0.5,0.5221735031445413
3,848,fixed-specific,0.4,0.3333333333333333,0.5901055921547744
3,848,learned,0.2,0.3333333333333333,0.5481677382451928
3,848,popularity,0.6,1.0,0.909921908007255
3,848,random,0.4,0.5,0.614057778908801
3,849,fixed-general,0.4,1.0,0.669135159630116
3,849,fixed-specific,0.4,1.0,0.6155278812507394
3,849,learned,0.4,1.0,0.6774497309591406
3,849,popularity,0.8,1.0,0.9028491098915834
3,849,random,0.2,0.5,0.4388160240908457
3,850,fixed-general,0.2,0.2,0.212362706854928
3,850,fixed-specific,0.2,0.2,0.30002830094011
3,850,learned,0.2,0.2,0.2501182231769934
3,850,popularity,0.6,1.0,0.8368233732706873
3,850,random,0.2,0.2,0.14557384055180042
3,851,fixed-general,0.2,0.5,0.4799256014965786
3,851,fixed-specific,0.4,0.3333333333333333,0.6434031307206202
3,851,learned,0.2,0.5,0.4799256014965786
3,851,popularity,0.8,1.0,0.9261471044777723
3,851,random,0.0,0.0,0.378591581743543
3,852,fixed-general,0.2,1.0,0.7833471457646615
3,852,fixed-specific,0.2,1.0,0.3985202681370658
3,852,learned,0.2,1.0,0.5661457978496993
3,852,popularity,0.0,0.0,0.2656801787580439
3,852,random,0.0,0.0,0.3004656190916553
3,853,fixed-general,0.8,1.0,0.8335217812928342
3,853,fixed-specific,0.6,1.0,0.6528484542509261
3,853,learned,0.8,1.0,0.7965953335317203
3,853,popularity,0.2,0.3333333333333333,0.2034046664682797
3,853,random,0.4,0.5,0.40850674029765793
3,854,fixed-general,0.4,1.0,0.742461357268098
3,854,fixed-specific,0.6,1.0,0.7976428127079396
3,854,learned,0.4,1.0,0.742461357268098
3,854,popularity,0.6,1.0,0.8591366529694805
3,854,random,0.2,0.5,0.42060299306899224
3,855,fixed-general,0.6,1.0,0.6560914311905806
3,855,fixed-specific,0.4,1.0,0.5985451539495246
3,855,learned,0.6,1.0,0.6820069436568152
3,855,popularity,0.8,1.0,0.9283308025081981
3,855,random,0.6,1.0,0.5755890846889881
3,856,fixed-general,0.2,0.3333333333333333,0.6354125740365267
3,856,fixed-specific,0.4,1.0,0.7747080168327296
3,856,learned,0.2,0.3333333333333333,0.6354125740365267
3,856,popularity,0.2,0.3333333333333333,0.6018418660842009
3,856,random,0.0,0.0,0.6234501170830696
3,857,fixed-general,0.4,0.5,0.605210377780608
3,857,fixed-specific,0.6,1.0,0.7164121218433875
3,857,learned,0.6,0.5,0.6445032147355785
3,857,popularity,0.2,0.2,0.408507606378202
3,857,random,0.2,0.2,0.408507606378202
3,858,fixed-general,0.8,0.5,0.8869465982421281
3,858,fixed-specific,0.6,1.0,0.8412011934135963
3,858,learned,0.8,0.5,0.8869465982421281
3,858,popularity,0.6,1.0,0.8721445442095549
3,858,random,0.8,1.0,0.9434732991210639
3,859,fixed-general,0.6,1.0,0.7824511732025973
3,859,fixed-specific,0.4,0.3333333333333333,0.5885058694009951
3,859,learned,0.6,1.0,0.7871714233332975
3,859,popularity,0.8,1.0,0.8564897801720597
3,859,random,0.6,1.0,0.6451689877486705
3,860,fixed-general,0.2,0.5,0.6192928124939644
3,860,fixed-specific,0.4,1.0,0.7513087583962909
3,860,learned,0.4,0.5,0.7023296871300311
3,860,popularity,0.6,1.0,0.8039001972055801
3,860,random,0.2,1.0,0.636439646466423
3,861,fixed-general,0.2,0.25,0.6432258908536518
3,861,fixed-specific,0.2,0.25,0.7023378550123717
3,861,learned,0.4,0.25,0.7346964079574454
3,861,popularity,0.6,1.0,0.9120323004336051
3,861,random,0.0,0.0,0.6005053059530306
3,862,fixed-general,0.6,1.0,0.8215509743148084
3,862,fixed-specific,0.4,0.5,0.6614921851003233
3,862,learned,0.6,1.0,0.8215509743148084
3,862,popularity,0.8,1.0,0.7869132955075706
3,862,random,0.2,0.3333333333333333,0.3915357301776209
3,863,fixed-general,0.0,0.0,0.6514215804827012
3,863,fixed-specific,0.0,0.0,0.6514215804827012
3,863,learned,0.0,0.0,0.6514215804827012
3,863,popularity,0.2,0.25,0.7023378550123717
3,863,random,0.0,0.0,0.6462405645049274
3,864,fixed-general,0.2,0.25,0.6039909606759858
3,864,fixed-specific,0.2,0.2,0.5998078310313668
3,864,learned,0.2,0.25,0.6039909606759858
3,864,popularity,0.6,1.0,0.7119421443969476
3,864,random,0.2,0.5,0.6231058256175556
3,865,fixed-general,0.4,0.25,0.7025644415727468
3,865,fixed-specific,0.6,1.0,0.8799817951409221
3,865,learned,0.4,0.25,0.7025644415727468
3,865,popularity,1.0,1.0,1.0
3,865,random,0.6,0.5,0.6864231448093615
3,866,fixed-general,0.8,0.5,0.7880248717039899
3,866,fixed-specific,0.8,1.0,0.8506118419735341
3,866,learned,0.8,1.0,0.8140947545128576
3,866,popularity,1.0,1.0,0.8824086793035105
3,866,random,1.0,1.0,0.8786928612209193
3,867,fixed-general,0.8,1.0,0.8198438160145101
3,867,fixed-specific,0.6,1.0,0.7817541942230685
3,867,learned,0.8,1.0,0.8198438160145101
3,867,popularity,0.6,1.0,0.7486637414416798
3,867,random,0.2,0.25,0.3869645720036764
3,868,fixed-general,0.0,0.0,0.7467366458934469
3,868,fixed-specific,0.0,0.0,0.7467366458934469
3,868,learned,0.0,0.0,0.7467366458934469
3,868,popularity,0.2,0.5,0.9065280314885752
3,868,random,0.0,0.0,0.7467366458934469
3,869,fixed-general,0.6,1.0,0.6659101982775605
3,869,fixed-specific,0.6,0.5,0.5779076810717695
3,869,learned,0.6,1.0,0.6875640134078724
3,869,popularity,0.6,1.0,0.6924375195582888
3,869,random,0.6,1.0,0.6699301988122962
3,870,fixed-general,0.6,1.0,0.7716485776072879
3,870,fixed-specific,0.6,1.0,0.7164671221674463
3,870,learned,0.6,1.0,0.7760997783334138
3,870,popularity,0.2,1.0,0.7075647207151946
3,870,random,0.2,0.5,0.5844511762651199
3,871,fixed-general,0.6,1.0,0.6380892488747198
3,871,fixed-specific,0.6,1.0,0.678580483160422
3,871,learned,0.6,1.0,0.6380892488747198
3,871,popularity,0.8,1.0,0.7011418507844024
3,871,random,0.6,0.5,0.45589097994818134
3,872,fixed-general,0.6,1.0,0.6614941305990047
3,872,fixed-specific,0.6,1.0,0.5662568746287918
3,872,learned,0.6,1.0,0.6614941305990047
3,872,popularity,1.0,1.0,0.8882866175020359
3,872,random,0.6,1.0,0.6334131113516197
3,873,fixed-general,1.0,1.0,0.9397755576526973
3,873,fixed-specific,0.4,1.0,0.6816328606037597
3,873,learned,1.0,1.0,0.9397755576526973
3,873,popularity,1.0,1.0,0.904546517252682
3,873,random,0.6,0.5,0.7077590147523284
3,874,fixed-general,0.6,0.5,0.6184447690671818
3,874,fixed-specific,0.6,0.5,0.5513344460676977
3,874,learned,0.6,0.3333333333333333,0.5486230600332157
3,874,popularity,1.0,1.0,0.9306816431612379
3,874,random,0.8,1.0,0.6980112180596814
3,875,fixed-general,0.4,0.25,0.5931906670634407
3,875,fixed-specific,0.6,0.5,0.7596688857706065
3,875,learned,0.4,0.25,0.5931906670634407
3,875,popularity,0.8,1.0,0.8795511153053948
3,875,random,0.6,1.0,0.6882500245716858
3,876,fixed-general,0.8,1.0,0.7728378460835431
3,876,fixed-specific,0.8,1.0,0.8314226193609445
3,876,learned,0.8,1.0,0.7728378460835431
3,876,popularity,0.8,1.0,0.8429481248179312
3,876,random,0.2,0.5,0.2890706890309101
3,877,fixed-general,0.6,1.0,0.7378940274274609
3,877,fixed-specific,0.6,1.0,0.6875640134078724
3,877,learned,0.8,1.0,0.8034965661836319
3,877,popularity,0.8,1.0,0.7691875125622331
3,877,random,0.8,1.0,0.6593320104830706
3,878,fixed-general,1.0,1.0,0.8450978841584552
3,878,fixed-specific,1.0,1.0,0.8450978841584552
3,878,learned,1.0,1.0,0.8514136186974538
3,878,popularity,0.8,1.0,0.8177893548423316
3,878,random,1.0,1.0,0.9088946774211658
3,879,fixed-general,0.6,1.0,0.7575661428939316
3,879,fixed-specific,0.4,0.3333333333333333,0.5919117759262892
3,879,learned,0.6,1.0,0.7575661428939316
3,879,popularity,0.6,0.5,0.6718842513032537
3,879,random,0.4,1.0,0.5901055921547744
3,880,fixed-general,0.8,1.0,0.7304623912622786
3,880,fixed-specific,1.0,1.0,0.792395025659202
3,880,learned,1.0,1.0,0.8034965661836319
3,880,popularity,1.0,1.0,0.8824086793035105
3,880,random,1.0,1.0,0.7499999999999999
3,881,fixed-general,0.4,1.0,0.7747656443144173
3,881,fixed-specific,0.6,1.0,0.8849362192510436
3,881,learned,0.4,1.0,0.8073137974986007
3,881,popularity,0.8,0.5,0.8869465982421281
3,881,random,0.6,0.5,0.8432115724046808
3,882,fixed-general,0.4,0.3333333333333333,0.5108795598643426
3,882,fixed-specific,0.6,1.0,0.6209808004889928
3,882,learned,0.4,0.3333333333333333,0.5108795598643426
3,882,popularity,1.0,1.0,0.9024152900419635
3,882,random,0.6,0.5,0.5085966434694275
3,883,fixed-general,1.0,1.0,0.8633420161317488
3,883,fixed-specific,1.0,1.0,0.8866579684910842
3,883,learned,1.0,1.0,0.9088946774211658
3,883,popularity,1.0,1.0,0.8450978841584552
3,883,random,1.0,1.0,0.8633420161317488
3,884,fixed-general,0.2,1.0,0.7182483388343135
3,884,fixed-specific,0.0,0.0,0.7345577848667816
3,884,learned,0.2,1.0,0.7182483388343135
3,884,popularity,0.2,0.3333333333333333,0.7431931553921669
3,884,random,0.0,0.0,0.540034132534136
3,885,fixed-general,0.6,0.5,0.8382571482945591
3,885,fixed-specific,0.4,1.0,0.823455094261986
3,885,learned,0.6,0.5,0.830419897363192
3,885,popularity,0.2,0.5,0.7379954215781759
3,885,random,0.0,0.0,0.5049238149612258
3,886,fixed-general,0.2,0.2,0.37834594547369166
3,886,fixed-specific,0.4,1.0,0.6722785362017675
3,886,learned,0.2,0.3333333333333333,0.39496999150847695
3,886,popularity,0.4,1.0,0.6164175634165637
3,886,random,0.4,0.25,0.589485205885992
3,887,fixed-general,0.8,1.0,0.8377049109374533
3,887,fixed-specific,0.6,1.0,0.7077590147523284
3,887,learned,0.8,1.0,0.8377049109374533
3,887,popularity,0.4,1.0,0.635036871431382
3,887,random,0.2,0.3333333333333333,0.3943116319629157
3,888,fixed-general,0.8,1.0,0.8696577506707475
3,888,fixed-specific,0.8,1.0,0.7928533165444878
3,888,learned,0.8,1.0,0.8673345930885368
3,888,popularity,0.6,1.0,0.7586882101801115
3,888,random,0.6,1.0,0.744011149941985
3,889,fixed-general,0.2,0.5,0.44906599244582346
3,889,fixed-specific,0.2,0.25,0.6784019064977587
3,889,learned,0.2,0.5,0.48187693462750913
3,889,popularity,0.0,0.0,0.6285868233697856
3,889,random,0.2,0.2,0.16827202841841413
3,890,fixed-general,0.2,0.25,0.4947924665768661
3,890,fixed-specific,0.2,0.5,0.579999975538994
3,890,learned,0.2,0.2,0.5697107726197185
3,890,popularity,0.4,1.0,0.7442675410396127
3,890,random,0.6,1.0,0.7093709044867094
3,891,fixed-general,0.4,1.0,0.6517177020496449
3,891,fixed-specific,0.4,1.0,0.6089107172828133
3,891,learned,0.4,1.0,0.6089107172828133
3,891,popularity,0.6,1.0,0.7704691793831516
3,891,random,0.0,0.0,0.19678750250035362
3,892,fixed-general,0.4,1.0,0.5545668119412284
3,892,fixed-specific,0.4,1.0,0.5462005526519901
3,892,learned,0.4,1.0,0.5545668119412284
3,892,popularity,0.4,1.0,0.6263281748632845
3,892,random,0.4,1.0,0.5420174230073711
3,893,fixed-general,0.4,0.25,0.5181822849033656
3,893,fixed-specific,0.4,0.5,0.5733697430514895
3,893,learned,0.4,0.3333333333333333,0.5000306091488959
3,893,popularity,0.4,0.3333333333333333,0.4724368800748339
3,893,random,0.4,1.0,0.5982207385764032
3,894,fixed-general,0.8,1.0,0.8809008950601972
3,894,fixed-specific,0.8,1.0,0.915209948681596
3,894,learned,0.8,1.0,0.9269658250786468
3,894,popularity,0.8,1.0,0.8930068676327362
3,894,random,1.0,1.0,0.9576049743407979
3,895,fixed-general,0.2,1.0,0.6583348660175709
3,895,fixed-specific,0.8,1.0,0.8073956271442654
3,895,learned,0.4,1.0,0.6952613137786847
3,895,popularity,0.4,1.0,0.8492418315122069
3,895,random,0.6,1.0,0.7363708911844177
3,896,fixed-general,0.6,1.0,0.7657193945787153
3,896,fixed-specific,0.8,1.0,0.9136494035041286
3,896,learned,0.8,1.0,0.9630735522388861
3,896,popularity,0.6,1.0,0.7363708911844177
3,896,random,0.2,0.3333333333333333,0.23201654290036888
3,897,fixed-general,0.6,1.0,0.8312923451933533
3,897,fixed-specific,0.8,1.0,0.8869465982421281
3,897,learned,0.6,1.0,0.8008157892980458
3,897,popularity,0.8,1.0,0.9026211001048624
3,897,random,0.6,1.0,0.6886348353703349
3,898,fixed-general,0.6,0.3333333333333333,0.7327751229568087
3,898,fixed-specific,0.6,0.5,0.785366561766098
3,898,learned,0.6,0.3333333333333333,0.7327751229568087
3,898,popularity,0.8,1.0,0.9607071630450296
3,898,random,0.4,0.3333333333333333,0.6890310852757123
3,899,fixed-general,0.4,0.25,0.4834051286406942
3,899,fixed-specific,0.6,0.5,0.5875875420403247
3,899,learned,0.4,0.3333333333333333,0.4994015252340744
3,899,popularity,0.8,1.0,0.7639572262470341
3,899,random,0.6,0.5,0.7053249821429143
3,900,fixed-general,0.2,0.3333333333333333,0.7231933675456027
3,900,fixed-specific,0.4,0.5,0.7330409974680543
3,900,learned,0.2,0.3333333333333333,0.7231933675456027
3,900,popularity,0.6,1.0,0.8799817951409221
3,900,random,0.2,1.0,0.7359850425870915
3,901,fixed-general,0.6,0.5,0.6864231448093615
3,901,fixed-specific,0.6,1.0,0.7698724385020872
3,901,learned,0.8,1.0,0.8869465982421281
3,901,popularity,0.6,1.0,0.7895676983469904
3,901,random,0.6,1.0,0.7442890884191097
3,902,fixed-general,0.8,1.0,0.7812934851347721
3,902,fixed-specific,1.0,1.0,0.9248037049627126
3,902,learned,1.0,1.0,0.8713071387790806
3,902,popularity,1.0,1.0,0.8289121131198786
3,902,random,1.0,1.0,0.946503433816368
3,903,fixed-general,0.4,1.0,0.5238618489695899
3,903,fixed-specific,1.0,1.0,0.9137021644382827
3,903,learned,0.4,1.0,0.5504809976970052
3,903,popularity,0.8,0.5,0.7441220618014746
3,903,random,0.8,1.0,0.7611015405244298
3,904,fixed-general,0.8,1.0,0.8318243739317357
3,904,fixed-specific,1.0,1.0,0.9397755576526973
3,904,learned,0.8,1.0,0.8676200694915681
3,904,popularity,0.6,1.0,0.7221757828496754
3,904,random,0.6,0.5,0.5300863771935446
3,905,fixed-general,1.0,1.0,0.8034965661836319
3,905,fixed-specific,1.0,1.0,0.8193183568387621
3,905,learned,1.0,1.0,0.792395025659202
3,905,popularity,1.0,1.0,0.9041084081571661
3,905,random,1.0,1.0,0.9137021644382827
3,906,fixed-general,0.4,0.25,0.5804193578434851
3,906,fixed-specific,0.0,0.0,0.5088749012902224
3,906,learned,0.2,0.2,0.5366753201623888
3,906,popularity,0.8,1.0,0.8476442348866765
3,906,random,0.2,1.0,0.6797643018430283
3,907,fixed-general,0.4,0.25,0.5787069222038156
3,907,fixed-specific,0.6,0.3333333333333333,0.6149035197684671
3,907,learned,0.4,0.25,0.5787069222038156
3,907,popularity,0.8,1.0,0.9244889673558693
3,907,random,0.4,0.25,0.5672288875735473
3,908,fixed-general,0.6,1.0,0.8921721054268104
3,908,fixed-specific,0.8,1.0,0.9359161431079067
3,908,learned,0.6,1.0,0.9054707072811292
3,908,popularity,1.0,1.0,0.9625133468165444
3,908,random,0.2,0.2,0.6382458302379378
3,909,fixed-general,0.6,1.0,0.7323557406523175
3,909,fixed-specific,1.0,1.0,0.8984294899244509
3,909,learned,0.8,1.0,0.8198438160145101
3,909,popularity,0.6,1.0,0.7734547613788028
3,909,random,0.4,0.25,0.5163355009513918
3,910,fixed-general,0.6,0.5,0.7120563054614403
3,910,fixed-specific,0.4,1.0,0.5452257921856005
3,910,learned,0.6,0.5,0.7762292705097026
3,910,popularity,0.6,1.0,0.8280976663381182
3,910,random,0.0,0.0,0.36371821867163445
3,911,fixed-general,0.6,0.3333333333333333,0.5086881948029445
3,911,fixed-specific,0.2,0.25,0.4278911837198969
3,911,learned,0.6,0.5,0.5325449896715342
3,911,popularity,1.0,1.0,0.942518941276288
3,911,random,0.6,1.0,0.6932713309788925
3,912,fixed-general,1.0,1.0,1.0
3,912,fixed-specific,0.8,1.0,0.9434732991210639
3,912,learned,0.8,1.0,0.9562649741625527
3,912,popularity,1.0,1.0,1.0
3,912,random,0.4,1.0,0.7133457376231512
3,913,fixed-general,0.8,1.0,0.7086463945741748
3,913,fixed-specific,0.8,1.0,0.8330290089450767
3,913,learned,0.8,1.0,0.7425600757439113
3,913,popularity,1.0,1.0,0.95232536780508
3,913,random,0.8,1.0,0.8329815381183583
3,914,fixed-general,0.4,1.0,0.6541517363729519
3,914,fixed-specific,0.4,1.0,0.669135159630116
3,914,learned,0.4,1.0,0.669135159630116
3,914,popularity,1.0,1.0,0.9397755576526973
3,914,random,0.6,1.0,0.7227424380094927
3,915,fixed-general,0.4,0.3333333333333333,0.47444725906591834
3,915,fixed-specific,0.6,1.0,0.6729603335076004
3,915,learned,0.6,0.3333333333333333,0.5181822849033656
3,915,popularity,0.6,1.0,0.7994765465672335
3,915,random,0.4,1.0,0.6238040886593808
3,916,fixed-general,0.8,1.0,0.7886792075766109
3,916,fixed-specific,1.0,1.0,0.8728149230223939
3,916,learned,0.8,1.0,0.7886792075766109
3,916,popularity,0.8,1.0,0.8809008950601972
3,916,random,0.8,1.0,0.7617558763970508
3,917,fixed-general,0.2,0.3333333333333333,0.569498547238179
3,917,fixed-specific,0.4,0.5,0.5711959545992775
3,917,learned,0.2,0.3333333333333333,0.569498547238179
3,917,popularity,0.6,1.0,0.8742372334594943
3,917,random,0.4,0.5,0.5861793778564417
3,918,fixed-general,0.4,1.0,0.887761954192762
3,918,fixed-specific,0.4,1.0,0.8804327516766067
3,918,learned,0.4,1.0,0.887761954192762
3,918,popularity,0.2,0.2,0.664350027551551
3,918,random,0.2,0.25,0.6161209145669142
3,919,fixed-general,0.0,0.0,0.352067935450773
3,919,fixed-specific,0.2,0.3333333333333333,0.44659722816964387
3,919,learned,0.0,0.0,0.352067935450773
3,919,popularity,0.2,0.2,0.5874605752001633
3,919,random,0.4,0.5,0.7023296871300311
3,920,fixed-general,0.4,1.0,0.7586243475510318
3,920,fixed-specific,0.6,0.5,0.7895676983469904
3,920,learned,0.6,1.0,0.8947838491734952
3,920,popularity,0.4,1.0,0.6440273617027265
3,920,random,0.2,0.25,0.4872389341074071
3,921,fixed-general,0.4,1.0,0.5538299649603027
3,921,fixed-specific,0.6,1.0,0.6472582821807898
3,921,learned,0.4,1.0,0.5538299649603027
3,921,popularity,0.6,1.0,0.6548944816587293
3,921,random,0.6,1.0,0.6820069436568152
3,924,fixed-general,0.6,1.0,0.8560032474461695
3,924,fixed-specific,0.4,1.0,0.8362467693034749
3,924,learned,0.6,1.0,0.8947838491734952
3,924,popularity,0.6,1.0,0.8947838491734952
3,924,random,0.6,0.5,0.830419897363192
3,925,fixed-general,0.8,1.0,0.8573424901769817
3,925,fixed-specific,0.8,1.0,0.8573424901769817
3,925,learned,0.8,1.0,0.8573424901769817
3,925,popularity,0.8,1.0,0.8869465982421281
3,925,random,0.8,0.5,0.8869465982421281
3,926,fixed-general,0.6,1.0,0.6961533376408798
3,926,fixed-specific,0.8,1.0,0.8400136536443085
3,926,learned,0.8,1.0,0.8057046000229098
3,926,popularity,0.4,0.5,0.566760226823996
3,926,random,0.4,0.3333333333333333,0.433239773176004
3,927,fixed-general,0.6,0.5,0.7156060672413312
3,927,fixed-specific,0.6,1.0,0.8707370544404238
3,927,learned,0.6,0.3333333333333333,0.7041280326110629
3,927,popularity,0.8,1.0,0.7316024638347113
3,927,random,0.4,0.5,0.6138650237321218
3,928,fixed-general,0.6,1.0,0.7293596019774187
3,928,fixed-specific,0.6,0.3333333333333333,0.6886441498107586
3,928,learned,0.6,1.0,0.7662860497385326
3,928,popularity,0.8,1.0,0.9463927216206235
3,928,random,0.8,1.0,0.8920488162790383
3,929,fixed-general,0.8,0.5,0.7552236023259045
3,929,fixed-specific,0.6,0.5,0.7245844530637533
3,929,learned,0.6,0.5,0.695499001768259
3,929,popularity,0.8,0.5,0.692133279861156
3,929,random,0.6,1.0,0.7961108437417932
3,930,fixed-general,0.8,1.0,0.9562649741625527
3,930,fixed-specific,0.4,0.5,0.6199875957101822
3,930,learned,0.8,1.0,0.9026211001048624
3,930,popularity,0.8,1.0,0.9434732991210639
3,930,random,0.4,0.3333333333333333,0.7182389434354812
3,931,fixed-general,0.8,1.0,0.8032124974996465
3,931,fixed-specific,0.8,1.0,0.8401389452607603
3,931,learned,0.8,1.0,0.8073956271442654
3,931,popularity,0.2,0.25,0.6039909606759858
3,931,random,0.6,0.3333333333333333,0.628419707463456
3,932,fixed-general,0.6,1.0,0.9054707072811292
3,932,fixed-specific,0.4,1.0,0.7906015953512613
3,932,learned,0.6,1.0,0.8617266696000329
3,932,popularity,1.0,1.0,0.9421735276055474
3,932,random,0.6,1.0,0.8083513979317062
3,934,fixed-general,0.0,0.0,0.7100154110787432
3,934,fixed-specific,0.0,0.0,0.6720478003117626
3,934,learned,0.0,0.0,0.7100154110787432
3,934,popularity,0.2,1.0,0.9375552176745326
3,934,random,0.2,0.2,0.5296338401437817
3,935,fixed-general,0.2,0.3333333333333333,0.3635603535335771
3,935,fixed-specific,0.4,1.0,0.5171193338104292
3,935,learned,0.2,0.5,0.37685895538789593
3,935,popularity,0.2,0.2,0.4858900651246143
3,935,random,0.2,0.5,0.38131015611402186
3,936,fixed-general,0.8,1.0,0.8369521714343382
3,936,fixed-specific,0.8,1.0,0.736340329460804
3,936,learned,0.8,1.0,0.7728574169214807
3,936,popularity,0.4,1.0,0.5084360682132915
3,936,random,0.4,0.5,0.3489071603294605
3,937,fixed-general,0.8,1.0,0.9434732991210639
3,937,fixed-specific,0.4,1.0,0.7669283933830501
3,937,learned,0.6,1.0,0.8997382732836168
3,937,popularity,0.6,1.0,0.7429498456882975
3,937,random,0.2,1.0,0.4670156610640614
3,938,fixed-general,0.4,0.25,0.6332354393089231
3,938,fixed-specific,0.0,0.0,0.39000859968359364
3,938,learned,0.0,0.0,0.4436564214333959
3,938,popularity,0.4,1.0,0.7199491163996501
3,938,random,0.2,0.3333333333333333,0.24049739857536506
3,939,fixed-general,0.4,1.0,0.6708908782521094
3,939,fixed-specific,0.6,1.0,0.6785270777300488
3,939,learned,0.6,1.0,0.7464019108962401
3,939,popularity,0.8,1.0,0.8291871737927478
3,939,random,0.6,1.0,0.7114022628634399
3,940,fixed-general,0.2,0.5,0.6814687206992398
3,940,fixed-specific,0.6,0.5,0.8432115724046808
3,940,learned,0.4,0.5,0.7301581706468088
3,940,popularity,0.4,1.0,0.8510488233360479
3,940,random,0.4,1.0,0.8362467693034749
3,941,fixed-general,0.6,0.5,0.7895676983469904
3,941,fixed-specific,0.6,0.5,0.7252037465366871
3,941,learned,0.6,0.3333333333333333,0.7025644415727468
3,941,popularity,1.0,1.0,1.0
3,941,random,0.4,1.0,0.7458326725095431
3,942,fixed-general,1.0,1.0,0.9492147449622255
3,942,fixed-specific,0.6,0.5,0.6470932313661307
3,942,learned,0.8,1.0,0.8210470311780389
3,942,popularity,0.6,1.0,0.7950527960773872
3,942,random,0.6,1.0,0.7690585609767358
3,943,fixed-general,0.6,0.5,0.6078003944111603
3,943,fixed-specific,0.4,0.3333333333333333,0.539320337117
3,943,learned,0.6,0.5,0.6078003944111603
3,943,popularity,0.2,0.3333333333333333,0.6059942106396455
3,943,random,0.2,0.25,0.48853508207922547
3,944,fixed-general,0.4,0.3333333333333333,0.7237073050337458
3,944,fixed-specific,0.2,0.5,0.6490305535990771
3,944,learned,0.4,0.3333333333333333,0.7127893726348813
3,944,popularity,0.2,0.3333333333333333,0.7182483388343135
3,944,random,0.0,0.0,0.4372361602156611
3,945,fixed-general,0.8,1.0,0.9562649741625527
3,945,fixed-specific,0.6,1.0,0.907575524214984
3,945,learned,0.8,1.0,0.9562649741625527
3,945,popularity,0.4,1.0,0.823455094261986
3,945,random,0.2,0.2,0.6538749916251779
3,946,fixed-general,0.6,1.0,0.8384415378996617
3,946,fixed-specific,0.8,0.5,0.8090930345053641
3,946,learned,0.8,0.5,0.8460194822664778
3,946,popularity,0.8,1.0,0.8252072099638096
3,946,random,0.6,1.0,0.7554857561259873
3,947,fixed-general,0.2,0.3333333333333333,0.6059942106396455
3,947,fixed-specific,0.6,0.5,0.7460737248111275
3,947,learned,0.4,0.3333333333333333,0.6890310852757123
3,947,popularity,0.4,0.25,0.6312046128812596
3,947,random,0.6,0.3333333333333333,0.6312046128812596
3,948,fixed-general,1.0,1.0,0.9576049743407979
3,948,fixed-specific,1.0,1.0,0.9634829125393233
3,948,learned,1.0,1.0,0.9576049743407979
3,948,popularity,1.0,1.0,1.0
3,948,random,1.0,1.0,0.9306816431612379
3,949,fixed-general,0.6,1.0,0.8223273624412162
3,949,fixed-specific,0.6,0.5,0.7679834570996312
3,949,learned,0.6,1.0,0.8306936217304544
3,949,popularity,0.8,1.0,0.8920488162790383
3,949,random,0.4,0.25,0.6218025434955299
3,950,fixed-general,0.8,1.0,0.9562649741625527
3,950,fixed-specific,0.6,1.0,0.6843515475204855
3,950,learned,0.8,1.0,0.8539316501572936
3,950,popularity,0.6,0.3333333333333333,0.6729603335076004
3,950,random,1.0,1.0,1.0
3,951,fixed-general,0.8,1.0,0.8845707994194448
3,951,fixed-specific,0.4,1.0,0.7765732350040719
3,951,learned,0.6,1.0,0.8613632863224759
3,951,popularity,0.8,1.0,0.8845707994194448
3,951,random,0.8,1.0,0.8130903224647484
3,952,fixed-general,0.6,0.5,0.5940267919864127
3,952,fixed-specific,0.6,0.3333333333333333,0.5787069222038156
3,952,learned,0.4,0.5,0.5223575944946109
3,952,popularity,0.4,1.0,0.709843344106026
3,952,random,0.6,0.5,0.6039459078592673
3,953,fixed-general,0.4,1.0,0.7649180143919656
3,953,fixed-specific,0.6,1.0,0.8947838491734952
3,953,learned,0.4,1.0,0.7649180143919656
3,953,popularity,0.6,1.0,0.8849362192510436
3,953,random,0.6,0.5,0.7895676983469904
3,954,fixed-general,0.6,1.0,0.6286928612209193
3,954,fixed-specific,1.0,1.0,0.7499999999999999
3,954,learned,0.6,1.0,0.6324086793035105
3,954,popularity,0.2,1.0,0.5467651796144141
3,954,random,0.6,1.0,0.6621943801949693
3,955,fixed-general,1.0,1.0,0.8646597737198981
3,955,fixed-specific,0.8,1.0,0.7968324113804252
3,955,learned,1.0,1.0,0.8646597737198981
3,955,popularity,0.6,1.0,0.7700345069675597
3,955,random,0.6,1.0,0.694523474323429
3,956,fixed-general,0.8,1.0,0.9660863188302635
3,956,fixed-specific,0.6,1.0,0.7907551306598996
3,956,learned,0.8,1.0,0.9660863188302635
3,956,popularity,0.6,1.0,0.8029096921009509
3,956,random,0.4,1.0,0.6682934634583503
3,957,fixed-general,0.2,1.0,0.7194512834296929
3,957,fixed-specific,0.4,1.0,0.7899399830169539
3,957,learned,0.2,1.0,0.7194512834296929
3,957,popularity,0.4,1.0,0.6595977336877011
3,957,random,0.4,1.0,0.7234438603864809
3,958,fixed-general,0.6,1.0,0.8721445442095549
3,958,fixed-specific,0.8,0.5,0.8869465982421281
3,958,learned,0.4,1.0,0.8284095183721076
3,958,popularity,0.8,1.0,0.9562649741625527
3,958,random,0.6,0.5,0.71736649560532
3,959,fixed-general,0.8,1.0,0.7976186279851065
3,959,fixed-specific,1.0,1.0,0.8362978355617173
3,959,learned,1.0,1.0,0.8458915918428338
3,959,popularity,1.0,1.0,0.8824086793035105
3,959,random,0.6,0.5,0.6556161924004794
3,960,fixed-general,0.2,0.5,0.6750962999126026
3,960,fixed-specific,0.2,0.5,0.6159843357538826
3,960,learned,0.2,0.5,0.6617195943057794
3,960,popularity,0.4,1.0,0.7778411984291903
3,960,random,0.2,0.3333333333333333,0.5177186223644092
3,961,fixed-general,0.6,1.0,0.6790949712778356
3,961,fixed-specific,0.6,1.0,0.6934849782870836
3,961,learned,0.6,1.0,0.6934849782870836
3,961,popularity,0.6,1.0,0.7284846263198839
3,961,random,0.6,1.0,0.7635952570214716
3,962,fixed-general,0.8,0.5,0.8476442348866765
3,962,fixed-specific,0.4,1.0,0.6307852305767685
3,962,learned,0.6,0.5,0.7182733059389612
3,962,popularity,0.8,1.0,0.8591366529694805
3,962,random,0.8,0.5,0.8476442348866765
3,963,fixed-general,0.2,0.5,0.5947216969957364
3,963,fixed-specific,0.6,0.5,0.6795112850355721
3,963,learned,0.2,0.5,0.5947216969957364
3,963,popularity,0.6,1.0,0.8042408714695285
3,963,random,0.4,0.5,0.625973469832579
3,964,fixed-general,0.4,0.3333333333333333,0.5110113523851549
3,964,fixed-specific,0.4,1.0,0.6948914169174008
3,964,learned,0.4,0.5,0.5587742755584038
3,964,popularity,0.6,1.0,0.748003726898773
3,964,random,0.2,0.2,0.4757670025915245
3,965,fixed-general,0.6,1.0,0.6900525831870354
3,965,fixed-specific,0.2,0.25,0.5547123569069337
3,965,learned,0.6,1.0,0.7239662643567719
3,965,popularity,1.0,1.0,0.868501608872227
3,965,random,0.2,0.5,0.5345121559356621
3,966,fixed-general,0.4,0.3333333333333333,0.6249472283836189
3,966,fixed-specific,0.8,1.0,0.7702617761402644
3,966,learned,0.4,0.3333333333333333,0.6249472283836189
3,966,popularity,0.6,1.0,0.7906015953512613
3,966,random,0.4,0.5,0.7067808878561571
3,967,fixed-general,0.8,0.5,0.773893196484256
3,967,fixed-specific,0.4,0.5,0.6298964439304254
3,967,learned,0.8,0.5,0.773893196484256
3,967,popularity,0.8,1.0,0.8573424901769817
3,967,random,0.6,1.0,0.8460943992259263
3,968,fixed-general,0.4,0.5,0.36496312856861796
3,968,fixed-specific,0.4,0.5,0.42383260083368146
3,968,learned,0.4,0.5,0.4018895763297318
3,968,popularity,0.6,1.0,0.6380375609145064
3,968,random,0.2,0.25,0.35534527511756764
3,969,fixed-general,0.8,1.0,0.7462841819174089
3,969,fixed-specific,1.0,1.0,0.861713382497964
3,969,learned,0.8,1.0,0.7404062437188833
3,969,popularity,1.0,1.0,1.0
3,969,random,0.8,1.0,0.7997807481010407
3,970,fixed-general,0.8,1.0,0.8591366529694805
3,970,fixed-specific,0.8,1.0,0.9187693091354482
3,970,learned,0.8,1.0,0.8591366529694805
3,970,popularity,0.6,1.0,0.7906015953512613
3,970,random,0.6,1.0,0.8401836352255073
3,971,fixed-general,0.4,1.0,0.46046734405269674
3,971,fixed-specific,0.4,1.0,0.5446030594984799
3,971,learned,0.4,1.0,0.4932686134307822
3,971,popularity,0.8,1.0,0.805658686299566
3,971,random,0.2,0.5,0.2563812903937296
3,972,fixed-general,0.4,1.0,0.8362467693034749
3,972,fixed-specific,0.2,1.0,0.6794583417081554
3,972,learned,0.4,1.0,0.8362467693034749
3,972,popularity,0.6,1.0,0.8588860742674151
3,972,random,0.2,0.25,0.430712233228471
3,973,fixed-general,0.2,0.2,0.3736109698252987
3,973,fixed-specific,0.2,0.3333333333333333,0.36879538711874044
3,973,learned,0.2,0.2,0.3736109698252987
3,973,popularity,0.6,1.0,0.7182733059389612
3,973,random,0.0,0.0,0.44659722816964387
3,974,fixed-general,1.0,1.0,0.9808851350584302
3,974,fixed-specific,0.8,1.0,0.9439586872973164
3,974,learned,1.0,1.0,0.9808851350584302
3,974,popularity,0.6,1.0,0.6225391704577383
3,974,random,0.2,0.25,0.32011623471755235
3,975,fixed-general,0.8,1.0,0.8443220749053792
3,975,fixed-specific,1.0,1.0,0.904546517252682
3,975,learned,0.8,1.0,0.8443220749053792
3,975,popularity,1.0,1.0,0.8443220749053792
3,975,random,1.0,1.0,0.8920488162790383
3,976,fixed-general,0.4,1.0,0.6434808638231012
3,976,fixed-specific,0.4,1.0,0.6815704856145429
3,976,learned,0.2,1.0,0.5856543914286485
3,976,popularity,0.4,1.0,0.8224338326450624
3,976,random,0.4,0.25,0.5296341028057107
3,977,fixed-general,0.4,1.0,0.6027739620894684
3,977,fixed-specific,0.8,1.0,0.9015961918657437
3,977,learned,0.6,1.0,0.7123252244714983
3,977,popularity,0.4,0.5,0.4977919661607221
3,977,random,0.2,0.3333333333333333,0.28717142333329754
3,978,fixed-general,0.6,0.5,0.8432115724046808
3,978,fixed-specific,0.4,0.5,0.7866848715257447
3,978,learned,0.4,0.5,0.7945221224571118
3,978,popularity,0.6,1.0,0.8997382732836168
3,978,random,0.8,1.0,0.9434732991210639
3,979,fixed-general,1.0,1.0,0.8193183568387621
3,979,fixed-specific,0.6,0.5,0.6228149230223939
3,979,learned,0.8,1.0,0.7134829125393234
3,979,popularity,1.0,1.0,0.9137021644382827
3,979,random,0.8,1.0,0.7961108437417932
3,980,fixed-general,0.8,0.5,0.753992561579621
3,980,fixed-specific,0.6,1.0,0.7171281258474823
3,980,learned,0.8,1.0,0.8161692689038234
3,980,popularity,1.0,1.0,0.942518941276288
3,980,random,0.2,1.0,0.583496371205144
3,981,fixed-general,0.6,1.0,0.653103976109057
3,981,fixed-specific,0.8,1.0,0.8072123842662231
3,981,learned,0.6,1.0,0.6456723399438746
3,981,popularity,0.8,1.0,0.7293047031944536
3,981,random,0.6,1.0,0.6784736093219601
3,982,fixed-general,0.2,0.25,0.5301380651537582
3,982,fixed-specific,0.2,0.25,0.489422612987098
3,982,learned,0.4,0.5,0.6642154030232885
3,982,popularity,0.8,1.0,0.8335217812928342
3,982,random,0.0,0.0,0.23371395026146746
3,983,fixed-general,0.6,1.0,0.8560032474461695
3,983,fixed-specific,0.6,1.0,0.8799817951409221
3,983,learned,0.6,1.0,0.8560032474461695
3,983,popularity,0.8,1.0,0.928671245088491
3,983,random,0.4,0.5,0.7252037465366871
3,984,fixed-general,0.6,0.5,0.692133279861156
3,984,fixed-specific,0.6,1.0,0.8274043288765652
3,984,learned,0.6,0.5,0.7245844530637533
3,984,popularity,1.0,1.0,0.8193183568387621
3,984,random,0.4,0.3333333333333333,0.48151273703373143
3,985,fixed-general,0.2,1.0,0.7797200684245388
3,985,fixed-specific,0.2,0.2,0.6051855416776092
3,985,learned,0.2,0.5,0.7379954215781759
3,985,popularity,0.4,1.0,0.8023593733884791
3,985,random,0.2,0.25,0.6588294157352995
3,986,fixed-general,0.6,0.5,0.7460737248111275
3,986,fixed-specific,0.4,0.3333333333333333,0.6934822860018383
3,986,learned,0.6,0.3333333333333333,0.7327751229568087
3,986,popularity,0.6,1.0,0.7950527960773872
3,986,random,0.6,1.0,0.7327751229568087
3,987,fixed-general,0.4,0.25,0.5950978687812882
3,987,fixed-specific,0.4,0.5,0.5907291200389485
3,987,learned,0.2,0.25,0.5189965062987311
3,987,popularity,0.8,1.0,0.839485221263159
3,987,random,0.6,1.0,0.6818344426177827
3,988,fixed-general,0.2,0.3333333333333333,0.6106081246439119
3,988,fixed-specific,0.6,1.0,0.7429880551523438
3,988,learned,0.4,0.5,0.6642154030232885
3,988,popularity,0.4,0.5,0.6272889552621747
3,988,random,0.2,0.25,0.5068400705675693
3,989,fixed-general,0.6,1.0,0.8008157892980458
3,989,fixed-specific,0.6,1.0,0.907575524214984
3,989,learned,0.6,1.0,0.8008157892980458
3,989,popularity,1.0,1.0,1.0
3,989,random,0.4,0.5,0.5556236438998791
3,990,fixed-general,1.0,1.0,0.8984294899244509
3,990,fixed-specific,1.0,1.0,0.9625133468165444
3,990,learned,1.0,1.0,0.8984294899244509
3,990,popularity,0.6,1.0,0.7690585609767358
3,990,random,0.6,0.5,0.6882472524166748
3,991,fixed-general,0.8,1.0,0.8978803737831524
3,991,fixed-specific,0.4,0.3333333333333333,0.5387251212999544
3,991,learned,0.6,1.0,0.8285620169443905
3,991,popularity,0.6,0.5,0.7283002711463443
3,991,random,0.4,0.5,0.39722603791053157
3,992,fixed-general,0.8,1.0,0.8821214891350887
3,992,fixed-specific,0.6,1.0,0.8313362340973142
3,992,learned,0.8,1.0,0.8687678869567109
3,992,popularity,0.4,1.0,0.575548774812868
3,992,random,0.4,0.3333333333333333,0.4288474255891991
3,993,fixed-general,0.6,1.0,0.7596688857706065
3,993,fixed-specific,0.6,0.3333333333333333,0.628419707463456
3,993,learned,0.8,0.5,0.7488685921580613
3,993,popularity,1.0,1.0,0.904546517252682
3,993,random,0.6,1.0,0.676146448837115
3,994,fixed-general,1.0,1.0,0.915209948681596
3,994,fixed-specific,0.6,1.0,0.7669794787229554
3,994,learned,1.0,1.0,0.8824086793035105
3,994,popularity,0.8,1.0,0.8941645557005614
3,994,random,1.0,1.0,0.792395025659202
3,995,fixed-general,0.0,0.0,0.14399675255383057
3,995,fixed-specific,0.4,1.0,0.47036528278595796
3,995,learned,0.2,0.25,0.18980337568015374
3,995,popularity,0.4,1.0,0.8510488233360479
3,995,random,0.2,0.2,0.28511067828641545
3,996,fixed-general,0.8,1.0,0.7812934851347721
3,996,fixed-specific,0.8,1.0,0.8140947545128576
3,996,learned,0.8,1.0,0.7812934851347721
3,996,popularity,0.6,1.0,0.6748037049627126
3,996,random,0.6,0.5,0.649738254201954
3,997,fixed-general,0.8,0.5,0.7968589798489021
3,997,fixed-specific,0.8,0.5,0.7968589798489021
3,997,learned,0.8,0.5,0.7968589798489021
3,997,popularity,0.8,1.0,0.8476442348866765
3,997,random,1.0,1.0,0.8984294899244509
3,998,fixed-general,0.6,1.0,0.6670490430997805
3,998,fixed-specific,0.6,1.0,0.7091668172952431
3,998,learned,0.6,1.0,0.6675694658208489
3,998,popularity,0.8,1.0,0.8768143351609493
3,998,random,0.2,0.2,0.32630578263190707
4,700,fixed-general,0.8,1.0,0.814499849529246
4,700,fixed-specific,0.8,1.0,0.8121766919470353
4,700,learned,0.8,1.0,0.7603082961186196
4,700,popularity,0.6,0.5,0.5780976509609513
4,700,random,0.8,1.0,0.7353722578207758
4,701,fixed-general,0.8,0.5,0.704447323333416
4,701,fixed-specific,0.4,1.0,0.7064436425661439
4,701,learned,0.4,1.0,0.7313796808639879
4,701,popularity,0.8,1.0,0.8184924264860339
4,701,random,0.4,0.25,0.5086881948029445
4,702,fixed-general,0.2,1.0,0.52177180586452
4,702,fixed-specific,0.6,0.5,0.6164886616496296
4,702,learned,0.4,1.0,0.6280255822243831
4,702,popularity,0.8,1.0,0.9164775630665085
4,702,random,0.4,1.0,0.7376741733064434
4,703,fixed-general,0.6,1.0,0.6858487788091441
4,703,fixed-specific,0.8,1.0,0.82150350348809
4,703,learned,0.6,1.0,0.6736942173680929
4,703,popularity,0.4,1.0,0.687407697566558
4,703,random,0.2,1.0,0.4059732080135872
4,704,fixed-general,0.6,1.0,0.7251764723327996
4,704,fixed-specific,0.4,0.5,0.5920599148621595
4,704,learned,0.6,1.0,0.7251764723327996
4,704,popularity,0.6,1.0,0.8098296614675725
4,704,random,0.0,0.0,0.2640232340546552
4,705,fixed-general,0.4,1.0,0.6541894490468678
4,705,fixed-specific,0.6,1.0,0.7575661428939316
4,705,learned,0.4,1.0,0.6541894490468678
4,705,popularity,1.0,1.0,1.0
4,705,random,0.4,0.5,0.6674880509011867
4,706,fixed-general,0.4,1.0,0.6244027173301397
4,706,fixed-specific,0.8,1.0,0.8992894375690815
4,706,learned,0.6,1.0,0.7387746588322404
4,706,popularity,0.6,1.0,0.7131355488906943
4,706,random,0.6,0.5,0.7210713693682012
4,707,fixed-general,0.2,0.5,0.6455709457931598
4,707,fixed-specific,0.2,0.3333333333333333,0.40466208824484257
4,707,learned,0.2,0.3333333333333333,0.5870338659231394
4,707,popularity,0.6,1.0,0.6729603335076004
4,707,random,0.6,0.5,0.5296347172140421
4,708,fixed-general,0.8,1.0,0.7353722578207758
4,708,fixed-specific,1.0,1.0,0.8058609574080366
4,708,learned,0.8,1.0,0.7353722578207758
4,708,popularity,0.8,1.0,0.8514136186974538
4,708,random,1.0,1.0,0.8058609574080366
4,709,fixed-general,0.2,0.25,0.7480731135642684
4,709,fixed-specific,0.2,0.3333333333333333,0.710533544641421
4,709,learned,0.2,0.25,0.7480731135642684
4,709,popularity,0.4,1.0,0.8899717613116096
4,709,random,0.0,0.0,0.3861179884401464
4,710,fixed-general,0.4,1.0,0.5668723251703587
4,710,fixed-specific,0.4,0.3333333333333333,0.38471101344875946
4,710,learned,0.6,0.5,0.6252703981888768
4,710,popularity,0.8,0.5,0.708439900290204
4,710,random,0.2,0.25,0.3982594968215626
4,711,fixed-general,0.6,0.3333333333333333,0.6686912660647153
4,711,fixed-specific,0.4,1.0,0.6245278460791278
4,711,learned,0.6,1.0,0.7327751229568087
4,711,popularity,0.8,1.0,0.8198438160145101
4,711,random,0.4,1.0,0.5356529692499115
4,712,fixed-general,0.8,1.0,0.8406679895169294
4,712,fixed-specific,1.0,1.0,1.0
4,712,learned,1.0,1.0,0.946503433816368
4,712,popularity,1.0,1.0,0.7865170874606766
4,712,random,1.0,1.0,0.8289121131198786
4,713,fixed-general,0.0,0.0,0.33014761778423596
4,713,fixed-specific,0.2,0.25,0.3679031341063014
4,713,learned,0.0,0.0,0.33014761778423596
4,713,popularity,0.6,1.0,0.7662401426419491
4,713,random,0.4,0.25,0.5173188098104307
4,714,fixed-general,1.0,1.0,0.8633420161317488
4,714,fixed-specific,0.8,1.0,0.7836242484779553
4,714,learned,0.8,1.0,0.8280976663381182
4,714,popularity,0.8,1.0,0.8320902432949063
4,714,random,0.6,1.0,0.6442669352419417
4,715,fixed-general,0.6,1.0,0.6859052454871424
4,715,fixed-specific,0.8,1.0,0.8920024355846271
4,715,learned,0.8,1.0,0.7828012693780854
4,715,popularity,1.0,1.0,0.9306816431612379
4,715,random,0.8,1.0,0.9269658250786468
4,716,fixed-general,0.2,1.0,0.8109353138667866
4,716,fixed-specific,0.2,1.0,0.7627464583164166
4,716,learned,0.2,1.0,0.8109353138667866
4,716,popularity,0.2,1.0,0.732342675559131
4,716,random,0.0,0.0,0.7345577848667816
4,717,fixed-general,0.6,1.0,0.6556544901669823
4,717,fixed-specific,0.6,0.5,0.5780976509609513
4,717,learned,0.8,0.5,0.6236503122503684
4,717,popularity,0.6,1.0,0.8042408714695285
4,717,random,0.4,1.0,0.6625110672152351
4,718,fixed-general,0.4,1.0,0.787557319355906
4,718,fixed-specific,0.4,1.0,0.7846744925346604
4,718,learned,0.4,0.5,0.7252037465366871
4,718,popularity,0.2,0.3333333333333333,0.4831569578274467
4,718,random,0.2,0.2,0.49996939085110437
4,719,fixed-general,0.8,0.5,0.7380682985455163
4,719,fixed-specific,0.8,0.5,0.7136395517580462
4,719,learned,0.8,0.5,0.75056599951916
4,719,popularity,0.8,0.5,0.7488685921580613
4,719,random,0.8,1.0,0.8073956271442654
4,720,fixed-general,0.6,1.0,0.7547202501307002
4,720,fixed-specific,0.4,1.0,0.6816860752093471
4,720,learned,0.6,1.0,0.7547202501307002
4,720,popularity,0.8,1.0,0.9269658250786468
4,720,random,0.6,1.0,0.6705845346849172
4,721,fixed-general,0.6,1.0,0.8291769097673723
4,721,fixed-specific,1.0,1.0,0.954447338710583
4,721,learned,0.8,1.0,0.9481316041715844
4,721,popularity,1.0,1.0,0.8411053072016672
4,721,random,0.4,0.5,0.5820902279177393
4,722,fixed-general,0.6,1.0,0.8082168163143322
4,722,fixed-specific,0.8,1.0,0.7441220618014746
4,722,learned,0.6,0.3333333333333333,0.6541084081571661
4,722,popularity,0.8,1.0,0.8019887819403185
4,722,random,0.8,1.0,0.7378940274274609
4,723,fixed-general,0.6,1.0,0.8312923451933533
4,723,fixed-specific,0.6,0.5,0.773893196484256
4,723,learned,0.6,1.0,0.8412011934135963
4,723,popularity,0.4,1.0,0.7718828174931716
4,723,random,0.4,0.5,0.7507870966196646
4,724,fixed-general,1.0,1.0,0.8362978355617173
4,724,fixed-specific,1.0,1.0,0.8251962950372874
4,724,learned,1.0,1.0,0.8362978355617173
4,724,popularity,1.0,1.0,0.9248037049627126
4,724,random,0.8,1.0,0.6593320104830706
4,725,fixed-general,0.2,0.5,0.7379954215781759
4,725,fixed-specific,0.4,0.3333333333333333,0.7281477916557243
4,725,learned,0.4,0.3333333333333333,0.7281477916557243
4,725,popularity,0.6,1.0,0.8849362192510436
4,725,random,0.0,0.0,0.5614505158401619
4,726,fixed-general,0.6,0.5,0.7531149421678056
4,726,fixed-specific,0.6,1.0,0.746857557670165
4,726,learned,0.6,0.5,0.7093709044867094
4,726,popularity,0.4,0.5,0.7023296871300311
4,726,random,0.4,0.5,0.6700780675317389
4,727,fixed-general,0.2,0.25,0.7153561166142355
4,727,fixed-specific,0.4,0.3333333333333333,0.7281477916557243
4,727,learned,0.4,0.25,0.7590911424516829
4,727,popularity,0.8,1.0,0.9434732991210639
4,727,random,0.4,1.0,0.7211829885545183
4,728,fixed-general,0.2,0.3333333333333333,0.49800371152160605
4,728,fixed-specific,0.0,0.0,0.41089096589955987
4,728,learned,0.2,0.3333333333333333,0.49800371152160605
4,728,popularity,0.6,0.5,0.7393155013414947
4,728,random,0.0,0.0,0.31417298042542935
4,729,fixed-general,0.4,1.0,0.646910188523972
4,729,fixed-specific,0.4,1.0,0.7925117434660276
4,729,learned,0.4,1.0,0.7162285644443968
4,729,popularity,0.4,1.0,0.7281477916557243
4,729,random,0.4,1.0,0.6971432225619743
4,730,fixed-general,0.8,1.0,0.8198438160145101
4,730,fixed-specific,0.8,1.0,0.7805509790595397
4,730,learned,1.0,1.0,0.8984294899244509
4,730,popularity,1.0,1.0,0.8984294899244509
4,730,random,0.4,0.25,0.4147649908758428
4,731,fixed-general,0.6,0.5,0.6122586341479895
4,731,fixed-specific,0.8,1.0,0.8253453386404189
4,731,learned,0.6,0.5,0.6199423044526474
4,731,popularity,0.6,1.0,0.7399626609501522
4,731,random,0.8,0.5,0.7255251831141858
4,732,fixed-general,0.8,1.0,0.9125119246378074
4,732,fixed-specific,0.4,0.5,0.5792161426799566
4,732,learned,0.8,1.0,0.9214143260900591
4,732,popularity,0.6,1.0,0.7690585609767358
4,732,random,0.2,1.0,0.4588734791114854
4,733,fixed-general,1.0,1.0,0.8058609574080366
4,733,fixed-specific,1.0,1.0,0.8969662799868708
4,733,learned,1.0,1.0,0.8514136186974538
4,733,popularity,1.0,1.0,0.8058609574080366
4,733,random,1.0,1.0,0.8058609574080366
4,734,fixed-general,0.4,0.3333333333333333,0.6517177020496449
4,734,fixed-specific,0.4,0.25,0.6778438561982135
4,734,learned,0.4,0.3333333333333333,0.6475345724050258
4,734,popularity,1.0,1.0,0.8854316523111123
4,734,random,0.4,0.5,0.7185593083648736
4,735,fixed-general,0.8,1.0,0.8635878536956065
4,735,fixed-specific,0.8,1.0,0.8839276729066036
4,735,learned,0.8,1.0,0.8635878536956065
4,735,popularity,0.4,1.0,0.5812031907025226
4,735,random,0.4,0.25,0.46555024591361727
4,736,fixed-general,1.0,1.0,1.0
4,736,fixed-specific,1.0,1.0,0.9671987306219145
4,736,learned,1.0,1.0,1.0
4,736,popularity,0.8,1.0,0.7643140064118168
4,736,random,0.8,0.5,0.6339164635468238
4,737,fixed-general,0.4,1.0,0.8284095183721076
4,737,fixed-specific,0.4,0.3333333333333333,0.7718828174931716
4,737,learned,0.4,1.0,0.8284095183721076
4,737,popularity,0.6,1.0,0.907575524214984
4,737,random,0.4,0.5,0.7817304474156231
4,738,fixed-general,0.8,0.5,0.6628872390007868
4,738,fixed-specific,0.4,0.5,0.4746877591622704
4,738,learned,0.8,0.5,0.6628872390007868
4,738,popularity,0.8,1.0,0.8985863659253792
4,738,random,0.4,1.0,0.5748574790839348
4,739,fixed-general,0.4,0.25,0.7590911424516829
4,739,fixed-specific,0.6,1.0,0.8721445442095549
4,739,learned,0.4,0.25,0.7590911424516829
4,739,popularity,0.8,1.0,0.9513105500524313
4,739,random,0.2,0.5,0.6377336948617925
4,740,fixed-general,0.4,1.0,0.7570807634605985
4,740,fixed-specific,0.2,0.25,0.7153561166142355
4,740,learned,0.4,1.0,0.8023593733884791
4,740,popularity,0.4,1.0,0.8510488233360479
4,740,random,0.2,0.2,0.710401692504114
4,741,fixed-general,0.4,0.5,0.40465937426006227
4,741,fixed-specific,0.4,0.3333333333333333,0.424451225187132
4,741,learned,0.6,0.3333333333333333,0.5030368990970729
4,741,popularity,0.6,1.0,0.7601561595244838
4,741,random,0.4,1.0,0.6148966120918974
4,742,fixed-general,0.4,1.0,0.6267258749123504
4,742,fixed-specific,0.2,0.5,0.38989817112243486
4,742,learned,0.4,0.3333333333333333,0.5189965062987311
4,742,popularity,0.2,0.3333333333333333,0.3700339532106331
4,742,random,0.6,1.0,0.671526131121996
4,743,fixed-general,0.4,0.5,0.711232088582283
4,743,fixed-specific,0.2,0.3333333333333333,0.5159161186469007
4,743,learned,0.4,0.5,0.6908372690472271
4,743,popularity,0.4,0.5,0.6167027958634121
4,743,random,0.4,0.5,0.5792161426799566
4,744,fixed-general,0.6,1.0,0.7586882101801115
4,744,fixed-specific,0.8,1.0,0.8161692689038234
4,744,learned,0.6,1.0,0.7586882101801115
4,744,popularity,0.8,1.0,0.9465115182330761
4,744,random,0.2,1.0,0.6802143566792744
4,745,fixed-general,0.6,0.5,0.7187482117859906
4,745,fixed-specific,0.8,0.5,0.7147556348292026
4,745,learned,0.6,0.5,0.7107630578724144
4,745,popularity,1.0,1.0,0.9362032067372894
4,745,random,0.4,0.3333333333333333,0.5907784534750176
4,746,fixed-general,0.6,1.0,0.6420159817665531
4,746,fixed-specific,0.8,1.0,0.7437570252757625
4,746,learned,0.8,1.0,0.7255251831141858
4,746,popularity,0.6,1.0,0.797508938191208
4,746,random,0.4,1.0,0.5444312718085166
4,747,fixed-general,0.4,1.0,0.5994137057922939
4,747,fixed-specific,0.6,1.0,0.682763612805041
4,747,learned,0.4,1.0,0.6035968354369129
4,747,popularity,0.8,1.0,0.8920488162790383
4,747,random,0.8,1.0,0.8986659802469644
4,748,fixed-general,0.6,1.0,0.8039001972055801
4,748,fixed-specific,0.8,1.0,0.8546854522433548
4,748,learned,0.8,1.0,0.8476442348866765
4,748,popularity,0.6,1.0,0.7835603779945831
4,748,random,0.6,1.0,0.6916761022303235
4,749,fixed-general,0.2,0.5,0.39389074807922286
4,749,fixed-specific,0.2,1.0,0.45876678477118754
4,749,learned,0.2,1.0,0.4730676732237622
4,749,popularity,0.4,1.0,0.5811732136229333
4,749,random,0.6,0.5,0.5780976509609513
4,750,fixed-general,0.6,1.0,0.8721445442095549
4,750,fixed-specific,0.6,1.0,0.8156178433306188
4,750,learned,0.6,1.0,0.8799817951409221
4,750,popularity,0.4,0.5,0.7817304474156231
4,750,random,0.8,1.0,0.9562649741625527
4,751,fixed-general,0.8,1.0,0.872030241689027
4,751,fixed-specific,0.6,1.0,0.7183720400004389
4,751,learned,0.8,1.0,0.8384059778339048
4,751,popularity,0.6,1.0,0.6426468493034333
4,751,random,0.4,0.5,0.3812592790012257
4,752,fixed-general,1.0,1.0,0.915209948681596
4,752,fixed-specific,1.0,1.0,0.9306816431612379
4,752,learned,1.0,1.0,0.946503433816368
4,752,popularity,1.0,1.0,0.9576049743407979
4,752,random,0.8,1.0,0.8480537119587681
4,753,fixed-general,0.6,1.0,0.6471404471659529
4,753,fixed-specific,0.6,1.0,0.678580483160422
4,753,learned,0.6,1.0,0.651323576810572
4,753,popularity,1.0,1.0,0.9223581000722261
4,753,random,0.4,1.0,0.5927965418243678
4,754,fixed-general,0.2,1.0,0.7194512834296929
4,754,fixed-specific,0.2,0.5,0.288484537047814
4,754,learned,0.6,0.5,0.7329997668024961
4,754,popularity,0.4,0.5,0.633958623746155
4,754,random,0.4,0.5,0.6010374315347351
4,755,fixed-general,0.4,1.0,0.5171193338104292
4,755,fixed-specific,0.4,1.0,0.4867288983077106
4,755,learned,0.4,1.0,0.530417935664748
4,755,popularity,0.4,0.5,0.5870411928956721
4,755,random,0.6,0.5,0.4758394488328927
4,756,fixed-general,0.8,1.0,0.8056465318229535
4,756,fixed-specific,0.8,1.0,0.9153468108652272
4,756,learned,0.8,1.0,0.8348767513750734
4,756,popularity,0.6,0.5,0.48410873114119773
4,756,random,0.4,0.5,0.5443331734885004
4,757,fixed-general,0.6,1.0,0.8401836352255073
4,757,fixed-specific,0.2,0.3333333333333333,0.6059942106396455
4,757,learned,0.4,1.0,0.6801836841475194
4,757,popularity,0.8,1.0,0.8476442348866765
4,757,random,0.6,0.5,0.7531149421678056
4,758,fixed-general,0.6,1.0,0.8849362192510436
4,758,fixed-specific,0.6,1.0,0.766461598482399
4,758,learned,0.6,1.0,0.8849362192510436
4,758,popularity,0.6,1.0,0.8122682216087223
4,758,random,0.6,1.0,0.7994765465672335
4,759,fixed-general,0.2,0.2,0.33431813287032824
4,759,fixed-specific,0.4,0.25,0.46555024591361727
4,759,learned,0.2,0.2,0.33431813287032824
4,759,popularity,0.4,0.25,0.6197121947984555
4,759,random,0.0,0.0,0.2353926397493903
4,760,fixed-general,0.2,0.25,0.5713772228041107
4,760,fixed-specific,0.0,0.0,0.5914799526138045
4,760,learned,0.0,0.0,0.5814285877089577
4,760,popularity,0.2,1.0,0.5825475121351611
4,760,random,0.0,0.0,0.4439093238605286
4,761,fixed-general,0.2,0.25,0.4918937484173676
4,761,fixed-specific,0.2,0.25,0.3092685739615314
4,761,learned,0.2,0.25,0.4490426938132084
4,761,popularity,0.4,1.0,0.7024097421316229
4,761,random,0.2,0.2,0.36459277764047576
4,762,fixed-general,1.0,1.0,0.9210878868801213
4,762,fixed-specific,0.6,1.0,0.805658686299566
4,762,learned,0.8,1.0,0.822684078745865
4,762,popularity,1.0,1.0,0.8400136536443085
4,762,random,0.6,1.0,0.6027739620894684
4,763,fixed-general,0.6,1.0,0.7623983074896203
4,763,fixed-specific,0.4,0.5,0.5715911454469447
4,763,learned,0.4,1.0,0.6270580812095183
4,763,popularity,0.8,1.0,0.7693579801567767
4,763,random,0.4,1.0,0.5432343222766653
4,764,fixed-general,0.4,0.5,0.7202567157259722
4,764,fixed-specific,0.2,0.2,0.6367342787924806
4,764,learned,0.2,0.3333333333333333,0.6583348660175709
4,764,popularity,0.6,1.0,0.7729032137064586
4,764,random,0.6,1.0,0.689380776772967
4,765,fixed-general,1.0,1.0,0.9576049743407979
4,765,fixed-specific,1.0,1.0,0.915209948681596
4,765,learned,1.0,1.0,0.915209948681596
4,765,popularity,1.0,1.0,0.946503433816368
4,765,random,0.8,1.0,0.8809008950601972
4,766,fixed-general,0.6,0.5,0.4869923283821171
4,766,fixed-specific,0.6,0.5,0.5451764587495314
4,766,learned,0.6,0.5,0.5059395319991129
4,766,popularity,0.6,0.5,0.48931548596432767
4,766,random,0.6,0.5,0.5451764587495314
4,767,fixed-general,0.8,1.0,0.8406679895169294
4,767,fixed-specific,1.0,1.0,0.946503433816368
4,767,learned,0.8,1.0,0.8734692588950149
4,767,popularity,1.0,1.0,1.0
4,767,random,0.6,0.5,0.7113207924233891
4,768,fixed-general,1.0,1.0,0.9137021644382827
4,768,fixed-specific,1.0,1.0,0.8713071387790806
4,768,learned,1.0,1.0,0.877185076977606
4,768,popularity,1.0,1.0,0.8728149230223939
4,768,random,0.6,1.0,0.6563164419964439
4,769,fixed-general,0.2,1.0,0.49816631606645584
4,769,fixed-specific,0.4,0.5,0.614057778908801
4,769,learned,0.2,1.0,0.5096587341492599
4,769,popularity,0.4,0.5,0.5499739220167076
4,769,random,0.4,0.5,0.5729587581823158
4,770,fixed-general,0.4,0.5,0.7138221052128352
4,770,fixed-specific,0.6,0.5,0.7575661428939316
4,770,learned,0.6,0.5,0.7575661428939316
4,770,popularity,0.8,1.0,0.923220509861574
4,770,random,0.6,1.0,0.8216499997860249
4,771,fixed-general,0.2,0.3333333333333333,0.6307688917605867
4,771,fixed-specific,0.2,1.0,0.5870338659231394
4,771,learned,0.2,0.3333333333333333,0.6307688917605867
4,771,popularity,0.8,0.5,0.8869465982421281
4,771,random,0.2,1.0,0.536800831885137
4,772,fixed-general,0.4,0.25,0.5747089857823017
4,772,fixed-specific,0.4,0.5,0.5634608948312463
4,772,learned,0.6,0.3333333333333333,0.6312356866612376
4,772,popularity,0.4,1.0,0.7586243475510318
4,772,random,0.6,1.0,0.7698724385020872
4,773,fixed-general,1.0,1.0,0.8920488162790383
4,773,fixed-specific,0.6,1.0,0.6666494373465955
4,773,learned,0.8,1.0,0.8181959207568106
4,773,popularity,0.8,1.0,0.8920488162790383
4,773,random,0.4,0.3333333333333333,0.5068400705675693
4,774,fixed-general,0.8,0.5,0.580419897363192
4,774,fixed-specific,1.0,1.0,0.9041084081571661
4,774,learned,0.8,0.5,0.6169369848238685
4,774,popularity,1.0,1.0,0.9634829125393233
4,774,random,0.4,1.0,0.7060971900974847
4,775,fixed-general,0.8,1.0,0.7965953335317203
4,775,fixed-specific,0.8,1.0,0.8073956271442654
4,775,learned,0.8,1.0,0.7965953335317203
4,775,popularity,1.0,1.0,0.9875022990263562
4,775,random,0.8,1.0,0.8621336577249233
4,776,fixed-general,1.0,1.0,0.8471044583691042
4,776,fixed-specific,0.6,1.0,0.6084167989956607
4,776,learned,0.6,1.0,0.5981831847239621
4,776,popularity,0.8,1.0,0.8429006539912128
4,776,random,0.6,0.5,0.6298139494987836
4,777,fixed-general,0.2,0.5,0.5568723715951627
4,777,fixed-specific,0.4,1.0,0.7541664789992889
4,777,learned,0.4,0.5,0.6587049206545038
4,777,popularity,0.2,1.0,0.7696455088001409
4,777,random,0.2,0.2,0.3454997277335542
4,778,fixed-general,0.0,0.0,0.41932984991147115
4,778,fixed-specific,0.2,0.5,0.49799718776638324
4,778,learned,0.2,0.2,0.46022976037995256
4,778,popularity,0.4,1.0,0.875799497239305
4,778,random,0.0,0.0,0.4312923068649283
4,779,fixed-general,0.8,1.0,0.6758081370108217
4,779,fixed-specific,0.8,1.0,0.7521621201159342
4,779,learned,0.8,1.0,0.6758081370108217
4,779,popularity,0.8,1.0,0.8019887819403185
4,779,random,0.8,1.0,0.7404062437188833
4,780,fixed-general,0.6,0.3333333333333333,0.5615781011482271
4,780,fixed-specific,0.6,1.0,0.6176194138509109
4,780,learned,0.6,0.3333333333333333,0.5573949715036082
4,780,popularity,0.6,1.0,0.6579407407784981
4,780,random,0.4,1.0,0.5450698004507089
4,781,fixed-general,0.8,1.0,0.8745788895927525
4,781,fixed-specific,0.6,1.0,0.7491577791855053
4,781,learned,0.6,1.0,0.8352644545132735
4,781,popularity,0.8,1.0,0.9244889673558693
4,781,random,0.6,0.5,0.6816923860715948
4,782,fixed-general,1.0,1.0,0.8984294899244509
4,782,fixed-specific,0.6,1.0,0.7601561595244838
4,782,learned,0.8,1.0,0.8591366529694805
4,782,popularity,0.8,1.0,0.8718322862158133
4,782,random,0.2,0.25,0.43774982704145093
4,783,fixed-general,0.6,0.3333333333333333,0.6587363168110582
4,783,fixed-specific,0.2,1.0,0.4852786049833285
4,783,learned,0.6,0.3333333333333333,0.6488172009382036
4,783,popularity,0.6,1.0,0.7635952570214716
4,783,random,0.2,0.3333333333333333,0.2584784202924341
4,784,fixed-general,0.4,0.5,0.5321688178859825
4,784,fixed-specific,0.8,1.0,0.7928533165444878
4,784,learned,0.4,1.0,0.6232741404648167
4,784,popularity,0.8,1.0,0.7968458935012759
4,784,random,0.6,1.0,0.6453461786711957
4,785,fixed-general,0.4,0.5,0.6477787049018583
4,785,fixed-specific,0.4,0.5,0.6592567395321266
4,785,learned,0.6,0.3333333333333333,0.7041280326110629
4,785,popularity,0.6,1.0,0.7102053133315887
4,785,random,0.4,1.0,0.6759296629362895
4,786,fixed-general,0.6,1.0,0.7330205212770446
4,786,fixed-specific,0.6,1.0,0.7149906967826367
4,786,learned,0.6,1.0,0.7871714233332975
4,786,popularity,1.0,1.0,0.9306816431612379
4,786,random,0.8,1.0,0.8824086793035105
4,787,fixed-general,0.2,1.0,0.6441382403108985
4,787,fixed-specific,0.4,1.0,0.7356087574146921
4,787,learned,0.2,1.0,0.6441382403108985
4,787,popularity,0.2,0.25,0.50952293273536
4,787,random,0.2,0.3333333333333333,0.421067089282842
4,788,fixed-general,0.8,1.0,0.8367365584593274
4,788,fixed-specific,0.8,1.0,0.807481043346545
4,788,learned,0.8,1.0,0.883958639123322
4,788,popularity,0.2,0.5,0.5099321089559009
4,788,random,0.4,0.3333333333333333,0.5189965062987311
4,789,fixed-general,1.0,1.0,1.0
4,789,fixed-specific,0.4,0.5,0.7866848715257447
4,789,learned,0.8,1.0,0.9562649741625527
4,789,popularity,1.0,1.0,1.0
4,789,random,0.6,1.0,0.759963590281844
4,790,fixed-general,0.4,0.25,0.6009934498391536
4,790,fixed-specific,0.6,1.0,0.8508180120808563
4,790,learned,0.4,0.3333333333333333,0.6432258908536518
4,790,popularity,0.4,1.0,0.8308597971528897
4,790,random,0.6,1.0,0.8015159178590917
4,791,fixed-general,0.6,1.0,0.8997382732836168
4,791,fixed-specific,0.6,1.0,0.7590911424516829
4,791,learned,0.6,1.0,0.8997382732836168
4,791,popularity,0.6,1.0,0.8638404983775366
4,791,random,0.0,0.0,0.48027413100620103
4,792,fixed-general,0.4,1.0,0.6816328606037597
4,792,fixed-specific,0.6,1.0,0.7496052191202698
4,792,learned,0.4,1.0,0.7185593083648736
4,792,popularity,0.6,1.0,0.8610029055236421
4,792,random,0.2,1.0,0.6935639064175861
4,793,fixed-general,0.8,1.0,0.737679744555237
4,793,fixed-specific,0.6,1.0,0.6916115019444493
4,793,learned,0.8,1.0,0.7693579801567767
4,793,popularity,0.8,1.0,0.8592590198101554
4,793,random,0.6,0.5,0.7130086524475721
4,794,fixed-general,1.0,1.0,0.8675913206964894
4,794,fixed-specific,1.0,1.0,0.8882866175020359
4,794,learned,1.0,1.0,0.8713071387790806
4,794,popularity,0.6,1.0,0.7871714233332975
4,794,random,1.0,1.0,0.8193183568387621
4,795,fixed-general,0.8,1.0,0.849607409925425
4,795,fixed-specific,0.2,0.2,0.3834131113516196
4,795,learned,0.8,1.0,0.7880248717039899
4,795,popularity,0.8,1.0,0.8845707994194448
4,795,random,0.8,1.0,0.8824086793035105
4,796,fixed-general,0.2,0.3333333333333333,0.5708649021271467
4,796,fixed-specific,0.4,0.3333333333333333,0.4837028230690314
4,796,learned,0.2,0.5,0.5610974331406143
4,796,popularity,0.4,1.0,0.7599321243330679
4,796,random,0.2,1.0,0.5316279753767282
4,797,fixed-general,1.0,1.0,0.8633420161317488
4,797,fixed-specific,1.0,1.0,0.8969662799868708
4,797,learned,1.0,1.0,0.8633420161317488
4,797,popularity,0.8,1.0,0.883958639123322
4,797,random,0.6,1.0,0.729007189845708
4,798,fixed-general,0.2,1.0,0.6929649147363262
4,798,fixed-specific,0.2,0.25,0.5335127859365213
4,798,learned,0.0,0.0,0.412891906921622
4,798,popularity,0.0,0.0,0.552928410828974
4,798,random,0.2,1.0,0.7532753542437758
4,799,fixed-general,0.6,1.0,0.7679834570996312
4,799,fixed-specific,0.6,1.0,0.8265104920858354
4,799,learned,0.6,1.0,0.7721665867442502
4,799,popularity,0.4,1.0,0.7060616073912299
4,799,random,0.4,1.0,0.7405540208290367
4,800,fixed-general,0.8,0.5,0.7488685921580613
4,800,fixed-specific,0.6,1.0,0.8426246675442809
4,800,learned,0.8,0.5,0.7965953335317203
4,800,popularity,0.8,1.0,0.8252072099638096
4,800,random,0.8,1.0,0.8318243739317357
4,801,fixed-general,1.0,1.0,0.9306816431612379
4,801,fixed-specific,0.8,1.0,0.8930068676327362
4,801,learned,0.8,1.0,0.8786928612209193
4,801,popularity,0.8,1.0,0.8930068676327362
4,801,random,0.8,0.5,0.7880248717039899
4,802,fixed-general,0.4,0.3333333333333333,0.6764967932559721
4,802,fixed-specific,0.2,0.5,0.4170760480418505
4,802,learned,0.2,1.0,0.6462405645049274
4,802,popularity,0.2,0.5,0.7126358688354499
4,802,random,0.2,0.3333333333333333,0.5341100016225081
4,803,fixed-general,0.0,0.0,0.49012176092865267
4,803,fixed-specific,0.4,0.3333333333333333,0.7669283933830501
4,803,learned,0.0,0.0,0.4950761850387742
4,803,popularity,0.4,0.5,0.7252037465366871
4,803,random,0.2,0.5,0.519725868993799
4,804,fixed-general,0.6,0.5,0.8171987990598991
4,804,fixed-specific,0.6,0.5,0.5265697035466084
4,804,learned,0.6,1.0,0.8966233061529364
4,804,popularity,0.6,1.0,0.7672523772052209
4,804,random,0.2,1.0,0.5622501729585493
4,805,fixed-general,0.6,1.0,0.9111636812206082
4,805,fixed-specific,0.4,1.0,0.7948979261706218
4,805,learned,0.4,1.0,0.8742372334594943
4,805,popularity,0.4,1.0,0.7185593083648736
4,805,random,0.4,0.5,0.5168520492576925
4,806,fixed-general,0.4,0.3333333333333333,0.6934822860018383
4,806,fixed-specific,0.6,1.0,0.8083513979317062
4,806,learned,0.4,0.3333333333333333,0.6890310852757123
4,806,popularity,0.6,1.0,0.8083513979317062
4,806,random,0.8,1.0,0.8546854522433548
4,807,fixed-general,0.8,1.0,0.7209145487045057
4,807,fixed-specific,1.0,1.0,0.861713382497964
4,807,learned,1.0,1.0,0.8251962950372874
4,807,popularity,0.8,1.0,0.8687949224876582
4,807,random,0.8,1.0,0.8687949224876582
4,808,fixed-general,0.0,0.0,0.4661432132339001
4,808,fixed-specific,0.4,0.5,0.6843515475204855
4,808,learned,0.0,0.0,0.4661432132339001
4,808,popularity,0.6,1.0,0.8432115724046808
4,808,random,0.2,0.2,0.597348290746242
4,809,fixed-general,0.8,1.0,0.8208269766773071
4,809,fixed-specific,0.6,1.0,0.7914316574706824
4,809,learned,0.8,1.0,0.8017127425690994
4,809,popularity,1.0,1.0,0.8745788895927525
4,809,random,0.4,1.0,0.612982631785491
4,810,fixed-general,0.8,1.0,0.9513105500524313
4,810,fixed-specific,0.8,1.0,0.9562649741625527
4,810,learned,0.8,1.0,0.9513105500524313
4,810,popularity,1.0,1.0,1.0
4,810,random,0.8,1.0,0.9434732991210639
4,811,fixed-general,0.4,0.3333333333333333,0.6568190367442152
4,811,fixed-specific,0.2,0.25,0.5585676890189162
4,811,learned,0.4,0.3333333333333333,0.6568190367442152
4,811,popularity,0.8,1.0,0.9513105500524313
4,811,random,0.6,1.0,0.8997382732836168
4,812,fixed-general,0.6,1.0,0.8344134008771169
4,812,fixed-specific,0.8,1.0,0.9049021004643779
4,812,learned,0.6,1.0,0.8344134008771169
4,812,popularity,0.8,1.0,0.8577293532364525
4,812,random,0.8,1.0,0.8577293532364525
4,813,fixed-general,0.4,1.0,0.8694152006893543
4,813,fixed-specific,0.4,1.0,0.8650716802646738
4,813,learned,0.4,1.0,0.8694152006893543
4,813,popularity,0.2,0.25,0.6271493587087609
4,813,random,0.4,0.5,0.702659835714268
4,814,fixed-general,0.6,1.0,0.8794764721804778
4,814,fixed-specific,0.6,1.0,0.7906015953512613
4,814,learned,0.6,1.0,0.8794764721804778
4,814,popularity,0.8,1.0,0.9054707072811292
4,814,random,0.4,1.0,0.7646073602506097
4,815,fixed-general,0.8,1.0,0.8551223685179244
4,815,fixed-specific,0.6,1.0,0.676146448837115
4,815,learned,1.0,1.0,0.8854316523111123
4,815,popularity,0.8,1.0,0.8718031991361873
4,815,random,0.6,1.0,0.7496052191202698
4,816,fixed-general,0.6,0.5,0.7077590147523284
4,816,fixed-specific,0.8,1.0,0.7840976325580767
4,816,learned,0.6,1.0,0.7429880551523438
4,816,popularity,0.8,1.0,0.8073956271442654
4,816,random,0.4,0.5,0.6708325669912145
4,817,fixed-general,0.8,1.0,0.8592011662065416
4,817,fixed-specific,1.0,1.0,0.8882866175020359
4,817,learned,0.8,1.0,0.8920024355846271
4,817,popularity,0.8,1.0,0.8236885107939742
4,817,random,0.8,1.0,0.8809008950601972
4,818,fixed-general,0.0,0.0,0.6475706287532759
4,818,fixed-specific,0.2,1.0,0.9275038527696858
4,818,learned,0.0,0.0,0.7100154110787432
4,818,popularity,0.0,0.0,0.6185354584649387
4,818,random,0.0,0.0,0.5025783342926474
4,819,fixed-general,1.0,1.0,0.8443220749053792
4,819,fixed-specific,1.0,1.0,0.8443220749053792
4,819,learned,1.0,1.0,0.8443220749053792
4,819,popularity,0.4,1.0,0.8015150901385478
4,819,random,0.4,1.0,0.6022935533148873
4,820,fixed-general,0.4,1.0,0.669135159630116
4,820,fixed-specific,0.4,1.0,0.6541517363729519
4,820,learned,0.4,1.0,0.664952029985497
4,820,popularity,1.0,1.0,0.8920488162790383
4,820,random,0.6,0.5,0.6659128103843871
4,822,fixed-general,0.6,1.0,0.6965034338163681
4,822,fixed-specific,0.6,1.0,0.7156909463786013
4,822,learned,0.6,1.0,0.6965034338163681
4,822,popularity,1.0,1.0,0.9634829125393233
4,822,random,0.4,1.0,0.5885058694009951
4,823,fixed-general,0.4,0.3333333333333333,0.48853508207922547
4,823,fixed-specific,0.4,0.5,0.5062298843356113
4,823,learned,0.4,0.25,0.46555024591361727
4,823,popularity,1.0,1.0,0.8984294899244509
4,823,random,0.4,0.5,0.5685075574561899
4,824,fixed-general,1.0,1.0,0.9099863463556914
4,824,fixed-specific,1.0,1.0,0.8362978355617173
4,824,learned,1.0,1.0,0.8713071387790806
4,824,popularity,1.0,1.0,0.8458915918428338
4,824,random,0.8,1.0,0.8289121131198786
4,825,fixed-general,0.4,1.0,0.6994444434233038
4,825,fixed-specific,0.6,1.0,0.8318243739317357
4,825,learned,0.4,1.0,0.7321877615397986
4,825,popularity,0.2,0.3333333333333333,0.573681676882798
4,825,random,0.0,0.0,0.37197441777561696
4,826,fixed-general,0.6,1.0,0.8153926152883844
4,826,fixed-specific,0.6,0.5,0.7575661428939316
4,826,learned,0.6,1.0,0.8153926152883844
4,826,popularity,1.0,1.0,0.9492147449622255
4,826,random,0.8,1.0,0.8591366529694805
4,827,fixed-general,0.8,1.0,0.8706290710522846
4,827,fixed-specific,0.8,1.0,0.909921908007255
4,827,learned,0.8,1.0,0.909921908007255
4,827,popularity,0.6,1.0,0.8661778703261588
4,827,random,0.2,0.5,0.6237440132200903
4,828,fixed-general,0.4,1.0,0.7360753294644781
4,828,fixed-specific,0.6,1.0,0.7865375820054892
4,828,learned,0.6,1.0,0.8680376647322391
4,828,popularity,0.8,1.0,0.8577293532364525
4,828,random,0.6,1.0,0.7643008730754077
4,829,fixed-general,0.2,0.5,0.5861793778564417
4,829,fixed-specific,0.6,1.0,0.8753679856607756
4,829,learned,0.4,0.5,0.7053249804290215
4,829,popularity,0.4,1.0,0.7729032137064586
4,829,random,0.2,0.3333333333333333,0.6106081246439119
4,830,fixed-general,0.8,0.5,0.5380248717039899
4,830,fixed-specific,0.6,1.0,0.6785195230453037
4,830,learned,0.6,1.0,0.5991040577302209
4,830,popularity,0.6,1.0,0.7706952968055464
4,830,random,0.6,0.5,0.4977919661607221
4,831,fixed-general,0.6,0.5,0.7283002711463443
4,831,fixed-specific,0.8,0.5,0.7552236023259045
4,831,learned,0.6,0.5,0.7283002711463443
4,831,popularity,0.8,1.0,0.8152524425806826
4,831,random,0.2,0.3333333333333333,0.3845707994194448
4,832,fixed-general,0.4,0.3333333333333333,0.645287047594616
4,832,fixed-specific,0.2,0.2,0.5874605752001633
4,832,learned,0.4,0.3333333333333333,0.6293984291097449
4,832,popularity,0.8,1.0,0.8591366529694805
4,832,random,0.4,1.0,0.7906015953512613
4,833,fixed-general,0.2,0.5,0.5861793778564417
4,833,fixed-specific,0.4,0.5,0.6600322733786694
4,833,learned,0.2,0.5,0.5861793778564417
4,833,popularity,0.8,1.0,0.8920488162790383
4,833,random,0.2,0.3333333333333333,0.5981104236702681
4,834,fixed-general,0.4,0.5,0.6901549979845246
4,834,fixed-specific,0.2,0.2,0.4390580443842806
4,834,learned,0.4,0.5,0.6901549979845246
4,834,popularity,0.2,1.0,0.7226615409635856
4,834,random,0.2,0.5,0.4470148768705041
4,835,fixed-general,0.6,0.5,0.5901849568340839
4,835,fixed-specific,0.8,1.0,0.8291871737927478
4,835,learned,0.6,0.5,0.5940267919864127
4,835,popularity,0.4,0.5,0.43469200040942896
4,835,random,0.8,1.0,0.643416447028461
4,836,fixed-general,1.0,1.0,0.954447338710583
4,836,fixed-specific,0.8,1.0,0.9647556502063696
4,836,learned,1.0,1.0,0.954447338710583
4,836,popularity,1.0,1.0,0.8866579684910842
4,836,random,1.0,1.0,0.8058609574080366
4,837,fixed-general,0.6,1.0,0.7825450050487012
4,837,fixed-specific,0.8,1.0,0.8514136186974538
4,837,learned,0.8,1.0,0.839485221263159
4,837,popularity,0.8,1.0,0.7483798986843249
4,837,random,0.6,1.0,0.675518708078784
4,838,fixed-general,0.6,0.5,0.6265307411049851
4,838,fixed-specific,0.6,1.0,0.7728574169214807
4,838,learned,0.8,0.5,0.692133279861156
4,838,popularity,1.0,1.0,1.0
4,838,random,0.4,0.3333333333333333,0.5290854512954943
4,839,fixed-general,0.6,1.0,0.8997382732836168
4,839,fixed-specific,0.2,0.25,0.6023027148563634
4,839,learned,0.4,1.0,0.8362467693034749
4,839,popularity,0.4,1.0,0.8510488233360479
4,839,random,0.2,0.3333333333333333,0.5594401368490775
4,840,fixed-general,0.2,1.0,0.7231933675456027
4,840,fixed-specific,0.6,0.3333333333333333,0.7025644415727468
4,840,learned,0.4,0.5,0.7252037465366871
4,840,popularity,0.4,1.0,0.7281477916557243
4,840,random,0.0,0.0,0.4385494841598382
4,841,fixed-general,0.4,0.3333333333333333,0.6022935533148873
4,841,fixed-specific,0.6,1.0,0.7196900605661548
4,841,learned,0.4,0.25,0.5698926724772518
4,841,popularity,0.2,0.3333333333333333,0.5611839759091544
4,841,random,0.2,0.25,0.571247642559491
4,842,fixed-general,0.4,0.3333333333333333,0.8020040617452147
4,842,fixed-specific,0.0,0.0,0.595324289975257
4,842,learned,0.2,0.25,0.7480731135642684
4,842,popularity,0.6,1.0,0.8796737474885313
4,842,random,0.4,1.0,0.7253107435916136
4,843,fixed-general,1.0,1.0,0.8920488162790383
4,843,fixed-specific,1.0,1.0,0.9223581000722261
4,843,learned,1.0,1.0,0.8812485226664931
4,843,popularity,0.6,1.0,0.7973319604939287
4,843,random,0.6,1.0,0.7359767659453448
4,844,fixed-general,0.2,0.2,0.5520810896577077
4,844,fixed-specific,0.6,1.0,0.8157101984732902
4,844,learned,0.2,0.25,0.5670645129148719
4,844,popularity,0.4,1.0,0.8015150901385478
4,844,random,0.8,0.5,0.6534151094107434
4,845,fixed-general,0.8,1.0,0.9125299483251055
4,845,fixed-specific,0.4,1.0,0.8023593733884791
4,845,learned,0.8,1.0,0.8869465982421281
4,845,popularity,1.0,1.0,1.0
4,845,random,0.2,0.5,0.6455709457931598
4,846,fixed-general,0.8,1.0,0.7706952968055464
4,846,fixed-specific,1.0,1.0,0.8034965661836319
4,846,learned,1.0,1.0,0.8034965661836319
4,846,popularity,1.0,1.0,0.9576049743407979
4,846,random,1.0,1.0,0.9041084081571661
4,847,fixed-general,0.8,1.0,0.7917936266962449
4,847,fixed-specific,0.8,1.0,0.7578799455265084
4,847,learned,0.8,1.0,0.7917936266962449
4,847,popularity,0.8,1.0,0.8745788895927525
4,847,random,0.8,0.5,0.7255251831141858
4,848,fixed-general,0.2,0.5,0.7271207070671541
4,848,fixed-specific,0.4,0.3333333333333333,0.6801836841475194
4,848,learned,0.4,0.5,0.7708647447482505
4,848,popularity,0.8,1.0,0.9187693091354482
4,848,random,0.4,0.25,0.5163355009513918
4,849,fixed-general,0.4,0.3333333333333333,0.6934822860018383
4,849,fixed-specific,0.2,0.25,0.6034041940090933
4,849,learned,0.4,0.25,0.6819898679190342
4,849,popularity,0.4,0.5,0.6585856494489348
4,849,random,0.4,0.5,0.6122515951372862
4,850,fixed-general,0.6,1.0,0.6778911990970637
4,850,fixed-specific,0.6,0.3333333333333333,0.49044406282965086
4,850,learned,0.6,1.0,0.6778911990970637
4,850,popularity,1.0,1.0,0.9322106297805014
4,850,random,0.4,1.0,0.4182859438678125
4,851,fixed-general,0.0,0.0,0.34322053432258004
4,851,fixed-specific,0.2,0.25,0.5340853035318365
4,851,learned,0.0,0.0,0.34322053432258004
4,851,popularity,0.4,1.0,0.742461357268098
4,851,random,0.2,0.25,0.4262574089586469
4,852,fixed-general,0.4,0.5,0.3996016554386617
4,852,fixed-specific,0.2,1.0,0.31717420453163087
4,852,learned,0.4,0.5,0.3776140478901955
4,852,popularity,0.0,0.0,0.09839553232772154
4,852,random,0.0,0.0,0.10572473484387696
4,853,fixed-general,0.6,1.0,0.6216573272997756
4,853,fixed-specific,0.8,1.0,0.6439368697495294
4,853,learned,0.6,1.0,0.6858487788091441
4,853,popularity,0.4,1.0,0.5165948713593058
4,853,random,0.6,1.0,0.629861420325502
4,854,fixed-general,0.4,0.5,0.5076089513736903
4,854,fixed-specific,0.2,0.3333333333333333,0.383041594074182
4,854,learned,0.2,0.5,0.4291350978728533
4,854,popularity,0.6,0.5,0.671526131121996
4,854,random,0.2,0.25,0.34871425857535754
4,855,fixed-general,0.4,1.0,0.7817541942230685
4,855,fixed-specific,0.4,0.25,0.4522516440592984
4,855,learned,0.4,1.0,0.7817541942230685
4,855,popularity,0.6,0.5,0.6445032147355785
4,855,random,0.6,1.0,0.7194765211024898
4,856,fixed-general,0.6,1.0,0.907575524214984
4,856,fixed-specific,0.6,1.0,0.8849362192510436
4,856,learned,0.6,1.0,0.907575524214984
4,856,popularity,0.6,1.0,0.8432115724046808
4,856,random,0.2,0.5,0.576252569872735
4,857,fixed-general,0.6,0.5,0.830419897363192
4,857,fixed-specific,0.6,0.5,0.830419897363192
4,857,learned,0.6,0.5,0.830419897363192
4,857,popularity,0.4,0.5,0.6843515475204855
4,857,random,0.2,0.2,0.2738625873353602
4,858,fixed-general,1.0,1.0,0.7754352608773023
4,858,fixed-specific,1.0,1.0,0.8093489420470388
4,858,learned,1.0,1.0,0.7754352608773023
4,858,popularity,1.0,1.0,0.8631008549624842
4,858,random,0.8,1.0,0.7076078985378293
4,859,fixed-general,0.2,0.25,0.41591017919589784
4,859,fixed-specific,0.2,0.5,0.48094526726647324
4,859,learned,0.2,0.25,0.4031185041544091
4,859,popularity,0.4,0.3333333333333333,0.6955996384715408
4,859,random,0.6,0.5,0.6864231448093615
4,860,fixed-general,0.2,0.5,0.7379954215781759
4,860,fixed-specific,0.4,1.0,0.8284095183721076
4,860,learned,0.2,0.5,0.6942603957407286
4,860,popularity,0.2,0.5,0.689305971630607
4,860,random,0.2,1.0,0.73103061847697
4,861,fixed-general,0.2,0.2,0.6538749916251779
4,861,fixed-specific,0.2,0.2,0.6538749916251779
4,861,learned,0.2,0.2,0.6538749916251779
4,861,popularity,0.4,0.5,0.7458326725095431
4,861,random,0.2,0.25,0.7153561166142355
4,862,fixed-general,0.6,0.5,0.7982927408928189
4,862,fixed-specific,0.2,0.3333333333333333,0.573681676882798
4,862,learned,0.6,0.5,0.7982927408928189
4,862,popularity,1.0,1.0,0.9397755576526973
4,862,random,0.4,1.0,0.5969796714689869
4,863,fixed-general,0.2,0.25,0.7259224143413963
4,863,fixed-specific,0.2,0.5,0.7595026014246349
4,863,learned,0.2,0.2,0.7290988186673494
4,863,popularity,0.0,0.0,0.7345577848667816
4,863,random,0.0,0.0,0.47775094025894843
4,864,fixed-general,0.2,0.2,0.664350027551551
4,864,fixed-specific,0.2,0.25,0.6616540794726973
4,864,learned,0.2,0.2,0.664350027551551
4,864,popularity,0.4,1.0,0.7654415079581263
4,864,random,0.0,0.0,0.5250545847553482
4,865,fixed-general,0.4,0.5,0.7429498456882975
4,865,fixed-specific,0.4,0.5,0.7458326725095431
4,865,learned,0.4,0.5,0.7252037465366871
4,865,popularity,0.6,1.0,0.8997382732836168
4,865,random,0.8,1.0,0.9513105500524313
4,866,fixed-general,0.6,0.5,0.7091127585841113
4,866,fixed-specific,0.6,0.5,0.6286928612209193
4,866,learned,0.4,0.5,0.6435102198279404
4,866,popularity,1.0,1.0,0.9248037049627126
4,866,random,0.8,1.0,0.8067090320710189
4,867,fixed-general,0.6,1.0,0.9054707072811292
4,867,fixed-specific,0.8,1.0,0.9492147449622255
4,867,learned,0.6,1.0,0.9054707072811292
4,867,popularity,0.8,1.0,0.878089670713454
4,867,random,0.8,1.0,0.8064902138361324
4,868,fixed-general,0.0,0.0,0.6438542785953449
4,868,fixed-specific,0.0,0.0,0.6438542785953449
4,868,learned,0.0,0.0,0.6438542785953449
4,868,popularity,0.2,0.3333333333333333,0.7530391532426916
4,868,random,0.2,0.2,0.7283312291251001
4,869,fixed-general,0.2,0.3333333333333333,0.4634829125393234
4,869,fixed-specific,0.2,1.0,0.5615825382214351
4,869,learned,0.4,0.3333333333333333,0.5402329055432677
4,869,popularity,0.6,0.5,0.6880673656030766
4,869,random,0.6,1.0,0.7320160892289356
4,870,fixed-general,0.6,0.5,0.702839258145501
4,870,fixed-specific,0.6,0.5,0.6858159902483788
4,870,learned,0.6,0.5,0.6659128103843871
4,870,popularity,0.6,1.0,0.8426246675442809
4,870,random,0.0,0.0,0.2295308206168484
4,871,fixed-general,1.0,1.0,0.9289752640401522
4,871,fixed-specific,1.0,1.0,0.9875022990263562
4,871,learned,1.0,1.0,0.9808851350584302
4,871,popularity,0.8,1.0,0.723873190210774
4,871,random,0.4,0.25,0.4500104429424637
4,872,fixed-general,0.8,1.0,0.7532124658873869
4,872,fixed-specific,0.4,1.0,0.5743428466665951
4,872,learned,0.6,1.0,0.6515502781424001
4,872,popularity,0.6,0.5,0.6033232280080162
4,872,random,0.4,1.0,0.491106493314848
4,873,fixed-general,0.8,1.0,0.8570262815927502
4,873,fixed-specific,1.0,1.0,0.8514136186974538
4,873,learned,0.8,1.0,0.8530337046359621
4,873,popularity,1.0,1.0,1.0
4,873,random,0.6,1.0,0.7313796808639879
4,874,fixed-general,1.0,1.0,0.946503433816368
4,874,fixed-specific,0.8,1.0,0.8115825382214351
4,874,learned,1.0,1.0,0.946503433816368
4,874,popularity,1.0,1.0,1.0
4,874,random,1.0,1.0,0.8458915918428338
4,875,fixed-general,0.8,1.0,0.7955526459122501
4,875,fixed-specific,1.0,1.0,0.8411053072016672
4,875,learned,0.8,1.0,0.7666240306576183
4,875,popularity,0.8,1.0,0.7912332306059795
4,875,random,0.2,0.3333333333333333,0.44683838733689263
4,876,fixed-general,0.8,1.0,0.805658686299566
4,876,fixed-specific,1.0,1.0,0.946503433816368
4,876,learned,0.8,1.0,0.805658686299566
4,876,popularity,0.8,1.0,0.8369521714343382
4,876,random,0.0,0.0,0.334790051318404
4,877,fixed-general,0.8,1.0,0.9112178350033764
4,877,fixed-specific,0.6,1.0,0.7301357667110312
4,877,learned,0.6,1.0,0.805484785622485
4,877,popularity,0.8,1.0,0.7792554997356154
4,877,random,0.4,1.0,0.6556544901669823
4,878,fixed-general,1.0,1.0,0.95232536780508
4,878,fixed-specific,0.6,1.0,0.8368233732706873
4,878,learned,0.6,1.0,0.8467424891435418
4,878,popularity,0.6,1.0,0.7590768950583598
4,878,random,0.8,1.0,0.7792770960296312
4,879,fixed-general,0.4,0.3333333333333333,0.6890310852757123
4,879,fixed-specific,0.4,0.5,0.7138221052128352
4,879,learned,0.4,0.5,0.7023296871300311
4,879,popularity,0.6,1.0,0.8679840540976737
4,879,random,0.4,0.5,0.7067808878561571
4,880,fixed-general,0.8,1.0,0.822684078745865
4,880,fixed-specific,0.8,0.5,0.7552236023259045
4,880,learned,1.0,1.0,0.877185076977606
4,880,popularity,1.0,1.0,0.9671987306219145
4,880,random,0.6,0.5,0.6593320104830706
4,881,fixed-general,1.0,1.0,1.0
4,881,fixed-specific,0.8,1.0,0.9513105500524313
4,881,learned,1.0,1.0,1.0
4,881,popularity,0.8,1.0,0.9562649741625527
4,881,random,0.6,1.0,0.8008157892980458
4,882,fixed-general,0.4,0.3333333333333333,0.5213196638809416
4,882,fixed-specific,0.4,0.5,0.5305487319474741
4,882,learned,0.4,0.3333333333333333,0.5293048177945177
4,882,popularity,0.8,1.0,0.9032820145258695
4,882,random,0.2,0.2,0.5046956178461564
4,883,fixed-general,1.0,1.0,0.9025789428821672
4,883,fixed-specific,1.0,1.0,0.8450978841584552
4,883,learned,1.0,1.0,0.9441390272147963
4,883,popularity,1.0,1.0,0.9936842654610014
4,883,random,0.8,1.0,0.8161692689038234
4,884,fixed-general,0.2,1.0,0.7231933675456027
4,884,fixed-specific,0.2,0.3333333333333333,0.5614505158401619
4,884,learned,0.2,1.0,0.7083913135130295
4,884,popularity,0.6,1.0,0.8638404983775366
4,884,random,0.4,1.0,0.7438222935184587
4,885,fixed-general,0.2,0.2,0.5338567867660999
4,885,fixed-specific,0.4,0.25,0.6460377406938107
4,885,learned,0.2,0.2,0.5338567867660999
4,885,popularity,0.8,1.0,0.9434732991210639
4,885,random,0.2,0.3333333333333333,0.6307688917605867
4,886,fixed-general,0.8,0.5,0.7156060672413312
4,886,fixed-specific,0.6,1.0,0.7147236752947004
4,886,learned,0.8,0.5,0.6778505509192658
4,886,popularity,0.6,0.5,0.566190391537202
4,886,random,0.2,0.3333333333333333,0.4731240435422773
4,887,fixed-general,0.8,1.0,0.7968458935012759
4,887,fixed-specific,1.0,1.0,0.8633420161317488
4,887,learned,0.8,1.0,0.7576089667508573
4,887,popularity,0.6,1.0,0.8458009558021575
4,887,random,0.4,0.5,0.3174131523024459
4,888,fixed-general,0.6,1.0,0.660768900340878
4,888,fixed-specific,0.8,1.0,0.8377049109374533
4,888,learned,0.6,1.0,0.6858159902483788
4,888,popularity,0.6,0.3333333333333333,0.6409174084370997
4,888,random,0.6,0.5,0.48410873114119773
4,889,fixed-general,0.2,0.5,0.8215980935022413
4,889,fixed-specific,0.2,0.25,0.47731893589765884
4,889,learned,0.2,0.5,0.6893140114136048
4,889,popularity,0.2,0.3333333333333333,0.8153225004907431
4,889,random,0.0,0.0,0.363940146018015
4,890,fixed-general,0.4,0.5,0.5729587581823158
4,890,fixed-specific,0.0,0.0,0.4143456085713516
4,890,learned,0.4,0.3333333333333333,0.5901055921547744
4,890,popularity,0.8,1.0,0.9562559623189038
4,890,random,0.4,1.0,0.6934822860018383
4,891,fixed-general,0.6,1.0,0.637470905754689
4,891,fixed-specific,0.6,1.0,0.6189226959729365
4,891,learned,0.6,1.0,0.637470905754689
4,891,popularity,0.6,1.0,0.7829668803567953
4,891,random,0.4,1.0,0.48772520562599947
4,892,fixed-general,0.2,1.0,0.5898794091307438
4,892,fixed-specific,0.2,1.0,0.5278077826665905
4,892,learned,0.2,1.0,0.5231745282292888
4,892,popularity,0.0,0.0,0.217962780651115
4,892,random,0.2,0.5,0.3513725424540249
4,893,fixed-general,0.4,0.25,0.5181822849033656
4,893,fixed-specific,0.2,0.25,0.38697720739102376
4,893,learned,0.4,0.25,0.5181822849033656
4,893,popularity,0.6,0.5,0.7895676983469904
4,893,random,0.4,0.3333333333333333,0.5161719059122811
4,894,fixed-general,1.0,1.0,0.9210878868801213
4,894,fixed-specific,0.8,1.0,0.8809008950601972
4,894,learned,1.0,1.0,0.9576049743407979
4,894,popularity,0.8,1.0,0.7658217906551301
4,894,random,0.8,1.0,0.7939028099025153
4,895,fixed-general,0.8,1.0,0.7704691793831516
4,895,fixed-specific,0.8,1.0,0.7965953335317203
4,895,learned,0.8,1.0,0.7965953335317203
4,895,popularity,1.0,1.0,0.9767020054138111
4,895,random,0.4,1.0,0.6064249949992928
4,896,fixed-general,0.6,1.0,0.6960496287011066
4,896,fixed-specific,0.8,1.0,0.8641735668091575
4,896,learned,0.8,1.0,0.8766712677828012
4,896,popularity,0.6,1.0,0.6840668949270667
4,896,random,0.6,1.0,0.6505869498483636
4,897,fixed-general,0.8,1.0,0.908492570762489
4,897,fixed-specific,0.8,1.0,0.82150350348809
4,897,learned,1.0,1.0,0.956167202957409
4,897,popularity,1.0,1.0,0.8531817390896298
4,897,random,0.2,0.5,0.3191900058750361
4,898,fixed-general,0.2,0.5,0.6231058256175556
4,898,fixed-specific,0.4,1.0,0.7787837507121763
4,898,learned,0.2,1.0,0.6583348660175709
4,898,popularity,0.4,0.5,0.6642154030232885
4,898,random,0.6,1.0,0.8007784631763394
4,899,fixed-general,0.4,1.0,0.6890310852757123
4,899,fixed-specific,0.8,1.0,0.8343456330323578
4,899,learned,0.4,1.0,0.6934822860018383
4,899,popularity,0.8,1.0,0.8343456330323578
4,899,random,0.4,0.5,0.7315719077932801
4,900,fixed-general,0.8,1.0,0.8177893548423316
4,900,fixed-specific,0.2,1.0,0.5578572612635978
4,900,learned,0.8,1.0,0.8177893548423316
4,900,popularity,0.8,1.0,0.8906505454478724
4,900,random,0.6,1.0,0.7107630578724144
4,901,fixed-general,0.4,0.5,0.6745292682578647
4,901,fixed-specific,0.2,0.25,0.48853508207922547
4,901,learned,0.2,1.0,0.6174866287224496
4,901,popularity,0.6,1.0,0.8706290710522846
4,901,random,0.2,0.25,0.4262574089586469
4,902,fixed-general,0.8,1.0,0.8093745043821573
4,902,fixed-specific,1.0,1.0,0.9576049743407979
4,902,learned,0.8,1.0,0.8443838075995205
4,902,popularity,1.0,1.0,0.9210878868801213
4,902,random,0.8,0.5,0.7404062437188833
4,903,fixed-general,1.0,1.0,0.9671987306219145
4,903,fixed-specific,0.8,1.0,0.7363862431841476
4,903,learned,1.0,1.0,0.9576049743407979
4,903,popularity,0.6,1.0,0.7908872414158887
4,903,random,0.6,1.0,0.6606406822283124
4,904,fixed-general,0.8,1.0,0.8570262815927502
4,904,fixed-specific,0.8,1.0,0.7603082961186196
4,904,learned,0.8,1.0,0.8696577506707475
4,904,popularity,0.8,1.0,0.7792554997356154
4,904,random,0.6,1.0,0.7536163897940694
4,905,fixed-general,1.0,1.0,0.8728149230223939
4,905,fixed-specific,1.0,1.0,0.9248037049627126
4,905,learned,1.0,1.0,0.8458915918428338
4,905,popularity,1.0,1.0,0.8362978355617173
4,905,random,1.0,1.0,0.861713382497964
4,906,fixed-general,0.6,0.3333333333333333,0.6312046128812596
4,906,fixed-specific,0.4,0.5,0.6585856494489348
4,906,learned,0.4,0.3333333333333333,0.5874605752001633
4,906,popularity,0.6,0.3333333333333333,0.7327751229568087
4,906,random,0.4,0.5,0.4965986503483809
4,907,fixed-general,0.6,0.5,0.7575661428939316
4,907,fixed-specific,0.6,1.0,0.8298944323062317
4,907,learned,0.6,0.5,0.7531149421678056
4,907,popularity,0.6,1.0,0.8966233061529364
4,907,random,0.4,0.5,0.5036398677050591
4,908,fixed-general,0.4,0.25,0.5454639256897816
4,908,fixed-specific,0.2,0.25,0.5085374779286679
4,908,learned,0.4,0.25,0.5823903734508955
4,908,popularity,0.6,1.0,0.7227424380094927
4,908,random,0.8,1.0,0.723873190210774
4,909,fixed-general,0.8,0.5,0.6534151094107434
4,909,fixed-specific,0.6,0.5,0.6164886616496296
4,909,learned,0.8,0.5,0.6534151094107434
4,909,popularity,0.6,1.0,0.9153468108652272
4,909,random,0.6,1.0,0.7924122038871013
4,910,fixed-general,0.2,1.0,0.5504809976970052
4,910,fixed-specific,0.6,0.3333333333333333,0.6869096775352516
4,910,learned,0.2,1.0,0.6330630151761315
4,910,popularity,0.6,1.0,0.7750654507607585
4,910,random,0.6,0.5,0.552842230311011
4,911,fixed-general,1.0,1.0,0.8786928612209193
4,911,fixed-specific,0.8,1.0,0.8824086793035105
4,911,learned,1.0,1.0,0.8824086793035105
4,911,popularity,1.0,1.0,0.9671987306219145
4,911,random,0.6,1.0,0.6568197941916482
4,912,fixed-general,0.8,1.0,0.9513105500524313
4,912,fixed-specific,0.8,1.0,0.9562649741625527
4,912,learned,0.8,1.0,0.9513105500524313
4,912,popularity,0.8,1.0,0.928671245088491
4,912,random,0.8,1.0,0.8573424901769817
4,913,fixed-general,0.8,1.0,0.7537158180825911
4,913,fixed-specific,0.8,1.0,0.8034965661836319
4,913,learned,1.0,1.0,0.8713071387790806
4,913,popularity,0.8,1.0,0.7193608507378487
4,913,random,1.0,1.0,0.8400136536443085
4,914,fixed-general,0.4,1.0,0.6842069336360624
4,914,fixed-specific,0.4,0.5,0.6027068509093125
4,914,learned,0.4,1.0,0.6715754645580652
4,914,popularity,0.6,1.0,0.70353030903861
4,914,random,0.6,0.5,0.687447105513079
4,915,fixed-general,0.6,1.0,0.6742747939258275
4,915,fixed-specific,0.6,0.5,0.5325449896715342
4,915,learned,0.6,1.0,0.6742747939258275
4,915,popularity,1.0,1.0,0.8058609574080366
4,915,random,0.8,1.0,0.872030241689027
4,916,fixed-general,0.6,1.0,0.7664761265277511
4,916,fixed-specific,0.8,1.0,0.8506118419735341
4,916,learned,0.6,1.0,0.7182031626700237
4,916,popularity,1.0,1.0,0.8675913206964894
4,916,random,0.6,0.5,0.514817358607021
4,917,fixed-general,0.4,0.5,0.5147714448836774
4,917,fixed-specific,0.0,0.0,0.38202278328090217
4,917,learned,0.2,0.5,0.519725868993799
4,917,popularity,0.8,1.0,0.9434732991210639
4,917,random,0.2,0.5,0.5890442449142238
4,918,fixed-general,0.2,1.0,0.5847833030901813
4,918,fixed-specific,0.2,1.0,0.6513006280050809
4,918,learned,0.2,1.0,0.5847833030901813
4,918,popularity,0.4,1.0,0.7822660930380532
4,918,random,0.2,0.2,0.2636102008099528
4,919,fixed-general,0.2,0.2,0.4632447708783159
4,919,fixed-specific,0.2,0.25,0.4483130355813652
4,919,learned,0.2,0.2,0.4632447708783159
4,919,popularity,0.4,1.0,0.7962012082926475
4,919,random,0.2,0.3333333333333333,0.4437357806976733
4,920,fixed-general,1.0,1.0,0.8984294899244509
4,920,fixed-specific,1.0,1.0,0.8984294899244509
4,920,learned,1.0,1.0,0.8984294899244509
4,920,popularity,1.0,1.0,0.8984294899244509
4,920,random,0.8,1.0,0.7968589798489021
4,921,fixed-general,0.4,0.3333333333333333,0.3869645720036764
4,921,fixed-specific,0.2,0.2,0.26945044311919736
4,921,learned,0.4,0.3333333333333333,0.3869645720036764
4,921,popularity,0.2,1.0,0.5926956087853267
4,921,random,0.2,0.3333333333333333,0.4606796628830002
4,924,fixed-general,0.8,1.0,0.9026211001048624
4,924,fixed-specific,0.6,1.0,0.8432115724046808
4,924,learned,0.8,1.0,0.9026211001048624
4,924,popularity,0.6,0.5,0.830419897363192
4,924,random,0.4,0.5,0.7817304474156231
4,925,fixed-general,0.8,1.0,0.9434732991210639
4,925,fixed-specific,1.0,1.0,1.0
4,925,learned,0.8,1.0,0.9513105500524313
4,925,popularity,1.0,1.0,1.0
4,925,random,0.8,1.0,0.8573424901769817
4,926,fixed-general,0.4,1.0,0.5585603329073001
4,926,fixed-specific,0.6,1.0,0.8902743736623207
4,926,learned,0.4,1.0,0.5585603329073001
4,926,popularity,0.6,1.0,0.7028272373949077
4,926,random,0.2,0.2,0.3271806212889783
4,927,fixed-general,0.6,1.0,0.7388984594755702
4,927,fixed-specific,0.6,1.0,0.8613632863224759
4,927,learned,0.6,1.0,0.7388984594755702
4,927,popularity,0.8,1.0,0.7812934851347721
4,927,random,0.6,1.0,0.764817358607021
4,928,fixed-general,0.4,0.5,0.7067808878561571
4,928,fixed-specific,0.4,0.3333333333333333,0.6249472283836189
4,928,learned,0.4,0.5,0.6515444320922567
4,928,popularity,1.0,1.0,0.9625133468165444
4,928,random,0.4,0.3333333333333333,0.5526189389713188
4,929,fixed-general,0.8,1.0,0.6980112180596814
4,929,fixed-specific,0.6,1.0,0.6658642845542169
4,929,learned,0.8,1.0,0.734528305520358
4,929,popularity,0.8,1.0,0.6795239550934128
4,929,random,0.8,1.0,0.8093745043821573
4,930,fixed-general,0.6,1.0,0.759963590281844
4,930,fixed-specific,0.4,0.3333333333333333,0.6568190367442152
4,930,learned,0.6,1.0,0.8008157892980458
4,930,popularity,0.8,1.0,0.9434732991210639
4,930,random,0.6,1.0,0.7698724385020872
4,931,fixed-general,0.8,1.0,0.7514406955804204
4,931,fixed-specific,0.8,1.0,0.7929905762280963
4,931,learned,0.8,1.0,0.7514406955804204
4,931,popularity,0.4,1.0,0.7475988604280915
4,931,random,0.8,0.5,0.6778505509192658
4,932,fixed-general,0.8,1.0,0.8073956271442654
4,932,fixed-specific,0.6,1.0,0.8007784631763394
4,932,learned,0.8,1.0,0.8401389452607603
4,932,popularity,0.6,1.0,0.7554857561259873
4,932,random,0.6,0.5,0.7077590147523284
4,934,fixed-general,0.0,0.0,0.49406038629141646
4,934,fixed-specific,0.2,0.5,0.5867473613238896
4,934,learned,0.0,0.0,0.49406038629141646
4,934,popularity,0.2,1.0,0.7019388928018454
4,934,random,0.0,0.0,0.4458715307410464
4,935,fixed-general,0.4,0.5,0.5299937939725503
4,935,fixed-specific,0.6,0.3333333333333333,0.6149035197684671
4,935,learned,0.4,0.5,0.5776684261674703
4,935,popularity,0.8,1.0,0.8768618059876677
4,935,random,0.2,0.5,0.4304881960315376
4,936,fixed-general,0.4,0.5,0.6774497309591406
4,936,fixed-specific,0.6,1.0,0.6983136912220226
4,936,learned,0.4,1.0,0.7310570093385172
4,936,popularity,0.4,1.0,0.5587499415858472
4,936,random,0.2,0.5,0.35586024231717145
4,937,fixed-general,0.8,1.0,0.928671245088491
4,937,fixed-specific,0.6,1.0,0.8638404983775366
4,937,learned,0.8,1.0,0.9434732991210639
4,937,popularity,0.8,1.0,0.8539316501572936
4,937,random,0.4,0.3333333333333333,0.5437656349863431
4,938,fixed-general,0.0,0.0,0.730118140888437
4,938,fixed-specific,0.0,0.0,0.7364722470744329
4,938,learned,0.0,0.0,0.730118140888437
4,938,popularity,0.2,1.0,0.6720478003117626
4,938,random,0.0,0.0,0.2925629232139043
4,939,fixed-general,0.6,0.3333333333333333,0.6209808004889928
4,939,fixed-specific,0.4,0.25,0.5233960905309564
4,939,learned,0.4,0.3333333333333333,0.5531534381495199
4,939,popularity,0.6,1.0,0.7190859331680977
4,939,random,0.8,1.0,0.7792770960296312
4,940,fixed-general,0.2,1.0,0.5466484618075887
4,940,fixed-specific,0.4,1.0,0.7649180143919656
4,940,learned,0.4,1.0,0.7162285644443968
4,940,popularity,0.0,0.0,0.6101399657877307
4,940,random,0.4,1.0,0.6935892594804564
4,941,fixed-general,0.4,0.5,0.5551334671010456
4,941,fixed-specific,0.8,0.5,0.7136395517580462
4,941,learned,0.6,0.5,0.6725299743523131
4,941,popularity,1.0,1.0,0.9331583936847713
4,941,random,0.6,1.0,0.6267223001023574
4,942,fixed-general,0.8,1.0,0.9359161431079067
4,942,fixed-specific,0.6,0.5,0.7593723266654464
4,942,learned,0.8,1.0,0.9607071630450296
4,942,popularity,0.6,0.5,0.8083513979317062
4,942,random,0.6,0.3333333333333333,0.6179060110269409
4,943,fixed-general,0.4,1.0,0.787557319355906
4,943,fixed-specific,0.6,1.0,0.6729603335076004
4,943,learned,0.6,1.0,0.8382571482945591
4,943,popularity,0.4,0.5,0.7252037465366871
4,943,random,0.2,0.3333333333333333,0.40265170925375815
4,944,fixed-general,0.2,0.25,0.36535725380769085
4,944,fixed-specific,0.4,0.3333333333333333,0.5462005526519901
4,944,learned,0.2,0.2,0.4573642338725982
4,944,popularity,0.2,1.0,0.7537883487648889
4,944,random,0.0,0.0,0.3350479700145031
4,945,fixed-general,0.8,1.0,0.8617266696000329
4,945,fixed-specific,0.8,1.0,0.9117280917787699
4,945,learned,0.8,1.0,0.8706290710522846
4,945,popularity,1.0,1.0,0.8984294899244509
4,945,random,0.2,0.25,0.49034126585074017
4,946,fixed-general,0.8,1.0,0.8032124974996465
4,946,fixed-specific,0.8,1.0,0.7840976325580767
4,946,learned,1.0,1.0,0.8443220749053792
4,946,popularity,0.8,1.0,0.9028491098915834
4,946,random,1.0,1.0,0.8443220749053792
4,947,fixed-general,0.4,0.5,0.518515759342282
4,947,fixed-specific,0.6,0.5,0.44461111628228345
4,947,learned,0.6,1.0,0.5886260380766701
4,947,popularity,0.8,1.0,0.8307460925501616
4,947,random,0.6,1.0,0.7201244292044431
4,948,fixed-general,1.0,1.0,0.9306816431612379
4,948,fixed-specific,0.8,1.0,0.8734692588950149
4,948,learned,1.0,1.0,0.946503433816368
4,948,popularity,0.6,1.0,0.7754155469362467
4,948,random,0.8,1.0,0.8251962950372874
4,949,fixed-general,0.4,1.0,0.7346734838233191
4,949,fixed-specific,0.0,0.0,0.26475986101686366
4,949,learned,0.4,0.5,0.6289863626232733
4,949,popularity,0.8,0.5,0.8090930345053641
4,949,random,0.2,1.0,0.3685796030534198
4,950,fixed-general,0.6,0.5,0.8432115724046808
4,950,fixed-specific,0.2,0.5,0.6249420198203038
4,950,learned,0.6,0.5,0.8382571482945591
4,950,popularity,0.6,1.0,0.907575524214984
4,950,random,1.0,1.0,1.0
4,951,fixed-general,1.0,1.0,0.8034965661836319
4,951,fixed-specific,0.8,1.0,0.7441220618014746
4,951,learned,1.0,1.0,0.7828012693780854
4,951,popularity,0.8,1.0,0.8458915918428338
4,951,random,0.8,1.0,0.8824086793035105
4,952,fixed-general,0.6,1.0,0.7662860497385326
4,952,fixed-specific,0.2,0.2,0.5998078310313668
4,952,learned,0.6,1.0,0.7363708911844177
4,952,popularity,0.2,0.5,0.5878767852175403
4,952,random,0.4,1.0,0.535400259039445
4,953,fixed-general,0.6,1.0,0.8588860742674151
4,953,fixed-specific,1.0,1.0,1.0
4,953,learned,0.8,1.0,0.9125299483251055
4,953,popularity,0.8,1.0,0.9434732991210639
4,953,random,0.6,1.0,0.907575524214984
4,954,fixed-general,0.6,1.0,0.7729397651966169
4,954,fixed-specific,0.6,1.0,0.748003726898773
4,954,learned,0.6,1.0,0.7706166076144062
4,954,popularity,0.4,1.0,0.5867858765182297
4,954,random,0.6,1.0,0.843477798219947
4,955,fixed-general,0.8,1.0,0.958439915667371
4,955,fixed-specific,0.4,1.0,0.7951764741266983
4,955,learned,0.8,1.0,0.958439915667371
4,955,popularity,0.2,0.2,0.572484988065655
4,955,random,0.4,1.0,0.6635903106444891
4,956,fixed-general,0.8,1.0,0.8786928612209193
4,956,fixed-specific,0.8,1.0,0.8845707994194448
4,956,learned,0.8,1.0,0.915209948681596
4,956,popularity,0.8,1.0,0.9269658250786468
4,956,random,0.4,0.3333333333333333,0.650392590074575
4,957,fixed-general,0.2,0.5,0.5610974331406143
4,957,fixed-specific,0.2,0.5,0.5258530833469838
4,957,learned,0.4,0.5,0.6315861327278752
4,957,popularity,0.4,0.3333333333333333,0.6635903106444891
4,957,random,0.2,1.0,0.5891090341004402
4,958,fixed-general,0.8,1.0,0.9434732991210639
4,958,fixed-specific,1.0,1.0,1.0
4,958,learned,0.8,1.0,0.9434732991210639
4,958,popularity,0.8,1.0,0.928671245088491
4,958,random,0.6,0.5,0.7994765465672335
4,959,fixed-general,0.8,1.0,0.7097670944567321
4,959,fixed-specific,0.8,1.0,0.726792486903031
4,959,learned,0.8,1.0,0.7097670944567321
4,959,popularity,0.8,1.0,0.7898828093677795
4,959,random,1.0,1.0,0.946503433816368
4,960,fixed-general,0.4,1.0,0.7000872676810115
4,960,fixed-specific,0.4,1.0,0.7148893217135845
4,960,learned,0.4,1.0,0.7000872676810115
4,960,popularity,0.6,0.5,0.8432115724046808
4,960,random,0.2,0.25,0.430712233228471
4,961,fixed-general,0.6,1.0,0.6827737007780716
4,961,fixed-specific,0.6,1.0,0.722724506665087
4,961,learned,0.6,1.0,0.6827737007780716
4,961,popularity,0.4,1.0,0.6827737007780716
4,961,random,0.2,0.5,0.4276442104256704
4,962,fixed-general,0.8,0.5,0.6534151094107434
4,962,fixed-specific,0.4,0.5,0.47574247185195956
4,962,learned,0.6,0.5,0.5795622138885157
4,962,popularity,0.8,1.0,0.9052831442148904
4,962,random,0.6,1.0,0.6500202946885463
4,963,fixed-general,0.6,1.0,0.7773085139389566
4,963,fixed-specific,0.4,0.5,0.629966046789367
4,963,learned,0.4,1.0,0.7068198143516956
4,963,popularity,0.8,1.0,0.8577293532364525
4,963,random,0.4,1.0,0.7586882101801115
4,964,fixed-general,0.8,1.0,0.7929905762280963
4,964,fixed-specific,1.0,1.0,0.9408473331748117
4,964,learned,0.8,1.0,0.8269042573978328
4,964,popularity,0.4,1.0,0.633135361930044
4,964,random,0.4,1.0,0.5882640688511076
4,965,fixed-general,0.4,1.0,0.6619702247059809
4,965,fixed-specific,0.4,0.5,0.629966046789367
4,965,learned,0.4,1.0,0.6413536017144076
4,965,popularity,1.0,1.0,0.8969662799868708
4,965,random,0.4,1.0,0.6465900928241521
4,966,fixed-general,0.2,0.3333333333333333,0.6031751626865247
4,966,fixed-specific,0.6,0.5,0.7994765465672335
4,966,learned,0.2,0.3333333333333333,0.6031751626865247
4,966,popularity,0.8,1.0,0.9562649741625527
4,966,random,0.6,1.0,0.8638404983775366
4,967,fixed-general,0.8,1.0,0.8573424901769817
4,967,fixed-specific,0.6,1.0,0.7557415207297863
4,967,learned,0.8,1.0,0.8573424901769817
4,967,popularity,0.6,1.0,0.8721445442095549
4,967,random,0.4,0.3333333333333333,0.5854902818327059
4,968,fixed-general,0.2,0.25,0.30777168765378426
4,968,fixed-specific,0.2,1.0,0.5687821730571475
4,968,learned,0.2,0.3333333333333333,0.3254753010937642
4,968,popularity,0.4,1.0,0.7453222354557899
4,968,random,0.2,0.3333333333333333,0.39352263299226864
4,969,fixed-general,1.0,1.0,0.861713382497964
4,969,fixed-specific,0.8,1.0,0.849607409925425
4,969,learned,1.0,1.0,0.8728149230223939
4,969,popularity,1.0,1.0,1.0
4,969,random,0.8,1.0,0.8734692588950149
4,970,fixed-general,0.6,0.3333333333333333,0.692518925899121
4,970,fixed-specific,0.6,1.0,0.692518925899121
4,970,learned,0.6,0.3333333333333333,0.692518925899121
4,970,popularity,0.6,1.0,0.7250639463249892
4,970,random,0.2,0.2,0.572484988065655
4,971,fixed-general,0.2,0.3333333333333333,0.28717142333329754
4,971,fixed-specific,0.4,1.0,0.4279702571267559
4,971,learned,0.4,0.5,0.3489530740528041
4,971,popularity,0.6,1.0,0.6436612035053572
4,971,random,0.6,0.5,0.5720297428732442
4,972,fixed-general,0.8,1.0,0.8509392388733055
4,972,fixed-specific,0.8,1.0,0.8306936217304544
4,972,learned,0.8,1.0,0.8551223685179244
4,972,popularity,0.8,1.0,0.856819775879023
4,972,random,0.6,0.5,0.7268738796938983
4,973,fixed-general,0.4,1.0,0.6130227926089764
4,973,fixed-specific,0.2,0.25,0.23353840151760102
4,973,learned,0.4,1.0,0.6130227926089764
4,973,popularity,1.0,1.0,1.0
4,973,random,0.2,0.5,0.3192024155610324
4,974,fixed-general,0.8,1.0,0.883958639123322
4,974,fixed-specific,0.8,1.0,0.9112671684394456
4,974,learned,1.0,1.0,0.9896916885042134
4,974,popularity,0.8,1.0,0.7729397651966169
4,974,random,0.4,0.5,0.5132216142689866
4,975,fixed-general,0.6,0.5,0.7823571628310546
4,975,fixed-specific,0.6,1.0,0.7861503946251355
4,975,learned,0.6,0.5,0.7823571628310546
4,975,popularity,1.0,1.0,0.8984294899244509
4,975,random,0.8,0.5,0.695288469773353
4,976,fixed-general,0.4,0.3333333333333333,0.7718961605841158
4,976,fixed-specific,0.2,1.0,0.7968409771419691
4,976,learned,0.4,0.3333333333333333,0.7718961605841158
4,976,popularity,0.2,1.0,0.7968409771419691
4,976,random,0.0,0.0,0.4691155697335631
4,977,fixed-general,0.8,1.0,0.8421757737602428
4,977,fixed-specific,0.8,1.0,0.861713382497964
4,977,learned,0.8,1.0,0.849607409925425
4,977,popularity,0.8,1.0,0.8602055982546507
4,977,random,0.6,0.5,0.5491264122284198
4,978,fixed-general,0.6,1.0,0.7835603779945831
4,978,fixed-specific,0.4,1.0,0.6801836841475194
4,978,learned,0.6,1.0,0.7835603779945831
4,978,popularity,0.4,0.3333333333333333,0.6890310852757123
4,978,random,0.8,0.5,0.695288469773353
4,979,fixed-general,0.8,1.0,0.8517695300413594
4,979,fixed-specific,0.4,1.0,0.669580102636808
4,979,learned,0.8,1.0,0.8251962950372874
4,979,popularity,1.0,1.0,0.9634829125393233
4,979,random,0.6,0.5,0.7283002711463443
4,980,fixed-general,0.8,1.0,0.9513105500524313
4,980,fixed-specific,0.6,1.0,0.8560032474461695
4,980,learned,0.8,1.0,0.9434732991210639
4,980,popularity,1.0,1.0,1.0
4,980,random,0.8,0.5,0.773893196484256
4,981,fixed-general,0.8,1.0,0.7744111148881376
4,981,fixed-specific,0.6,1.0,0.6488848058312616
4,981,learned,0.8,1.0,0.7552236023259045
4,981,popularity,0.8,1.0,0.8930068676327362
4,981,random,0.6,0.5,0.5937294717268996
4,982,fixed-general,0.2,0.3333333333333333,0.6174866287224496
4,982,fixed-specific,0.2,0.3333333333333333,0.534869136390874
4,982,learned,0.2,0.3333333333333333,0.6174866287224496
4,982,popularity,0.6,1.0,0.8357324344993813
4,982,random,0.4,0.3333333333333333,0.46633407877265465
4,983,fixed-general,0.6,1.0,0.7531149421678056
4,983,fixed-specific,0.4,1.0,0.7208633225695134
4,983,learned,0.4,1.0,0.7253145232956393
4,983,popularity,0.6,1.0,0.8921721054268104
4,983,random,0.0,0.0,0.4143456085713516
4,984,fixed-general,0.8,1.0,0.8844980054656071
4,984,fixed-specific,0.6,1.0,0.8231098930722223
4,984,learned,0.8,1.0,0.8806561703132783
4,984,popularity,0.8,1.0,0.7929905762280963
4,984,random,0.6,1.0,0.6823689128823777
4,985,fixed-general,0.2,0.5,0.6327792707516711
4,985,fixed-specific,0.0,0.0,0.45335153819241136
4,985,learned,0.2,0.25,0.5875006608237904
4,985,popularity,0.8,1.0,0.9513105500524313
4,985,random,0.4,0.25,0.7590911424516829
4,986,fixed-general,0.6,1.0,0.8002482945127405
4,986,fixed-specific,0.6,0.5,0.675518708078784
4,986,learned,0.6,1.0,0.8042408714695285
4,986,popularity,1.0,1.0,0.8969662799868708
4,986,random,0.6,1.0,0.6699060451834878
4,987,fixed-general,0.6,0.3333333333333333,0.639030444132197
4,987,fixed-specific,0.4,1.0,0.6688268017542337
4,987,learned,0.4,0.3333333333333333,0.5668723251703587
4,987,popularity,0.6,1.0,0.6805905284648261
4,987,random,0.6,0.5,0.6914396824698671
4,988,fixed-general,0.6,0.5,0.6692029735397855
4,988,fixed-specific,0.8,0.5,0.7147556348292026
4,988,learned,0.6,0.5,0.6795112850355721
4,988,popularity,0.8,1.0,0.8577293532364525
4,988,random,0.6,1.0,0.6642933822881915
4,989,fixed-general,0.6,1.0,0.8008157892980458
4,989,fixed-specific,0.6,1.0,0.7826028952457845
4,989,learned,0.6,1.0,0.8008157892980458
4,989,popularity,0.8,1.0,0.9513105500524313
4,989,random,0.2,0.5,0.4681535922249845
4,990,fixed-general,0.8,1.0,0.9562649741625527
4,990,fixed-specific,0.8,1.0,0.9562649741625527
4,990,learned,0.8,1.0,0.9562649741625527
4,990,popularity,0.4,1.0,0.7649180143919656
4,990,random,0.8,1.0,0.928671245088491
4,991,fixed-general,0.2,1.0,0.5802988408507241
4,991,fixed-specific,0.4,1.0,0.6844610201661396
4,991,learned,0.2,1.0,0.6214084182564571
4,991,popularity,0.4,0.5,0.6683985326679076
4,991,random,0.4,1.0,0.5670645129148719
4,992,fixed-general,0.8,1.0,0.9222535217876725
4,992,fixed-specific,0.6,1.0,0.7789151268040688
4,992,learned,0.8,1.0,0.9222535217876725
4,992,popularity,0.6,1.0,0.8177091391624797
4,992,random,0.2,0.3333333333333333,0.3625023801965586
4,993,fixed-general,0.8,1.0,0.7603082961186196
4,993,fixed-specific,0.8,0.5,0.7147556348292026
4,993,learned,0.6,0.5,0.6795112850355721
4,993,popularity,0.8,1.0,0.8121766919470353
4,993,random,0.8,1.0,0.839485221263159
4,994,fixed-general,1.0,1.0,1.0
4,994,fixed-specific,1.0,1.0,1.0
4,994,learned,1.0,1.0,1.0
4,994,popularity,1.0,1.0,0.9634829125393233
4,994,random,0.8,1.0,0.8592011662065416
4,995,fixed-general,0.0,0.0,0.37706835917078063
4,995,fixed-specific,0.2,0.2,0.4694928349557967
4,995,learned,0.0,0.0,0.37706835917078063
4,995,popularity,0.6,1.0,0.8849362192510436
4,995,random,0.4,0.3333333333333333,0.4583059623025329
4,996,fixed-general,0.6,1.0,0.7388984594755702
4,996,fixed-specific,1.0,1.0,0.8675913206964894
4,996,learned,0.6,1.0,0.7388984594755702
4,996,popularity,0.8,1.0,0.7939028099025153
4,996,random,0.6,0.3333333333333333,0.611713382497964
4,997,fixed-general,0.4,0.5,0.6123055320050104
4,997,fixed-specific,0.8,0.5,0.7488685921580613
4,997,learned,0.4,0.5,0.6123055320050104
4,997,popularity,0.6,1.0,0.8206299550801176
4,997,random,0.4,0.25,0.485239483342479
4,998,fixed-general,1.0,1.0,0.95232536780508
4,998,fixed-specific,0.8,1.0,0.8768618059876677
4,998,learned,0.8,1.0,0.888339840617936
4,998,popularity,0.2,1.0,0.47764240550538906
4,998,random,0.2,0.5,0.3313445673160873
5,700,fixed-general,0.8,1.0,0.8443838075995205
5,700,fixed-specific,0.8,1.0,0.8443838075995205
5,700,learned,1.0,1.0,0.9137021644382827
5,700,popularity,0.8,1.0,0.7812934851347721
5,700,random,0.4,0.5,0.6493881580264658
5,701,fixed-general,0.6,1.0,0.7161252740415666
5,701,fixed-specific,0.6,1.0,0.8687508216928496
5,701,learned,0.6,1.0,0.7770863433510777
5,701,popularity,0.4,1.0,0.6339061192301007
5,701,random,0.6,0.5,0.6359976518302721
5,702,fixed-general,0.2,0.5,0.6192928124939644
5,702,fixed-specific,0.6,0.5,0.7531149421678056
5,702,learned,0.2,0.5,0.6122515951372862
5,702,popularity,0.8,1.0,0.9359161431079067
5,702,random,0.8,1.0,0.8476442348866765
5,703,fixed-general,0.4,0.3333333333333333,0.36196243908549375
5,703,fixed-specific,0.6,0.5,0.5579616266634254
5,703,learned,0.6,0.5,0.5670128249546584
5,703,popularity,0.8,1.0,0.8443220749053792
5,703,random,0.4,0.5,0.4018895763297318
5,704,fixed-general,0.4,1.0,0.582186788130582
5,704,fixed-specific,0.8,0.5,0.7156060672413312
5,704,learned,0.4,1.0,0.582186788130582
5,704,popularity,0.8,1.0,0.8253453386404189
5,704,random,0.6,1.0,0.8006742465327541
5,705,fixed-general,0.2,0.3333333333333333,0.6497382483207419
5,705,fixed-specific,0.4,0.3333333333333333,0.6934822860018383
5,705,learned,0.2,0.3333333333333333,0.6497382483207419
5,705,popularity,0.8,1.0,0.9359161431079067
5,705,random,0.2,1.0,0.6174866287224496
5,706,fixed-general,0.8,1.0,0.849607409925425
5,706,fixed-specific,1.0,1.0,0.8728149230223939
5,706,learned,0.8,1.0,0.849607409925425
5,706,popularity,1.0,1.0,0.9137021644382827
5,706,random,0.8,0.5,0.734528305520358
5,707,fixed-general,0.2,0.2,0.48524376363986294
5,707,fixed-specific,0.0,0.0,0.307860808026014
5,707,learned,0.0,0.0,0.3766430896823818
5,707,popularity,0.2,0.3333333333333333,0.5735409867840578
5,707,random,0.0,0.0,0.7261360332967424
5,708,fixed-general,1.0,1.0,0.8970145361322207
5,708,fixed-specific,1.0,1.0,0.8631008549624842
5,708,learned,1.0,1.0,0.8970145361322207
5,708,popularity,1.0,1.0,0.8970145361322207
5,708,random,0.6,0.5,0.6215012232100612
5,709,fixed-general,0.2,1.0,0.710533544641421
5,709,fixed-specific,0.2,0.5,0.5434956659883396
5,709,learned,0.2,1.0,0.7053525286636474
5,709,popularity,0.4,1.0,0.8308597971528897
5,709,random,0.2,0.2,0.6683011036269227
5,710,fixed-general,0.6,1.0,0.8028183722605735
5,710,fixed-specific,0.2,1.0,0.5200743985034214
5,710,learned,0.6,1.0,0.7269255676541118
5,710,popularity,0.6,1.0,0.6977470360622053
5,710,random,0.2,1.0,0.3876944679949896
5,711,fixed-general,0.2,0.25,0.39845699008648044
5,711,fixed-specific,0.4,1.0,0.5812031907025226
5,711,learned,0.2,0.2,0.3851033879081027
5,711,popularity,0.8,1.0,0.7968589798489021
5,711,random,0.4,1.0,0.6307852305767685
5,712,fixed-general,1.0,1.0,0.8400136536443085
5,712,fixed-specific,1.0,1.0,0.9248037049627126
5,712,learned,1.0,1.0,0.8728149230223939
5,712,popularity,1.0,1.0,0.7828012693780854
5,712,random,1.0,1.0,0.8458915918428338
5,713,fixed-general,0.4,0.5,0.6561953326762365
5,713,fixed-specific,0.4,1.0,0.5737289022186115
5,713,learned,0.4,0.5,0.6625110672152351
5,713,popularity,0.6,1.0,0.8320902432949063
5,713,random,0.8,1.0,0.6686621310305313
5,714,fixed-general,0.6,0.5,0.7119421443969476
5,714,fixed-specific,0.8,1.0,0.8223273624412162
5,714,learned,0.6,0.5,0.7077590147523284
5,714,popularity,1.0,1.0,0.9397755576526973
5,714,random,0.6,0.5,0.7119421443969476
5,715,fixed-general,1.0,1.0,0.8713071387790806
5,715,fixed-specific,0.6,1.0,0.7293047031944536
5,715,learned,0.8,1.0,0.792395025659202
5,715,popularity,1.0,1.0,0.9099863463556914
5,715,random,0.8,1.0,0.7558779381985254
5,716,fixed-general,0.4,0.3333333333333333,0.7372263236829345
5,716,fixed-specific,0.6,0.3333333333333333,0.7765191606379049
5,716,learned,0.4,0.3333333333333333,0.7372263236829345
5,716,popularity,0.4,1.0,0.8153926152883844
5,716,random,0.6,0.5,0.7823571628310546
5,717,fixed-general,0.6,1.0,0.7290565232817772
5,717,fixed-specific,0.4,1.0,0.648962583842432
5,717,learned,0.6,1.0,0.7643008730754077
5,717,popularity,0.8,1.0,0.8929737030300829
5,717,random,1.0,1.0,0.8969662799868708
5,718,fixed-general,0.2,0.25,0.6065126838304362
5,718,fixed-specific,0.2,1.0,0.8017650102078453
5,718,learned,0.2,1.0,0.7503754487182832
5,718,popularity,0.4,1.0,0.9011567519437345
5,718,random,0.0,0.0,0.4828815266730061
5,719,fixed-general,0.4,0.5,0.7310570093385172
5,719,fixed-specific,0.2,0.5,0.4799256014965786
5,719,learned,0.4,0.5,0.7053249804290215
5,719,popularity,0.4,0.3333333333333333,0.6517177020496449
5,719,random,0.4,0.5,0.6725299743523131
5,720,fixed-general,0.6,0.5,0.7456298460447879
5,720,fixed-specific,0.6,0.3333333333333333,0.5740386069694624
5,720,learned,0.6,0.5,0.7573857224418388
5,720,popularity,0.8,1.0,0.9269658250786468
5,720,random,0.4,0.3333333333333333,0.37381935507050307
5,721,fixed-general,0.6,0.3333333333333333,0.8156178433306188
5,721,fixed-specific,0.6,1.0,0.907575524214984
5,721,learned,0.6,0.3333333333333333,0.8156178433306188
5,721,popularity,0.4,1.0,0.8284095183721076
5,721,random,0.4,1.0,0.7000872676810115
5,722,fixed-general,0.6,0.5,0.764817358607021
5,722,fixed-specific,0.8,1.0,0.7558779381985254
5,722,learned,0.6,0.5,0.7573857224418388
5,722,popularity,0.8,1.0,0.8941645557005614
5,722,random,0.8,1.0,0.8421757737602428
5,723,fixed-general,0.6,1.0,0.7950527960773872
5,723,fixed-specific,0.8,1.0,0.8343456330323578
5,723,learned,0.6,1.0,0.7950527960773872
5,723,popularity,0.8,1.0,0.8591366529694805
5,723,random,0.8,1.0,0.8140058138213606
5,724,fixed-general,1.0,1.0,0.8193183568387621
5,724,fixed-specific,0.8,1.0,0.7691415988388896
5,724,learned,1.0,1.0,0.8251962950372874
5,724,popularity,0.8,1.0,0.8809008950601972
5,724,random,0.6,1.0,0.49512649384958374
5,725,fixed-general,0.0,0.0,0.3922113538751668
5,725,fixed-specific,0.0,0.0,0.3567741091463484
5,725,learned,0.0,0.0,0.3922113538751668
5,725,popularity,0.4,1.0,0.8442365027597128
5,725,random,0.0,0.0,0.421067089282842
5,726,fixed-general,0.6,0.5,0.8013101805750279
5,726,fixed-specific,0.8,0.5,0.8406030175299983
5,726,learned,0.6,0.5,0.8013101805750279
5,726,popularity,0.8,1.0,0.7702617761402644
5,726,random,0.8,1.0,0.8343456330323578
5,727,fixed-general,0.2,0.3333333333333333,0.7659544255978556
5,727,fixed-specific,0.2,0.25,0.557485359307731
5,727,learned,0.2,0.3333333333333333,0.7169271010751505
5,727,popularity,0.0,0.0,0.5268758992282094
5,727,random,0.2,1.0,0.7087433131299367
5,728,fixed-general,0.0,0.0,0.5388112108762215
5,728,fixed-specific,0.2,0.25,0.4872389341074071
5,728,learned,0.0,0.0,0.5388112108762215
5,728,popularity,0.2,0.5,0.6249420198203038
5,728,random,0.4,1.0,0.7925117434660276
5,729,fixed-general,0.8,1.0,0.9434732991210639
5,729,fixed-specific,0.6,1.0,0.8151510484299679
5,729,learned,0.8,1.0,0.9125299483251055
5,729,popularity,0.8,1.0,0.9026211001048624
5,729,random,0.6,1.0,0.7895676983469904
5,730,fixed-general,0.8,0.5,0.5780976509609513
5,730,fixed-specific,1.0,1.0,0.8633420161317488
5,730,learned,0.8,1.0,0.7456312358804932
5,730,popularity,0.8,1.0,0.82647758039961
5,730,random,0.6,1.0,0.5423124586580667
5,731,fixed-general,0.4,0.25,0.43103173933672617
5,731,fixed-specific,0.6,1.0,0.5164761265277511
5,731,learned,0.6,0.5,0.5073857224418387
5,731,popularity,0.8,1.0,0.8978803737831524
5,731,random,0.8,1.0,0.6980112180596814
5,732,fixed-general,0.4,0.3333333333333333,0.5278279190341959
5,732,fixed-specific,0.6,1.0,0.7194765211024898
5,732,learned,0.6,0.3333333333333333,0.5671207559891663
5,732,popularity,0.4,1.0,0.7906015953512613
5,732,random,0.4,1.0,0.6757324834213935
5,733,fixed-general,1.0,1.0,0.8450978841584552
5,733,fixed-specific,0.8,1.0,0.7928533165444878
5,733,learned,1.0,1.0,0.8514136186974538
5,733,popularity,1.0,1.0,0.8058609574080366
5,733,random,1.0,1.0,0.8058609574080366
5,734,fixed-general,0.2,0.25,0.6039909606759858
5,734,fixed-specific,0.4,0.25,0.6820269858428326
5,734,learned,0.2,0.25,0.6039909606759858
5,734,popularity,0.6,0.5,0.7077590147523284
5,734,random,0.8,1.0,0.8593054981625435
5,735,fixed-general,0.8,0.5,0.695288469773353
5,735,fixed-specific,0.8,1.0,0.7968589798489021
5,735,learned,0.8,1.0,0.7702617761402644
5,735,popularity,0.6,1.0,0.783140995690092
5,735,random,0.8,1.0,0.8313362340973142
5,736,fixed-general,1.0,1.0,0.915209948681596
5,736,fixed-specific,0.6,1.0,0.849607409925425
5,736,learned,1.0,1.0,0.915209948681596
5,736,popularity,0.8,1.0,0.8458915918428338
5,736,random,0.8,1.0,0.934397461243829
5,737,fixed-general,0.6,1.0,0.907575524214984
5,737,fixed-specific,0.6,1.0,0.8997382732836168
5,737,learned,0.6,1.0,0.907575524214984
5,737,popularity,0.6,1.0,0.8997382732836168
5,737,random,0.2,0.25,0.430712233228471
5,738,fixed-general,0.6,0.5,0.6278248466415495
5,738,fixed-specific,0.6,0.5,0.7252037465366871
5,738,learned,0.6,0.5,0.6278248466415495
5,738,popularity,0.4,0.3333333333333333,0.5825462367136688
5,738,random,0.6,0.5,0.773893196484256
5,739,fixed-general,0.6,0.3333333333333333,0.8156178433306188
5,739,fixed-specific,0.6,1.0,0.8799817951409221
5,739,learned,0.6,0.3333333333333333,0.8156178433306188
5,739,popularity,0.8,1.0,0.9513105500524313
5,739,random,0.4,0.5,0.612150344778815
5,740,fixed-general,0.6,1.0,0.907575524214984
5,740,fixed-specific,0.4,0.5,0.7817304474156231
5,740,learned,0.6,1.0,0.907575524214984
5,740,popularity,1.0,1.0,1.0
5,740,random,0.6,1.0,0.8008157892980458
5,741,fixed-general,0.6,1.0,0.6204101403733518
5,741,fixed-specific,0.4,1.0,0.5522445983683014
5,741,learned,0.6,1.0,0.639030444132197
5,741,popularity,1.0,1.0,0.954447338710583
5,741,random,0.4,1.0,0.5840372137143981
5,742,fixed-general,0.4,1.0,0.6948690874688619
5,742,fixed-specific,0.4,0.5,0.5062298843356113
5,742,learned,0.4,1.0,0.6948690874688619
5,742,popularity,0.4,0.5,0.4758394488328927
5,742,random,0.2,0.2,0.37806217055142455
5,743,fixed-general,0.4,0.5,0.6874590499056709
5,743,fixed-specific,0.4,0.5,0.6874590499056709
5,743,learned,0.4,0.5,0.6874590499056709
5,743,popularity,0.2,0.25,0.5613784906189164
5,743,random,0.2,0.3333333333333333,0.30984500201547543
5,744,fixed-general,0.6,1.0,0.8002482945127405
5,744,fixed-specific,0.6,1.0,0.8002482945127405
5,744,learned,0.6,1.0,0.8002482945127405
5,744,popularity,0.6,1.0,0.8304208239203289
5,744,random,0.2,0.5,0.4125110518380681
5,745,fixed-general,0.6,1.0,0.6263815543987354
5,745,fixed-specific,0.4,0.3333333333333333,0.6385361158397866
5,745,learned,0.6,0.5,0.6279404731561492
5,745,popularity,1.0,1.0,0.956167202957409
5,745,random,0.4,0.5,0.518515759342282
5,746,fixed-general,1.0,1.0,0.8633420161317488
5,746,fixed-specific,0.8,1.0,0.7147556348292026
5,746,learned,1.0,1.0,0.8514136186974538
5,746,popularity,1.0,1.0,0.8450978841584552
5,746,random,0.8,1.0,0.704447323333416
5,747,fixed-general,0.4,0.5,0.605210377780608
5,747,fixed-specific,0.2,0.3333333333333333,0.5481677382451928
5,747,learned,0.2,0.5,0.5614663400995117
5,747,popularity,0.8,1.0,0.9492147449622255
5,747,random,1.0,1.0,0.8984294899244509
5,748,fixed-general,0.4,0.5,0.6708325669912145
5,748,fixed-specific,0.4,0.3333333333333333,0.614791254288531
5,748,learned,0.4,0.5,0.6708325669912145
5,748,popularity,0.6,0.3333333333333333,0.7297537272164916
5,748,random,0.4,0.5,0.5836936555729213
5,749,fixed-general,0.4,0.25,0.5439325445965749
5,749,fixed-specific,0.6,0.3333333333333333,0.5997935173817787
5,749,learned,0.4,0.25,0.5086881948029445
5,749,popularity,0.6,0.3333333333333333,0.5661692535266564
5,749,random,0.6,1.0,0.7825450050487012
5,750,fixed-general,0.8,1.0,0.9562649741625527
5,750,fixed-specific,0.6,1.0,0.7994765465672335
5,750,learned,1.0,1.0,1.0
5,750,popularity,0.4,0.5,0.6199875957101822
5,750,random,0.2,0.25,0.4872389341074071
5,751,fixed-general,1.0,1.0,0.9671987306219145
5,751,fixed-specific,1.0,1.0,0.9671987306219145
5,751,learned,1.0,1.0,1.0
5,751,popularity,1.0,1.0,0.8034965661836319
5,751,random,0.6,1.0,0.6785195230453037
5,752,fixed-general,1.0,1.0,0.7828012693780854
5,752,fixed-specific,1.0,1.0,0.8251962950372874
5,752,learned,1.0,1.0,0.7828012693780854
5,752,popularity,1.0,1.0,1.0
5,752,random,0.8,1.0,0.8845707994194448
5,753,fixed-general,0.8,1.0,0.9125299483251055
5,753,fixed-specific,0.8,1.0,0.9125299483251055
5,753,learned,0.8,1.0,0.9125299483251055
5,753,popularity,0.6,1.0,0.7698724385020872
5,753,random,0.6,0.5,0.6864231448093615
5,754,fixed-general,0.6,1.0,0.8687508216928496
5,754,fixed-specific,0.2,0.5,0.6833302679648583
5,754,learned,0.6,1.0,0.8729339513374685
5,754,popularity,0.4,0.25,0.6409174084370997
5,754,random,0.2,0.5,0.3977064466851128
5,755,fixed-general,0.4,1.0,0.6339061192301007
5,755,fixed-specific,0.4,0.5,0.42801573047830055
5,755,learned,0.4,1.0,0.6297229895854817
5,755,popularity,0.4,0.5,0.39278669007828526
5,755,random,0.2,1.0,0.4187403787503858
5,756,fixed-general,0.8,1.0,0.8575564028412315
5,756,fixed-specific,0.4,1.0,0.6924331542163048
5,756,learned,0.8,1.0,0.8575564028412315
5,756,popularity,0.6,1.0,0.8314302486926628
5,756,random,0.4,0.5,0.5234692132256186
5,757,fixed-general,0.6,0.5,0.671526131121996
5,757,fixed-specific,0.2,0.2,0.5332480613152365
5,757,learned,0.2,0.5,0.559477347202106
5,757,popularity,0.8,1.0,0.8577293532364525
5,757,random,0.4,1.0,0.7040711515478641
5,758,fixed-general,1.0,1.0,0.8812485226664931
5,758,fixed-specific,1.0,1.0,0.8443220749053792
5,758,learned,1.0,1.0,0.8443220749053792
5,758,popularity,0.4,1.0,0.5910991344632693
5,758,random,0.2,0.25,0.3034354040992896
5,759,fixed-general,0.2,0.25,0.4262574089586469
5,759,fixed-specific,0.2,0.5,0.5729587581823158
5,759,learned,0.2,0.25,0.4262574089586469
5,759,popularity,0.4,1.0,0.7398163403134869
5,759,random,0.4,0.25,0.29989587894597486
5,760,fixed-general,0.0,0.0,0.5851121559725067
5,760,fixed-specific,0.0,0.0,0.5395441454613016
5,760,learned,0.0,0.0,0.5851121559725067
5,760,popularity,0.2,1.0,0.6059641901508125
5,760,random,0.2,0.2,0.5342710881625681
5,761,fixed-general,0.2,0.5,0.6665544341367661
5,761,fixed-specific,0.2,0.3333333333333333,0.4746620884305138
5,761,learned,0.2,0.5,0.6665544341367661
5,761,popularity,0.2,1.0,0.7465236119792799
5,761,random,0.0,0.0,0.31961842906503846
5,762,fixed-general,0.8,0.5,0.8361518168038724
5,762,fixed-specific,0.2,0.3333333333333333,0.6104454113657715
5,762,learned,0.6,0.5,0.7575661428939316
5,762,popularity,0.8,1.0,0.9187693091354482
5,762,random,0.4,0.3333333333333333,0.5233767183080699
5,763,fixed-general,0.6,1.0,0.7453159440331764
5,763,fixed-specific,0.8,1.0,0.8368233732706873
5,763,learned,0.6,1.0,0.7453159440331764
5,763,popularity,0.6,1.0,0.8406652084230161
5,763,random,0.6,1.0,0.8329815381183583
5,764,fixed-general,0.4,0.3333333333333333,0.6220302263118601
5,764,fixed-specific,0.6,1.0,0.7773085139389566
5,764,learned,0.4,0.3333333333333333,0.6220302263118601
5,764,popularity,1.0,1.0,0.8985863659253792
5,764,random,0.2,0.3333333333333333,0.5253122408377295
5,765,fixed-general,1.0,1.0,0.9634829125393233
5,765,fixed-specific,1.0,1.0,0.8713071387790806
5,765,learned,1.0,1.0,0.946503433816368
5,765,popularity,1.0,1.0,0.9099863463556914
5,765,random,1.0,1.0,0.8824086793035105
5,766,fixed-general,0.6,1.0,0.59347778284278
5,766,fixed-specific,0.6,0.3333333333333333,0.5439325445965749
5,766,learned,0.6,1.0,0.59347778284278
5,766,popularity,0.6,1.0,0.7662478588720665
5,766,random,0.6,1.0,0.6216540545263083
5,767,fixed-general,0.8,0.5,0.6667177329249093
5,767,fixed-specific,1.0,1.0,0.9634829125393233
5,767,learned,1.0,1.0,0.9137021644382827
5,767,popularity,1.0,1.0,1.0
5,767,random,0.6,0.3333333333333333,0.7234267649959281
5,768,fixed-general,1.0,1.0,0.8251962950372874
5,768,fixed-specific,0.8,1.0,0.7134829125393234
5,768,learned,1.0,1.0,0.8251962950372874
5,768,popularity,1.0,1.0,0.8458915918428338
5,768,random,1.0,1.0,0.792395025659202
5,769,fixed-general,0.6,0.3333333333333333,0.6312356866612376
5,769,fixed-specific,0.6,1.0,0.7442890884191097
5,769,learned,0.6,0.5,0.660839794726384
5,769,popularity,0.6,1.0,0.8312923451933533
5,769,random,0.4,0.5,0.40378964041468135
5,770,fixed-general,0.6,0.5,0.7297107236977064
5,770,fixed-specific,0.6,1.0,0.9169631253639333
5,770,learned,0.6,0.5,0.7297107236977064
5,770,popularity,0.6,0.3333333333333333,0.7765191606379049
5,770,random,0.6,1.0,0.8661778703261588
5,771,fixed-general,0.8,0.5,0.7968589798489021
5,771,fixed-specific,0.8,0.5,0.7968589798489021
5,771,learned,0.8,0.5,0.7968589798489021
5,771,popularity,0.8,1.0,0.7702617761402644
5,771,random,0.6,0.5,0.7182733059389612
5,772,fixed-general,0.6,1.0,0.8151435433134728
5,772,fixed-specific,1.0,1.0,1.0
5,772,learned,0.8,1.0,0.8604362503638248
5,772,popularity,0.6,0.5,0.6945246868164763
5,772,random,0.4,0.5,0.6447064128426458
5,773,fixed-general,0.6,1.0,0.7506543358726209
5,773,fixed-specific,0.6,1.0,0.7305083049856222
5,773,learned,0.6,1.0,0.7850093032173633
5,773,popularity,0.6,1.0,0.7496499038245118
5,773,random,0.6,0.5,0.6673720687975302
5,774,fixed-general,0.8,0.5,0.7404062437188833
5,774,fixed-specific,0.6,1.0,0.7658217906551301
5,774,learned,0.8,0.5,0.7611015405244298
5,774,popularity,0.8,1.0,0.8517695300413594
5,774,random,0.6,1.0,0.7765732350040719
5,775,fixed-general,1.0,1.0,1.0
5,775,fixed-specific,0.8,1.0,0.9562649741625527
5,775,learned,1.0,1.0,1.0
5,775,popularity,1.0,1.0,1.0
5,775,random,1.0,1.0,1.0
5,776,fixed-general,0.2,0.5,0.39938815802646577
5,776,fixed-specific,0.6,1.0,0.5740386069694624
5,776,learned,0.4,0.5,0.4130019148423181
5,776,popularity,0.6,1.0,0.6875640134078724
5,776,random,0.4,0.5,0.5169794787229552
5,777,fixed-general,0.4,1.0,0.6568190367442152
5,777,fixed-specific,0.4,1.0,0.6455709457931598
5,777,learned,0.4,1.0,0.6568190367442152
5,777,popularity,0.4,0.25,0.6312356866612376
5,777,random,0.4,1.0,0.667539114496828
5,778,fixed-general,0.0,0.0,0.42092671418319305
5,778,fixed-specific,0.4,1.0,0.7409780460845163
5,778,learned,0.0,0.0,0.42092671418319305
5,778,popularity,0.6,1.0,0.8981633226998276
5,778,random,0.0,0.0,0.3781293722664266
5,779,fixed-general,0.8,1.0,0.8140947545128576
5,779,fixed-specific,0.8,1.0,0.8140947545128576
5,779,learned,0.8,1.0,0.8140947545128576
5,779,popularity,0.8,1.0,0.865079104405067
5,779,random,0.8,1.0,0.8920024355846271
5,780,fixed-general,0.8,1.0,0.8604362503638248
5,780,fixed-specific,0.8,1.0,0.8551223685179244
5,780,learned,0.8,1.0,0.8812485226664931
5,780,popularity,0.0,0.0,0.31248660239052267
5,780,random,0.0,0.0,0.13656306015305092
5,781,fixed-general,0.8,1.0,0.8516228203322161
5,781,fixed-specific,0.8,1.0,0.8417037044593616
5,781,learned,0.8,1.0,0.8516228203322161
5,781,popularity,1.0,1.0,0.8192680579198933
5,781,random,0.6,0.3333333333333333,0.555750852943279
5,782,fixed-general,1.0,1.0,0.9492147449622255
5,782,fixed-specific,1.0,1.0,0.9492147449622255
5,782,learned,1.0,1.0,0.9492147449622255
5,782,popularity,0.6,0.3333333333333333,0.7194765211024898
5,782,random,0.2,0.3333333333333333,0.33251194909881343
5,783,fixed-general,0.2,0.3333333333333333,0.5611839759091544
5,783,fixed-specific,0.4,0.5,0.6683468447076941
5,783,learned,0.2,0.3333333333333333,0.5570008462645353
5,783,popularity,0.6,1.0,0.7484744669189886
5,783,random,0.2,0.2,0.5890075374188216
5,784,fixed-general,0.8,1.0,0.8289445264091422
5,784,fixed-specific,0.4,1.0,0.7151644936426764
5,784,learned,0.6,1.0,0.8331276560537614
5,784,popularity,0.8,1.0,0.8318243739317357
5,784,random,0.4,0.25,0.6218025434955299
5,785,fixed-general,0.8,1.0,0.934397461243829
5,785,fixed-specific,0.8,0.5,0.7976186279851065
5,785,learned,0.8,1.0,0.934397461243829
5,785,popularity,1.0,1.0,0.9210878868801213
5,785,random,0.0,0.0,0.4465034338163681
5,786,fixed-general,0.8,1.0,0.8485052045499984
5,786,fixed-specific,0.6,0.3333333333333333,0.5931906670634407
5,786,learned,0.8,1.0,0.8485052045499984
5,786,popularity,0.8,1.0,0.8676200694915681
5,786,random,0.6,1.0,0.7227424380094927
5,787,fixed-general,0.8,1.0,0.9026211001048624
5,787,fixed-specific,0.6,1.0,0.7895676983469904
5,787,learned,0.6,1.0,0.8151510484299679
5,787,popularity,1.0,1.0,1.0
5,787,random,0.6,1.0,0.7895676983469904
5,788,fixed-general,0.4,1.0,0.6724935386069495
5,788,fixed-specific,0.6,0.5,0.6426881189719142
5,788,learned,0.6,1.0,0.7698724385020872
5,788,popularity,0.4,1.0,0.646910188523972
5,788,random,0.2,0.25,0.3028567774380258
5,789,fixed-general,1.0,1.0,0.8443220749053792
5,789,fixed-specific,0.2,0.3333333333333333,0.37689417438244444
5,789,learned,1.0,1.0,0.8443220749053792
5,789,popularity,1.0,1.0,0.8854316523111123
5,789,random,0.2,0.2,0.439946776292127
5,790,fixed-general,0.4,0.3333333333333333,0.6114876601296125
5,790,fixed-specific,0.2,0.3333333333333333,0.5429027227020982
5,790,learned,0.4,1.0,0.7365040544431021
5,790,popularity,0.4,1.0,0.815171392298014
5,790,random,0.0,0.0,0.39164482295243813
5,791,fixed-general,0.2,1.0,0.674503917598034
5,791,fixed-specific,0.4,0.5,0.7429498456882975
5,791,learned,0.4,1.0,0.7669283933830501
5,791,popularity,0.6,1.0,0.8947838491734952
5,791,random,0.2,0.2,0.4773300858871639
5,792,fixed-general,0.4,0.5,0.7301581706468088
5,792,fixed-specific,0.2,0.3333333333333333,0.6101399657877307
5,792,learned,0.4,0.5,0.7301581706468088
5,792,popularity,0.6,1.0,0.8947838491734952
5,792,random,0.2,0.3333333333333333,0.7231933675456027
5,793,fixed-general,0.8,1.0,0.8570262815927502
5,793,fixed-specific,0.6,1.0,0.7210713693682012
5,793,learned,0.6,1.0,0.7825450050487012
5,793,popularity,0.8,1.0,0.8347895726626686
5,793,random,0.6,0.3333333333333333,0.7028272373949077
5,794,fixed-general,1.0,1.0,0.9099863463556914
5,794,fixed-specific,1.0,1.0,0.9137021644382827
5,794,learned,1.0,1.0,0.9210878868801213
5,794,popularity,1.0,1.0,0.9634829125393233
5,794,random,1.0,1.0,0.9634829125393233
5,795,fixed-general,0.8,1.0,0.7513932247537021
5,795,fixed-specific,0.6,1.0,0.7601153910947052
5,795,learned,0.8,1.0,0.8345879277024906
5,795,popularity,0.6,1.0,0.7213213787362944
5,795,random,0.6,1.0,0.6614921851003233
5,796,fixed-general,0.8,0.5,0.807481043346545
5,796,fixed-specific,0.6,1.0,0.6881501771567813
5,796,learned,0.8,1.0,0.8747295710567895
5,796,popularity,0.6,1.0,0.7610113677623219
5,796,random,0.4,1.0,0.6157144917728614
5,797,fixed-general,1.0,1.0,0.9008563712845497
5,797,fixed-specific,0.8,1.0,0.8768143351609493
5,797,learned,1.0,1.0,0.9347700524542861
5,797,popularity,0.6,1.0,0.6496521812444925
5,797,random,0.4,0.5,0.4369274459776256
5,798,fixed-general,0.2,0.3333333333333333,0.4463867350912054
5,798,fixed-specific,0.2,0.2,0.4208033850082279
5,798,learned,0.2,0.2,0.4208033850082279
5,798,popularity,0.4,1.0,0.6568190367442152
5,798,random,0.6,0.3333333333333333,0.5599069317497284
5,799,fixed-general,0.4,1.0,0.6862107480347066
5,799,fixed-specific,0.6,1.0,0.7853543767501568
5,799,learned,0.4,1.0,0.709843344106026
5,799,popularity,0.6,0.5,0.7370032177444541
5,799,random,1.0,1.0,0.8970145361322207
5,800,fixed-general,0.6,0.5,0.6078003944111603
5,800,fixed-specific,0.4,0.3333333333333333,0.5233767183080699
5,800,learned,0.6,0.5,0.593717959697804
5,800,popularity,1.0,1.0,0.9377223268794214
5,800,random,0.4,1.0,0.6934822860018383
5,801,fixed-general,1.0,1.0,0.8824086793035105
5,801,fixed-specific,1.0,1.0,0.8458915918428338
5,801,learned,1.0,1.0,0.8824086793035105
5,801,popularity,0.8,1.0,0.8824086793035105
5,801,random,0.8,1.0,0.8978803737831524
5,802,fixed-general,0.2,0.2,0.5737518947393845
5,802,fixed-specific,0.0,0.0,0.364057449318151
5,802,learned,0.0,0.0,0.48228137763559087
5,802,popularity,0.0,0.0,0.39431367806919576
5,802,random,0.0,0.0,0.39431367806919576
5,803,fixed-general,0.8,1.0,0.8335217812928342
5,803,fixed-specific,0.4,0.25,0.6778438561982135
5,803,learned,0.6,1.0,0.7732973389455315
5,803,popularity,0.2,0.3333333333333333,0.6106081246439119
5,803,random,0.4,1.0,0.6816328606037597
5,804,fixed-general,0.6,1.0,0.8384415378996617
5,804,fixed-specific,0.6,1.0,0.7774804685901505
5,804,learned,0.6,1.0,0.8157101984732902
5,804,popularity,0.8,1.0,0.900363387608063
5,804,random,0.2,0.3333333333333333,0.39470575720198847
5,805,fixed-general,0.6,1.0,0.7182073692767363
5,805,fixed-specific,0.6,1.0,0.7337028384461983
5,805,learned,0.6,1.0,0.757018790805534
5,805,popularity,0.4,1.0,0.6802143566792744
5,805,random,0.2,0.25,0.5189965062987311
5,806,fixed-general,0.4,0.25,0.6819898679190342
5,806,fixed-specific,0.6,0.3333333333333333,0.7765191606379049
5,806,learned,0.4,0.25,0.6819898679190342
5,806,popularity,0.4,0.3333333333333333,0.6890310852757123
5,806,random,0.4,1.0,0.7583499757529691
5,807,fixed-general,1.0,1.0,0.792395025659202
5,807,fixed-specific,0.8,0.5,0.7976186279851065
5,807,learned,1.0,1.0,0.8289121131198786
5,807,popularity,1.0,1.0,0.9137021644382827
5,807,random,1.0,1.0,0.9041084081571661
5,808,fixed-general,0.4,1.0,0.6422776486595725
5,808,fixed-specific,0.4,0.5,0.4320954111517963
5,808,learned,0.4,1.0,0.6289790468052537
5,808,popularity,0.8,1.0,0.9562559623189038
5,808,random,0.2,0.3333333333333333,0.4455748772571665
5,809,fixed-general,0.4,1.0,0.6145757522098628
5,809,fixed-specific,0.2,1.0,0.5260698828088677
5,809,learned,0.4,1.0,0.602819875812812
5,809,popularity,1.0,1.0,0.8786928612209193
5,809,random,0.6,0.5,0.3684447690671819
5,810,fixed-general,0.6,1.0,0.8947838491734952
5,810,fixed-specific,0.8,1.0,0.9026211001048624
5,810,learned,0.6,1.0,0.8997382732836168
5,810,popularity,0.8,1.0,0.928671245088491
5,810,random,0.2,0.3333333333333333,0.7231933675456027
5,811,fixed-general,0.4,0.5,0.5914923936217981
5,811,fixed-specific,0.2,0.25,0.584870558569611
5,811,learned,0.4,0.5,0.5914923936217981
5,811,popularity,0.6,1.0,0.8153926152883844
5,811,random,0.4,0.5,0.6585856494489348
5,812,fixed-general,0.6,0.5,0.7721665867442502
5,812,fixed-specific,0.8,0.5,0.8090930345053641
5,812,learned,0.6,0.5,0.7721665867442502
5,812,popularity,0.8,1.0,0.8318243739317357
5,812,random,0.4,1.0,0.7185593083648736
5,813,fixed-general,0.6,1.0,0.8707370544404238
5,813,fixed-specific,0.6,1.0,0.8001538238116855
5,813,learned,0.6,1.0,0.8707370544404238
5,813,popularity,0.8,1.0,0.7891962119024858
5,813,random,0.0,0.0,0.18073194208010665
5,814,fixed-general,0.6,0.5,0.7227424380094927
5,814,fixed-specific,0.6,1.0,0.7143761787202545
5,814,learned,0.6,0.5,0.7227424380094927
5,814,popularity,1.0,1.0,0.8854316523111123
5,814,random,0.8,1.0,0.8073956271442654
5,815,fixed-general,0.8,1.0,0.9492147449622255
5,815,fixed-specific,0.6,0.5,0.7531149421678056
5,815,learned,0.8,0.5,0.8609428367409954
5,815,popularity,0.8,1.0,0.8546854522433548
5,815,random,0.4,1.0,0.7120159214413204
5,816,fixed-general,0.6,1.0,0.8413868503890358
5,816,fixed-specific,0.8,1.0,0.8851308880701323
5,816,learned,0.6,1.0,0.8458380511151619
5,816,popularity,1.0,1.0,0.9421735276055474
5,816,random,0.4,0.25,0.5804193578434851
5,817,fixed-general,0.8,1.0,0.7304623912622786
5,817,fixed-specific,1.0,1.0,0.7828012693780854
5,817,learned,0.8,1.0,0.7378940274274609
5,817,popularity,1.0,1.0,0.8882866175020359
5,817,random,0.8,1.0,0.8115825382214351
5,818,fixed-general,0.0,0.0,0.5705877496611312
5,818,fixed-specific,0.0,0.0,0.5779169521772867
5,818,learned,0.0,0.0,0.5705877496611312
5,818,popularity,0.2,1.0,0.6624699710254917
5,818,random,0.4,0.5,0.6299634280464308
5,819,fixed-general,0.6,0.5,0.7119421443969476
5,819,fixed-specific,1.0,1.0,0.904546517252682
5,819,learned,0.8,1.0,0.8335217812928342
5,819,popularity,0.4,1.0,0.6517177020496449
5,819,random,0.2,0.3333333333333333,0.46154736351721726
5,820,fixed-general,0.2,0.5,0.4746877591622704
5,820,fixed-specific,0.2,0.25,0.5412332152288125
5,820,learned,0.2,0.5,0.5202404204516875
5,820,popularity,0.8,1.0,0.7928533165444878
5,820,random,0.6,0.5,0.7329997668024961
5,821,fixed-general,0.2,1.0,0.8017650102078453
5,821,fixed-specific,0.2,0.5,0.75273768568514
5,821,learned,0.2,1.0,0.8017650102078453
5,821,popularity,0.4,0.5,0.5408812381517804
5,821,random,0.0,0.0,0.37428085271552497
5,822,fixed-general,0.6,1.0,0.780289053086663
5,822,fixed-specific,0.8,1.0,0.8251962950372874
5,822,learned,0.8,1.0,0.8236885107939742
5,822,popularity,0.8,1.0,0.8592011662065416
5,822,random,0.8,0.5,0.77692333117956
5,823,fixed-general,1.0,1.0,0.8803422339520858
5,823,fixed-specific,0.4,0.5,0.637951200702943
5,823,learned,1.0,1.0,0.8803422339520858
5,823,popularity,0.8,1.0,0.7706166076144062
5,823,random,0.4,1.0,0.7523724756411128
5,824,fixed-general,0.8,0.5,0.7976186279851065
5,824,fixed-specific,0.6,0.5,0.6361244973861017
5,824,learned,0.8,0.5,0.7976186279851065
5,824,popularity,0.8,1.0,0.8786928612209193
5,824,random,0.4,0.5,0.5608822886254706
5,825,fixed-general,0.2,0.25,0.5145293171798769
5,825,fixed-specific,0.4,1.0,0.7049747040846422
5,825,learned,0.2,0.3333333333333333,0.571152574410801
5,825,popularity,0.4,1.0,0.7442675410396127
5,825,random,0.4,1.0,0.6886117029712211
5,826,fixed-general,0.8,1.0,0.781512541597828
5,826,fixed-specific,0.6,0.5,0.4785247974520199
5,826,learned,0.8,1.0,0.7060015089536971
5,826,popularity,1.0,1.0,0.9786028494968771
5,826,random,0.4,0.3333333333333333,0.6423779509921156
5,827,fixed-general,0.2,1.0,0.6657251469337896
5,827,fixed-specific,0.4,0.5,0.8406714767753634
5,827,learned,0.2,1.0,0.7162550461522114
5,827,popularity,0.4,1.0,0.8193445708060552
5,827,random,0.2,0.2,0.7388941261122142
5,828,fixed-general,0.4,0.5,0.5687619202759706
5,828,fixed-specific,0.4,1.0,0.7729032137064586
5,828,learned,0.4,0.5,0.5753790842438966
5,828,popularity,0.4,1.0,0.6952613137786847
5,828,random,0.4,1.0,0.6297229895854817
5,829,fixed-general,0.6,1.0,0.7309689391852939
5,829,fixed-specific,0.6,1.0,0.6916761022303235
5,829,learned,0.8,1.0,0.7702617761402644
5,829,popularity,0.6,1.0,0.8153926152883844
5,829,random,0.2,0.2,0.4858900651246143
5,830,fixed-general,0.8,1.0,0.7436187096062703
5,830,fixed-specific,0.8,1.0,0.7436187096062703
5,830,learned,0.6,1.0,0.6452149014720141
5,830,popularity,1.0,1.0,0.9671987306219145
5,830,random,0.4,1.0,0.5785620169443904
5,831,fixed-general,0.4,0.3333333333333333,0.6385361158397866
5,831,fixed-specific,0.8,1.0,0.7968324113804252
5,831,learned,0.6,0.3333333333333333,0.7041280326110629
5,831,popularity,0.6,1.0,0.757517976300946
5,831,random,0.6,1.0,0.61558004657925
5,832,fixed-general,0.0,0.0,0.6331143362188337
5,832,fixed-specific,0.2,0.3333333333333333,0.7145648641082937
5,832,learned,0.2,0.2,0.6180838530188848
5,832,popularity,0.4,1.0,0.9675767966332455
5,832,random,0.2,0.5,0.631540698262832
5,833,fixed-general,0.2,1.0,0.636439646466423
5,833,fixed-specific,0.8,1.0,0.8939782891983252
5,833,learned,0.2,1.0,0.636439646466423
5,833,popularity,0.4,1.0,0.8458380511151619
5,833,random,0.6,0.3333333333333333,0.7835603779945831
5,834,fixed-general,0.6,0.3333333333333333,0.6312356866612376
5,834,fixed-specific,0.2,0.25,0.38697720739102376
5,834,learned,0.6,0.3333333333333333,0.6312356866612376
5,834,popularity,0.6,1.0,0.8312923451933533
5,834,random,0.2,0.2,0.4208033850082279
5,835,fixed-general,0.8,1.0,0.928671245088491
5,835,fixed-specific,0.6,0.5,0.7301581706468088
5,835,learned,0.6,1.0,0.8008157892980458
5,835,popularity,0.8,1.0,0.9562649741625527
5,835,random,0.4,0.3333333333333333,0.7718828174931716
5,836,fixed-general,1.0,1.0,0.942518941276288
5,836,fixed-specific,1.0,1.0,0.9378232926757978
5,836,learned,1.0,1.0,0.9362032067372894
5,836,popularity,1.0,1.0,0.8058609574080366
5,836,random,0.6,1.0,0.7496238128372813
5,837,fixed-general,0.8,1.0,0.8795511153053948
5,837,fixed-specific,0.6,0.5,0.7011418507844024
5,837,learned,0.8,1.0,0.8795511153053948
5,837,popularity,0.6,1.0,0.6840668949270667
5,837,random,1.0,1.0,0.8920488162790383
5,838,fixed-general,0.8,0.5,0.7611015405244298
5,838,fixed-specific,0.6,1.0,0.764817358607021
5,838,learned,0.8,1.0,0.7812934851347721
5,838,popularity,1.0,1.0,0.9576049743407979
5,838,random,1.0,1.0,0.9210878868801213
5,839,fixed-general,0.2,0.5,0.8131504231744371
5,839,fixed-specific,0.2,0.5,0.8131504231744371
5,839,learned,0.2,0.3333333333333333,0.7968409771419691
5,839,popularity,0.0,0.0,0.7345577848667816
5,839,random,0.0,0.0,0.7345577848667816
5,840,fixed-general,0.2,0.25,0.5526189389713188
5,840,fixed-specific,0.4,0.5,0.6585856494489348
5,840,learned,0.2,0.25,0.5526189389713188
5,840,popularity,0.8,1.0,0.8591366529694805
5,840,random,0.0,0.0,0.34322053432258004
5,841,fixed-general,0.0,0.0,0.44033984367200313
5,841,fixed-specific,0.4,0.3333333333333333,0.6249472283836189
5,841,learned,0.0,0.0,0.44033984367200313
5,841,popularity,0.4,1.0,0.6549732819059052
5,841,random,0.2,0.25,0.5641113570541229
5,842,fixed-general,0.2,0.2,0.7428920975864948
5,842,fixed-specific,0.0,0.0,0.5331976521652614
5,842,learned,0.0,0.0,0.6056863219308043
5,842,popularity,0.6,1.0,0.8360408131306635
5,842,random,0.4,0.3333333333333333,0.5397791614864047
5,843,fixed-general,1.0,1.0,0.8713071387790806
5,843,fixed-specific,1.0,1.0,0.8728149230223939
5,843,learned,1.0,1.0,0.8713071387790806
5,843,popularity,0.6,1.0,0.8421757737602428
5,843,random,0.8,1.0,0.7706952968055464
5,844,fixed-general,0.8,1.0,0.7261431897542433
5,844,fixed-specific,0.6,1.0,0.6362817813283655
5,844,learned,0.8,1.0,0.6908988399606129
5,844,popularity,1.0,1.0,0.954447338710583
5,844,random,0.6,1.0,0.7143794630436509
5,845,fixed-general,0.4,0.5,0.5556236438998791
5,845,fixed-specific,0.4,0.5,0.5684153189413678
5,845,learned,0.4,0.5,0.5556236438998791
5,845,popularity,0.4,1.0,0.8510488233360479
5,845,random,0.2,0.2,0.3721139350606591
5,846,fixed-general,0.4,1.0,0.6578242262397572
5,846,fixed-specific,0.6,1.0,0.765471694479642
5,846,learned,0.6,1.0,0.6906254956178427
5,846,popularity,1.0,1.0,0.9634829125393233
5,846,random,0.6,1.0,0.7234267649959281
5,847,fixed-general,1.0,1.0,0.8058609574080366
5,847,fixed-specific,1.0,1.0,0.8411053072016672
5,847,learned,1.0,1.0,0.8058609574080366
5,847,popularity,1.0,1.0,0.8058609574080366
5,847,random,1.0,1.0,0.8411053072016672
5,848,fixed-general,0.4,1.0,0.7438222935184587
5,848,fixed-specific,0.6,1.0,0.8151510484299679
5,848,learned,0.4,1.0,0.7586243475510318
5,848,popularity,0.6,1.0,0.759963590281844
5,848,random,0.2,0.5,0.48094526726647324
5,849,fixed-general,0.2,0.2,0.5945017925568414
5,849,fixed-specific,0.4,1.0,0.7398163403134869
5,849,learned,0.2,0.2,0.5945017925568414
5,849,popularity,0.6,1.0,0.8153926152883844
5,849,random,0.8,1.0,0.8706290710522846
5,850,fixed-general,0.4,0.5,0.5202404204516875
5,850,fixed-specific,1.0,1.0,0.8866579684910842
5,850,learned,0.4,0.5,0.5202404204516875
5,850,popularity,0.6,1.0,0.768996521675898
5,850,random,0.6,0.5,0.6106426713868195
5,851,fixed-general,0.0,0.0,0.6229316408292195
5,851,fixed-specific,0.0,0.0,0.6666666666666667
5,851,learned,0.0,0.0,0.6666666666666667
5,851,popularity,0.4,1.0,0.7669283933830501
5,851,random,0.0,0.0,0.5664049399502834
5,852,fixed-general,0.2,1.0,0.5904848593374741
5,852,fixed-specific,0.2,0.3333333333333333,0.2768990627585569
5,852,learned,0.2,1.0,0.5597784598555493
5,852,popularity,0.0,0.0,0.36109800216672266
5,852,random,0.0,0.0,0.20660071672643476
5,853,fixed-general,0.4,1.0,0.5334556052507063
5,853,fixed-specific,0.6,1.0,0.6659101982775605
5,853,learned,0.4,1.0,0.5350093032173634
5,853,popularity,0.6,0.5,0.4912596920895758
5,853,random,0.4,1.0,0.5922216874835863
5,854,fixed-general,0.8,1.0,0.7965953335317203
5,854,fixed-specific,0.6,1.0,0.7363708911844177
5,854,learned,0.8,1.0,0.7840976325580767
5,854,popularity,0.8,1.0,0.8073956271442654
5,854,random,0.6,1.0,0.6600322733786694
5,855,fixed-general,0.6,0.5,0.7017479939656537
5,855,fixed-specific,0.2,0.25,0.48375215650510056
5,855,learned,0.6,0.5,0.6811313709740804
5,855,popularity,0.2,1.0,0.6346616953898573
5,855,random,0.4,1.0,0.4638386051572296
5,856,fixed-general,0.0,0.0,0.5044237005640966
5,856,fixed-specific,0.2,1.0,0.5989529932829674
5,856,learned,0.2,0.3333333333333333,0.5667013736846751
5,856,popularity,0.0,0.0,0.5481677382451928
5,856,random,0.2,0.3333333333333333,0.4707852794987806
5,857,fixed-general,0.2,0.5,0.4799256014965786
5,857,fixed-specific,0.2,0.3333333333333333,0.5151546418965939
5,857,learned,0.2,0.5,0.49072589510912373
5,857,popularity,0.4,0.3333333333333333,0.5562642193023268
5,857,random,0.4,1.0,0.6774497309591406
5,858,fixed-general,1.0,1.0,0.8058609574080366
5,858,fixed-specific,0.8,1.0,0.7353722578207758
5,858,learned,1.0,1.0,0.8058609574080366
5,858,popularity,1.0,1.0,0.8803422339520858
5,858,random,0.8,1.0,0.7483798986843249
5,859,fixed-general,0.4,0.5,0.5699847558628124
5,859,fixed-specific,0.2,0.3333333333333333,0.42773232774227243
5,859,learned,0.2,0.5,0.5059992286756684
5,859,popularity,0.4,1.0,0.7312404946091489
5,859,random,0.0,0.0,0.31223033320787963
5,860,fixed-general,0.4,1.0,0.664952029985497
5,860,fixed-specific,0.6,1.0,0.7429880551523438
5,860,learned,0.4,1.0,0.664952029985497
5,860,popularity,0.6,1.0,0.7596688857706065
5,860,random,0.4,1.0,0.7907147965260027
5,861,fixed-general,0.0,0.0,0.4483971140822898
5,861,fixed-specific,0.0,0.0,0.4970865640298587
5,861,learned,0.0,0.0,0.4483971140822898
5,861,popularity,0.4,0.5,0.7252037465366871
5,861,random,0.2,1.0,0.6597018635654608
5,862,fixed-general,0.4,0.5,0.7067808878561571
5,862,fixed-specific,0.4,1.0,0.7583499757529691
5,862,learned,0.6,1.0,0.8228532149495537
5,862,popularity,0.4,1.0,0.6682718837602242
5,862,random,0.6,1.0,0.8228532149495537
5,863,fixed-general,0.0,0.0,0.5486695030595213
5,863,fixed-specific,0.2,0.3333333333333333,0.7486521215915991
5,863,learned,0.2,0.25,0.6614241127585582
5,863,popularity,0.0,0.0,0.6099914003164064
5,863,random,0.0,0.0,0.6809099631169793
5,864,fixed-general,0.4,0.3333333333333333,0.6934822860018383
5,864,fixed-specific,0.2,0.5,0.6763354520293796
5,864,learned,0.4,0.3333333333333333,0.6934822860018383
5,864,popularity,0.4,1.0,0.7646073602506097
5,864,random,0.2,0.5,0.6763354520293796
5,865,fixed-general,0.4,0.5,0.7945221224571118
5,865,fixed-specific,0.6,0.3333333333333333,0.8156178433306188
5,865,learned,0.6,0.3333333333333333,0.8156178433306188
5,865,popularity,0.8,1.0,0.9562649741625527
5,865,random,0.4,1.0,0.7945221224571118
5,866,fixed-general,1.0,1.0,0.8058609574080366
5,866,fixed-specific,0.8,1.0,0.7273871039071997
5,866,learned,1.0,1.0,0.8058609574080366
5,866,popularity,0.8,1.0,0.7147556348292026
5,866,random,1.0,1.0,0.8058609574080366
5,867,fixed-general,0.8,0.5,0.8869465982421281
5,867,fixed-specific,0.6,1.0,0.8849362192510436
5,867,learned,0.8,0.5,0.8869465982421281
5,867,popularity,0.8,1.0,0.9513105500524313
5,867,random,0.0,0.0,0.2994459374183377
5,868,fixed-general,0.0,0.0,0.7467366458934469
5,868,fixed-specific,0.0,0.0,0.7467366458934469
5,868,learned,0.0,0.0,0.7467366458934469
5,868,popularity,0.2,0.25,0.8558112355261801
5,868,random,0.0,0.0,0.7467366458934469
5,869,fixed-general,0.4,0.5,0.508893506685152
5,869,fixed-specific,0.6,1.0,0.6934419516063979
5,869,learned,0.6,0.5,0.636078583662758
5,869,popularity,0.6,1.0,0.7632636606403641
5,869,random,0.2,0.2,0.21971094691333698
5,870,fixed-general,0.4,1.0,0.9037345060236791
5,870,fixed-specific,0.4,0.25,0.7914537515476362
5,870,learned,0.4,1.0,0.9037345060236791
5,870,popularity,0.4,1.0,0.8670499108258458
5,870,random,0.2,0.2,0.5153876423141102
5,871,fixed-general,0.6,0.5,0.8382571482945591
5,871,fixed-specific,0.8,1.0,0.9434732991210639
5,871,learned,0.6,1.0,0.8997382732836168
5,871,popularity,0.8,1.0,0.8539316501572936
5,871,random,0.6,1.0,0.8460943992259263
5,872,fixed-general,0.6,0.5,0.566760226823996
5,872,fixed-specific,0.4,0.3333333333333333,0.5730341749213532
5,872,learned,0.6,0.5,0.566760226823996
5,872,popularity,0.6,1.0,0.777577667052181
5,872,random,0.2,0.25,0.3388559655764834
5,873,fixed-general,1.0,1.0,0.8631008549624842
5,873,fixed-specific,0.8,1.0,0.7639572262470341
5,873,learned,1.0,1.0,0.8631008549624842
5,873,popularity,0.8,1.0,0.7853543767501568
5,873,random,0.6,1.0,0.781512541597828
5,874,fixed-general,1.0,1.0,0.9576049743407979
5,874,fixed-specific,0.8,1.0,0.8322778350269815
5,874,learned,1.0,1.0,0.9576049743407979
5,874,popularity,1.0,1.0,1.0
5,874,random,0.8,1.0,0.7187065148652279
5,875,fixed-general,0.6,0.5,0.7380682985455163
5,875,fixed-specific,0.6,1.0,0.8198933281179092
5,875,learned,0.6,0.3333333333333333,0.6886441498107586
5,875,popularity,1.0,1.0,0.9397755576526973
5,875,random,0.6,1.0,0.8384415378996617
5,876,fixed-general,0.4,0.3333333333333333,0.6997025433650612
5,876,fixed-specific,0.4,1.0,0.8564152894017486
5,876,learned,0.4,0.5,0.7268135830906762
5,876,popularity,0.2,1.0,0.627574882841094
5,876,random,0.2,1.0,0.6869459993649948
5,877,fixed-general,0.8,1.0,0.8944171213384616
5,877,fixed-specific,0.4,0.5,0.5261519588202214
5,877,learned,0.8,1.0,0.8867334510338039
5,877,popularity,0.8,1.0,0.8391062896656023
5,877,random,0.4,0.5,0.39917192965556025
5,878,fixed-general,1.0,1.0,0.9123344059148181
5,878,fixed-specific,0.6,1.0,0.7907551306598996
5,878,learned,1.0,1.0,0.908492570762489
5,878,popularity,0.6,1.0,0.7239662643567719
5,878,random,0.8,1.0,0.8516228203322161
5,879,fixed-general,0.0,0.0,0.25416732749045695
5,879,fixed-specific,0.0,0.0,0.46902604005514587
5,879,learned,0.0,0.0,0.2492129033803354
5,879,popularity,0.4,0.5,0.6199875957101822
5,879,random,0.4,1.0,0.6287585127695022
5,880,fixed-general,1.0,1.0,0.7754352608773023
5,880,fixed-specific,1.0,1.0,0.7754352608773023
5,880,learned,1.0,1.0,0.7754352608773023
5,880,popularity,1.0,1.0,0.8307460925501616
5,880,random,0.8,0.5,0.7430804984649796
5,881,fixed-general,0.4,0.5,0.6700780675317389
5,881,fixed-specific,0.2,1.0,0.6059942106396455
5,881,learned,0.4,1.0,0.6890310852757123
5,881,popularity,0.8,0.5,0.7968589798489021
5,881,random,0.4,0.5,0.5659175408256376
5,882,fixed-general,0.4,1.0,0.6180376493550721
5,882,fixed-specific,0.6,1.0,0.6961353310703573
5,882,learned,0.4,1.0,0.6061092519207771
5,882,popularity,0.8,1.0,0.7666240306576183
5,882,random,0.2,1.0,0.5435563728110231
5,883,fixed-general,1.0,1.0,0.9397755576526973
5,883,fixed-specific,1.0,1.0,0.9414729650137958
5,883,learned,1.0,1.0,0.9875022990263562
5,883,popularity,1.0,1.0,0.8443220749053792
5,883,random,0.6,1.0,0.7471711847969628
5,884,fixed-general,0.4,0.3333333333333333,0.6588294157352995
5,884,fixed-specific,0.0,0.0,0.42575780911834943
5,884,learned,0.4,0.3333333333333333,0.6588294157352995
5,884,popularity,0.4,0.5,0.7301581706468088
5,884,random,0.2,1.0,0.6307688917605867
5,885,fixed-general,0.4,0.25,0.6877623875401737
5,885,fixed-specific,0.4,1.0,0.823455094261986
5,885,learned,0.4,0.25,0.7025644415727468
5,885,popularity,0.2,0.2,0.710401692504114
5,885,random,0.2,0.2,0.6390729375926048
5,886,fixed-general,0.8,1.0,0.8385058694009951
5,886,fixed-specific,0.8,1.0,0.7605981883292258
5,886,learned,1.0,1.0,0.9041084081571661
5,886,popularity,1.0,1.0,0.9099863463556914
5,886,random,0.8,1.0,0.8443838075995205
5,887,fixed-general,0.4,1.0,0.7293596019774187
5,887,fixed-specific,1.0,1.0,0.945656094658415
5,887,learned,0.8,1.0,0.8944828506023453
5,887,popularity,0.8,1.0,0.8795511153053948
5,887,random,0.6,1.0,0.6159220064898123
5,888,fixed-general,0.6,1.0,0.780289053086663
5,888,fixed-specific,0.8,1.0,0.778735355120006
5,888,learned,0.6,1.0,0.7824511732025973
5,888,popularity,0.8,1.0,0.915209948681596
5,888,random,0.4,0.5,0.3547850985279859
5,889,fixed-general,0.2,0.2,0.7661060872182146
5,889,fixed-specific,0.0,0.0,0.5025783342926474
5,889,learned,0.2,0.2,0.7661060872182146
5,889,popularity,0.2,0.25,0.7534763880207204
5,889,random,0.0,0.0,0.18467749950925696
5,890,fixed-general,0.6,0.5,0.6750156966358337
5,890,fixed-specific,0.6,0.3333333333333333,0.628419707463456
5,890,learned,0.6,0.5,0.6750156966358337
5,890,popularity,0.4,1.0,0.7907147965260027
5,890,random,0.6,1.0,0.7513026264813684
5,891,fixed-general,0.6,0.5,0.6340177538766749
5,891,fixed-specific,0.4,1.0,0.40857062280734635
5,891,learned,0.6,1.0,0.6008280703444396
5,891,popularity,0.6,1.0,0.7728378460835431
5,891,random,0.8,1.0,0.6811719633505263
5,892,fixed-general,0.6,1.0,0.7994765465672335
5,892,fixed-specific,0.6,1.0,0.8151510484299679
5,892,learned,0.6,1.0,0.8151510484299679
5,892,popularity,0.6,1.0,0.6886348353703349
5,892,random,0.2,0.2,0.4434426899721683
5,893,fixed-general,0.6,0.3333333333333333,0.7442890884191097
5,893,fixed-specific,0.4,1.0,0.7211829885545183
5,893,learned,0.6,1.0,0.8156178433306188
5,893,popularity,0.4,0.5,0.6298964439304254
5,893,random,0.4,1.0,0.7005540625816624
5,894,fixed-general,1.0,1.0,0.877185076977606
5,894,fixed-specific,1.0,1.0,0.9576049743407979
5,894,learned,1.0,1.0,0.946503433816368
5,894,popularity,0.8,1.0,0.7812934851347721
5,894,random,1.0,1.0,0.8728149230223939
5,895,fixed-general,0.8,1.0,0.8913882725677729
5,895,fixed-specific,0.8,0.5,0.7968589798489021
5,895,learned,0.8,1.0,0.8939782891983252
5,895,popularity,0.8,1.0,0.9562559623189038
5,895,random,0.8,1.0,0.8591366529694805
5,896,fixed-general,0.6,0.3333333333333333,0.5467809367781692
5,896,fixed-specific,0.4,1.0,0.6555762505138915
5,896,learned,0.6,0.3333333333333333,0.5467809367781692
5,896,popularity,0.8,0.5,0.7968589798489021
5,896,random,0.6,0.3333333333333333,0.674948650562356
5,897,fixed-general,0.4,1.0,0.5748124290840793
5,897,fixed-specific,0.4,1.0,0.5910991344632693
5,897,learned,0.4,1.0,0.5748124290840793
5,897,popularity,0.4,1.0,0.6530209841716705
5,897,random,0.2,0.2,0.26645726837796224
5,898,fixed-general,0.8,1.0,0.8335217812928342
5,898,fixed-specific,0.6,1.0,0.7596688857706065
5,898,learned,0.8,1.0,0.7965953335317203
5,898,popularity,0.6,1.0,0.8551223685179244
5,898,random,0.8,1.0,0.7965953335317203
5,899,fixed-general,0.8,1.0,0.7691875125622331
5,899,fixed-specific,1.0,1.0,0.877185076977606
5,899,learned,0.8,1.0,0.7691875125622331
5,899,popularity,1.0,1.0,0.8034965661836319
5,899,random,0.4,0.5,0.4783002711463444
5,900,fixed-general,0.2,1.0,0.6214084182564571
5,900,fixed-specific,0.2,1.0,0.6583348660175709
5,900,learned,0.2,1.0,0.6214084182564571
5,900,popularity,0.4,0.25,0.6409174084370997
5,900,random,0.6,1.0,0.7363708911844177
5,901,fixed-general,0.2,0.2,0.40302032853101316
5,901,fixed-specific,0.8,1.0,0.8575564028412315
5,901,learned,0.4,1.0,0.6882500245716858
5,901,popularity,0.6,1.0,0.7840976325580767
5,901,random,0.2,1.0,0.5678011398770804
5,902,fixed-general,1.0,1.0,0.861713382497964
5,902,fixed-specific,1.0,1.0,0.7828012693780854
5,902,learned,1.0,1.0,0.861713382497964
5,902,popularity,1.0,1.0,0.9576049743407979
5,902,random,1.0,1.0,0.9099863463556914
5,903,fixed-general,1.0,1.0,0.8400136536443085
5,903,fixed-specific,1.0,1.0,0.8034965661836319
5,903,learned,1.0,1.0,0.8400136536443085
5,903,popularity,0.8,1.0,0.7716997288536557
5,903,random,0.4,0.3333333333333333,0.4019462880412318
5,904,fixed-general,0.4,0.25,0.6877623875401737
5,904,fixed-specific,0.6,1.0,0.8201054725400894
5,904,learned,0.4,0.3333333333333333,0.7005540625816624
5,904,popularity,0.6,1.0,0.8101966243198463
5,904,random,0.4,1.0,0.5677441826810956
5,905,fixed-general,1.0,1.0,0.834790051318404
5,905,fixed-specific,1.0,1.0,0.946503433816368
5,905,learned,1.0,1.0,0.834790051318404
5,905,popularity,1.0,1.0,0.8289121131198786
5,905,random,1.0,1.0,0.9634829125393233
5,906,fixed-general,0.2,0.25,0.592467873228999
5,906,fixed-specific,0.0,0.0,0.5169568405848682
5,906,learned,0.2,0.2,0.5847842029243412
5,906,popularity,0.8,0.5,0.7216833479618567
5,906,random,0.4,0.5,0.6161004693003185
5,907,fixed-general,0.6,0.5,0.7091668172952431
5,907,fixed-specific,0.6,0.5,0.6816923860715948
5,907,learned,0.6,0.5,0.693846947512646
5,907,popularity,0.6,1.0,0.7114022628634399
5,907,random,0.2,0.3333333333333333,0.42773232774227243
5,908,fixed-general,1.0,1.0,0.8450978841584552
5,908,fixed-specific,0.8,1.0,0.8228611752283737
5,908,learned,1.0,1.0,0.8514136186974538
5,908,popularity,0.8,1.0,0.7848681626309117
5,908,random,0.6,1.0,0.6556544901669823
5,909,fixed-general,0.4,0.3333333333333333,0.47963268062697356
5,909,fixed-specific,0.6,1.0,0.7265177384591679
5,909,learned,0.6,1.0,0.6916761022303235
5,909,popularity,0.8,1.0,0.9187693091354482
5,909,random,0.8,1.0,0.7702617761402644
5,910,fixed-general,0.4,1.0,0.6299308407567107
5,910,fixed-specific,0.4,0.5,0.5857338176527132
5,910,learned,0.4,1.0,0.6595774947037812
5,910,popularity,0.4,1.0,0.7363386635101903
5,910,random,0.2,0.25,0.25711487621497475
5,911,fixed-general,0.6,0.5,0.5325449896715342
5,911,fixed-specific,0.2,0.5,0.6066500944300314
5,911,learned,0.6,0.5,0.5451764587495314
5,911,popularity,0.6,1.0,0.8407291354161155
5,911,random,0.6,1.0,0.5878651199474837
5,912,fixed-general,0.6,1.0,0.8799817951409221
5,912,fixed-specific,0.8,1.0,0.9026211001048624
5,912,learned,0.6,1.0,0.8849362192510436
5,912,popularity,0.8,1.0,0.9562649741625527
5,912,random,0.6,1.0,0.8151510484299679
5,913,fixed-general,0.8,1.0,0.723873190210774
5,913,fixed-specific,0.4,0.5,0.6558491437340503
5,913,learned,0.6,1.0,0.6869467424496601
5,913,popularity,0.6,0.5,0.6666494373465955
5,913,random,0.6,1.0,0.8617395324858506
5,914,fixed-general,0.2,1.0,0.6567794656774201
5,914,fixed-specific,0.6,1.0,0.7672523772052209
5,914,learned,0.4,1.0,0.7513087583962909
5,914,popularity,0.0,0.0,0.49738248320741835
5,914,random,0.2,0.25,0.45104842889576974
5,915,fixed-general,0.4,0.5,0.5907291200389485
5,915,fixed-specific,0.8,1.0,0.7273871039071997
5,915,learned,0.4,1.0,0.6243533838940707
5,915,popularity,0.8,1.0,0.7261431897542433
5,915,random,0.4,0.3333333333333333,0.4302143413021074
5,916,fixed-general,0.8,1.0,0.8845707994194448
5,916,fixed-specific,1.0,1.0,0.9248037049627126
5,916,learned,0.8,1.0,0.8920024355846271
5,916,popularity,0.8,1.0,0.915209948681596
5,916,random,0.6,1.0,0.7658217906551301
5,917,fixed-general,0.4,0.5,0.6745292682578647
5,917,fixed-specific,0.6,0.3333333333333333,0.6686912660647153
5,917,learned,0.4,0.5,0.6745292682578647
5,917,popularity,0.6,1.0,0.8039001972055801
5,917,random,0.8,1.0,0.8591366529694805
5,918,fixed-general,0.2,0.5,0.6349362168742596
5,918,fixed-specific,0.2,0.25,0.7400167510662137
5,918,learned,0.0,0.0,0.5563435785666041
5,918,popularity,0.4,0.25,0.8363944621669539
5,918,random,0.2,0.3333333333333333,0.6646005170845113
5,919,fixed-general,0.2,0.3333333333333333,0.37689417438244444
5,919,fixed-specific,0.2,0.25,0.40476942385232517
5,919,learned,0.2,0.3333333333333333,0.37689417438244444
5,919,popularity,0.8,1.0,0.8090930345053641
5,919,random,0.4,0.3333333333333333,0.4155180295046569
5,920,fixed-general,0.8,1.0,0.8591366529694805
5,920,fixed-specific,1.0,1.0,0.8984294899244509
5,920,learned,0.8,1.0,0.8546854522433548
5,920,popularity,0.8,1.0,0.8109414145622583
5,920,random,0.6,1.0,0.6686912660647153
5,921,fixed-general,0.2,0.5,0.3130532575503399
5,921,fixed-specific,0.2,0.25,0.39396913023978003
5,921,learned,0.2,0.5,0.32385355116288506
5,921,popularity,0.6,1.0,0.6750156966358337
5,921,random,0.4,0.5,0.4823596358198856
5,924,fixed-general,0.8,1.0,0.9434732991210639
5,924,fixed-specific,0.8,1.0,0.928671245088491
5,924,learned,0.8,1.0,0.9434732991210639
5,924,popularity,0.8,1.0,0.9513105500524313
5,924,random,0.6,1.0,0.8638404983775366
5,925,fixed-general,0.6,0.5,0.7994765465672335
5,925,fixed-specific,0.8,0.5,0.773893196484256
5,925,learned,0.6,1.0,0.8588860742674151
5,925,popularity,1.0,1.0,1.0
5,925,random,0.6,0.5,0.6864231448093615
5,926,fixed-general,0.6,0.3333333333333333,0.4456496123186289
5,926,fixed-specific,0.6,1.0,0.8001538238116855
5,926,learned,0.6,0.5,0.5139973973791703
5,926,popularity,0.8,1.0,0.7316024638347113
5,926,random,0.8,0.5,0.5124384786217564
5,927,fixed-general,0.4,0.3333333333333333,0.5640947545128575
5,927,fixed-specific,0.4,0.3333333333333333,0.650392590074575
5,927,learned,0.4,0.3333333333333333,0.5810742332358129
5,927,popularity,0.8,1.0,0.8310742332358129
5,927,random,0.8,0.5,0.6980112180596814
5,928,fixed-general,0.8,1.0,0.723873190210774
5,928,fixed-specific,0.8,1.0,0.7488685921580613
5,928,learned,0.8,1.0,0.7621029200939134
5,928,popularity,0.8,1.0,0.9588904225942672
5,928,random,0.4,0.25,0.580692966089797
5,929,fixed-general,1.0,1.0,1.0
5,929,fixed-specific,1.0,1.0,0.9306816431612379
5,929,learned,1.0,1.0,1.0
5,929,popularity,1.0,1.0,0.946503433816368
5,929,random,1.0,1.0,1.0
5,930,fixed-general,0.6,0.5,0.8216499997860249
5,930,fixed-specific,0.6,1.0,0.909921908007255
5,930,learned,0.6,0.5,0.8171987990598991
5,930,popularity,0.4,0.5,0.7067808878561571
5,930,random,0.6,0.3333333333333333,0.6312046128812596
5,931,fixed-general,0.8,1.0,0.8593054981625435
5,931,fixed-specific,0.6,1.0,0.7143761787202545
5,931,learned,1.0,1.0,0.9331583936847713
5,931,popularity,0.4,1.0,0.7412906477912451
5,931,random,0.6,1.0,0.6416540353993081
5,932,fixed-general,0.8,1.0,0.8736384699873282
5,932,fixed-specific,0.8,1.0,0.9187693091354482
5,932,learned,0.8,1.0,0.878089670713454
5,932,popularity,0.8,1.0,0.8591366529694805
5,932,random,0.4,0.5,0.6745292682578647
5,934,fixed-general,0.0,0.0,0.4970865640298587
5,934,fixed-specific,0.2,0.25,0.41792055818698226
5,934,learned,0.0,0.0,0.4970865640298587
5,934,popularity,0.6,1.0,0.8638404983775366
5,934,random,0.0,0.0,0.4483971140822898
5,935,fixed-general,0.4,1.0,0.6807975844389677
5,935,fixed-specific,0.6,1.0,0.7826028952457845
5,935,learned,0.4,1.0,0.6807975844389677
5,935,popularity,0.6,1.0,0.8721445442095549
5,935,random,0.4,1.0,0.7635787716611534
5,936,fixed-general,0.4,1.0,0.6084817429390569
5,936,fixed-specific,0.4,1.0,0.7206951975826494
5,936,learned,0.4,1.0,0.6437260927326874
5,936,popularity,0.0,0.0,0.4342069182588954
5,936,random,0.4,0.25,0.3497935020046116
5,937,fixed-general,0.8,1.0,0.7965953335317203
5,937,fixed-specific,0.8,1.0,0.8073956271442654
5,937,learned,0.8,1.0,0.8032124974996465
5,937,popularity,0.8,1.0,0.723873190210774
5,937,random,0.8,1.0,0.741684773030318
5,938,fixed-general,0.0,0.0,0.6703302060301146
5,938,fixed-specific,0.0,0.0,0.6910316056952529
5,938,learned,0.0,0.0,0.6513464006466243
5,938,popularity,0.2,1.0,0.5989529832260039
5,938,random,0.0,0.0,0.32795219968823736
5,939,fixed-general,0.6,0.5,0.5745419591646665
5,939,fixed-specific,0.2,1.0,0.5795664489924995
5,939,learned,0.4,0.5,0.5534965661836319
5,939,popularity,0.4,0.3333333333333333,0.6175913206964895
5,939,random,0.4,1.0,0.6589819143075824
5,940,fixed-general,0.0,0.0,0.4888628869567341
5,940,fixed-specific,0.2,1.0,0.7135482182926968
5,940,learned,0.2,0.3333333333333333,0.5561705407445033
5,940,popularity,0.4,1.0,0.8662970418817082
5,940,random,0.4,0.5,0.8226641075238404
5,941,fixed-general,0.4,0.5,0.6575982390553624
5,941,fixed-specific,0.4,0.3333333333333333,0.6081740903206049
5,941,learned,0.6,0.5,0.7314511345775901
5,941,popularity,0.6,1.0,0.7562740710484094
5,941,random,0.2,0.3333333333333333,0.4806622284587871
5,942,fixed-general,0.6,1.0,0.689380776772967
5,942,fixed-specific,0.6,1.0,0.7679834570996312
5,942,learned,0.6,1.0,0.7268738796938983
5,942,popularity,0.8,1.0,0.8377049109374533
5,942,random,0.6,0.5,0.7119421443969476
5,943,fixed-general,0.6,1.0,0.8093745043821573
5,943,fixed-specific,0.4,1.0,0.650392590074575
5,943,learned,0.6,1.0,0.7871714233332975
5,943,popularity,0.6,1.0,0.7886792075766109
5,943,random,0.4,1.0,0.5324511732025973
5,944,fixed-general,0.4,0.25,0.7025644415727468
5,944,fixed-specific,0.0,0.0,0.38490561010214785
5,944,learned,0.2,0.25,0.571359364060405
5,944,popularity,0.4,1.0,0.8510488233360479
5,944,random,0.4,0.5,0.7429498456882975
5,945,fixed-general,0.8,1.0,0.8476442348866765
5,945,fixed-specific,0.6,0.5,0.7575661428939316
5,945,learned,0.8,1.0,0.8476442348866765
5,945,popularity,0.4,1.0,0.7442675410396127
5,945,random,0.2,0.5,0.6630368501750608
5,946,fixed-general,0.6,1.0,0.8849362192510436
5,946,fixed-specific,0.4,1.0,0.8284095183721076
5,946,learned,0.4,1.0,0.8362467693034749
5,946,popularity,0.6,1.0,0.8849362192510436
5,946,random,0.8,1.0,0.9513105500524313
5,947,fixed-general,0.6,1.0,0.7507523897026045
5,947,fixed-specific,0.6,1.0,0.7087668001483545
5,947,learned,0.6,1.0,0.7507523897026045
5,947,popularity,0.8,1.0,0.8367365584593274
5,947,random,0.8,1.0,0.7576089667508573
5,948,fixed-general,1.0,1.0,1.0
5,948,fixed-specific,1.0,1.0,0.9634829125393233
5,948,learned,1.0,1.0,1.0
5,948,popularity,0.8,1.0,0.861713382497964
5,948,random,1.0,1.0,0.9671987306219145
5,949,fixed-general,0.6,0.3333333333333333,0.6334131113516197
5,949,fixed-specific,0.4,0.3333333333333333,0.3812509912356854
5,949,learned,0.6,0.3333333333333333,0.6334131113516197
5,949,popularity,0.6,1.0,0.819972692711383
5,949,random,0.4,1.0,0.7060971900974847
5,950,fixed-general,0.6,1.0,0.8198933281179092
5,950,fixed-specific,0.6,1.0,0.8265104920858354
5,950,learned,0.6,1.0,0.8551223685179244
5,950,popularity,0.6,1.0,0.8617395324858506
5,950,random,0.4,0.5,0.5711959545992775
5,951,fixed-general,0.6,1.0,0.777577667052181
5,951,fixed-specific,0.8,1.0,0.8824086793035105
5,951,learned,0.8,1.0,0.8845707994194448
5,951,popularity,1.0,1.0,0.9137021644382827
5,951,random,0.2,0.25,0.5730341749213532
5,952,fixed-general,0.2,0.5,0.5044403099182545
5,952,fixed-specific,0.6,0.3333333333333333,0.7140471484839174
5,952,learned,0.2,0.5,0.5044403099182545
5,952,popularity,0.4,0.5,0.6400950345972004
5,952,random,0.6,1.0,0.7239662643567719
5,953,fixed-general,0.6,1.0,0.8156178433306188
5,953,fixed-specific,0.8,1.0,0.8573424901769817
5,953,learned,0.6,1.0,0.8156178433306188
5,953,popularity,0.6,0.5,0.8382571482945591
5,953,random,0.2,0.5,0.689305971630607
5,954,fixed-general,0.6,1.0,0.7575661428939316
5,954,fixed-specific,0.8,1.0,0.8198438160145101
5,954,learned,0.6,1.0,0.7575661428939316
5,954,popularity,0.4,0.5,0.6515444320922567
5,954,random,0.2,0.2,0.42439622486307316
5,955,fixed-general,1.0,1.0,0.9462480870845545
5,955,fixed-specific,0.8,1.0,0.8784207247450816
5,955,learned,0.8,1.0,0.8784207247450816
5,955,popularity,0.4,0.3333333333333333,0.5646314727797881
5,955,random,0.6,0.5,0.6976887826649749
5,956,fixed-general,0.6,1.0,0.7716997288536557
5,956,fixed-specific,0.8,1.0,0.915209948681596
5,956,learned,0.8,1.0,0.8564897801720597
5,956,popularity,0.6,1.0,0.7834556052507063
5,956,random,0.4,0.5,0.5609282023488142
5,957,fixed-general,0.2,1.0,0.762801176479095
5,957,fixed-specific,0.2,1.0,0.738010156541972
5,957,learned,0.2,1.0,0.7513087583962909
5,957,popularity,0.6,1.0,0.7690585609767358
5,957,random,0.8,1.0,0.8546854522433548
5,958,fixed-general,0.8,1.0,0.9434732991210639
5,958,fixed-specific,1.0,1.0,1.0
5,958,learned,0.8,1.0,0.9513105500524313
5,958,popularity,0.8,1.0,0.928671245088491
5,958,random,0.4,0.5,0.7330409974680543
5,959,fixed-general,0.8,0.5,0.6763114892060259
5,959,fixed-specific,0.8,1.0,0.7633095743637077
5,959,learned,0.8,0.5,0.6704335510075005
5,959,popularity,1.0,1.0,0.792395025659202
5,959,random,1.0,1.0,0.8728149230223939
5,960,fixed-general,0.4,1.0,0.887761954192762
5,960,fixed-specific,0.4,1.0,0.7503465679226184
5,960,learned,0.4,1.0,0.887761954192762
5,960,popularity,0.6,1.0,0.8731035491604512
5,960,random,0.4,1.0,0.8216847032613752
5,961,fixed-general,0.4,1.0,0.6165868886483803
5,961,fixed-specific,0.6,1.0,0.7496499038245118
5,961,learned,0.8,1.0,0.7880248717039899
5,961,popularity,0.6,1.0,0.7920449294837137
5,961,random,0.4,1.0,0.4644873445874325
5,962,fixed-general,0.4,1.0,0.7520909414037903
5,962,fixed-specific,0.6,1.0,0.8725398260983958
5,962,learned,0.6,1.0,0.8634369398469492
5,962,popularity,0.8,1.0,0.7488685921580613
5,962,random,0.6,0.5,0.46250814391610745
5,963,fixed-general,0.6,1.0,0.7239662643567719
5,963,fixed-specific,0.4,1.0,0.7361208257978232
5,963,learned,0.6,1.0,0.7491577791855053
5,963,popularity,0.6,1.0,0.8352644545132735
5,963,random,0.2,1.0,0.5668669183479849
5,964,fixed-general,0.6,0.5,0.6355787096846633
5,964,fixed-specific,0.8,1.0,0.8304208239203289
5,964,learned,0.6,1.0,0.7467598127458165
5,964,popularity,0.6,0.5,0.671526131121996
5,964,random,0.6,0.5,0.6173345777113698
5,965,fixed-general,0.4,1.0,0.6475345724050258
5,965,fixed-specific,0.2,1.0,0.6106081246439119
5,965,learned,0.4,1.0,0.6541517363729519
5,965,popularity,0.8,1.0,0.7621029200939134
5,965,random,0.4,1.0,0.6541517363729519
5,966,fixed-general,0.6,0.3333333333333333,0.7363708911844177
5,966,fixed-specific,0.4,0.5,0.6575982390553624
5,966,learned,0.6,0.3333333333333333,0.7363708911844177
5,966,popularity,0.6,0.3333333333333333,0.6409174084370997
5,966,random,0.4,1.0,0.757971478409508
5,967,fixed-general,0.8,0.5,0.8406030175299983
5,967,fixed-specific,0.8,1.0,0.7454707562031414
5,967,learned,0.8,0.5,0.8406030175299983
5,967,popularity,0.8,1.0,0.7702617761402644
5,967,random,0.8,1.0,0.8095546130952348
5,968,fixed-general,0.2,1.0,0.6196900040309509
5,968,fixed-specific,0.4,1.0,0.8198046467353157
5,968,learned,0.2,1.0,0.7029333464907761
5,968,popularity,0.4,1.0,0.5172888472359958
5,968,random,0.2,0.25,0.24232422956122618
5,969,fixed-general,1.0,1.0,0.9306816431612379
5,969,fixed-specific,0.8,1.0,0.8289121131198786
5,969,learned,1.0,1.0,0.9576049743407979
5,969,popularity,0.8,1.0,0.8824086793035105
5,969,random,0.6,0.5,0.4993456641273791
5,970,fixed-general,0.8,1.0,0.7415215797075658
5,970,fixed-specific,0.8,1.0,0.7715934257249735
5,970,learned,0.8,1.0,0.7415215797075658
5,970,popularity,0.6,1.0,0.781512541597828
5,970,random,0.6,0.5,0.6001040727069384
5,971,fixed-general,0.4,1.0,0.4239502565920201
5,971,fixed-specific,0.6,1.0,0.5916724215650385
5,971,learned,0.4,1.0,0.4239502565920201
5,971,popularity,0.8,1.0,0.830419897363192
5,971,random,0.4,0.5,0.4337431253712082
5,972,fixed-general,0.6,0.5,0.7531149421678056
5,972,fixed-specific,0.6,0.5,0.8216499997860249
5,972,learned,0.4,0.5,0.7138221052128352
5,972,popularity,0.6,1.0,0.8661778703261588
5,972,random,0.6,0.3333333333333333,0.7327751229568087
5,973,fixed-general,0.2,0.25,0.5062848846596701
5,973,fixed-specific,0.2,0.3333333333333333,0.5989529932829674
5,973,learned,0.2,0.25,0.5062848846596701
5,973,popularity,0.6,1.0,0.6674880509011867
5,973,random,0.0,0.0,0.4187968092974775
5,974,fixed-general,0.6,1.0,0.8864070715332625
5,974,fixed-specific,0.2,1.0,0.5432784615725291
5,974,learned,0.6,1.0,0.8864070715332625
5,974,popularity,0.2,1.0,0.6305529369438929
5,974,random,0.2,0.2,0.4676823022943195
5,975,fixed-general,0.4,1.0,0.639733065371638
5,975,fixed-specific,0.6,0.5,0.6916115019444493
5,975,learned,0.4,1.0,0.6474167356762958
5,975,popularity,0.8,1.0,0.8531817390896298
5,975,random,0.6,1.0,0.7929905762280963
5,976,fixed-general,0.0,0.0,0.5072514376458926
5,976,fixed-specific,0.2,0.25,0.7008973569236863
5,976,learned,0.0,0.0,0.5978078322698426
5,976,popularity,0.2,1.0,0.701752170860426
5,976,random,0.0,0.0,0.6054866768841051
5,977,fixed-general,0.6,1.0,0.7045434921308278
5,977,fixed-specific,1.0,1.0,0.946503433816368
5,977,learned,0.8,1.0,0.8845707994194448
5,977,popularity,0.6,1.0,0.7522080338392778
5,977,random,0.6,1.0,0.7072548781653097
5,978,fixed-general,0.6,0.3333333333333333,0.6886441498107586
5,978,fixed-specific,0.4,0.3333333333333333,0.6559008316942638
5,978,learned,0.6,0.3333333333333333,0.6886441498107586
5,978,popularity,0.8,1.0,0.8634369398469492
5,978,random,0.8,1.0,0.8073956271442654
5,979,fixed-general,0.8,1.0,0.7537158180825911
5,979,fixed-specific,0.8,1.0,0.7388984594755702
5,979,learned,0.8,1.0,0.7558779381985254
5,979,popularity,1.0,1.0,0.9671987306219145
5,979,random,1.0,1.0,0.8458915918428338
5,980,fixed-general,0.8,1.0,0.8913882725677729
5,980,fixed-specific,0.4,1.0,0.7513087583962909
5,980,learned,0.6,1.0,0.8039001972055801
5,980,popularity,0.6,1.0,0.9169631253639333
5,980,random,0.6,1.0,0.7164121218433875
5,981,fixed-general,0.8,1.0,0.7514406955804204
5,981,fixed-specific,0.8,1.0,0.6987272787013203
5,981,learned,0.8,1.0,0.7514406955804204
5,981,popularity,0.8,1.0,0.8032716613265132
5,981,random,0.6,1.0,0.6496521812444925
5,982,fixed-general,0.4,1.0,0.6702659118313973
5,982,fixed-specific,0.6,0.5,0.7554857561259873
5,982,learned,0.6,1.0,0.7687717720220532
5,982,popularity,0.6,0.5,0.7268738796938983
5,982,random,0.2,1.0,0.617225288611838
5,983,fixed-general,0.6,0.5,0.7446854625134423
5,983,fixed-specific,0.6,1.0,0.7924122038871013
5,983,learned,0.6,1.0,0.7924122038871013
5,983,popularity,0.8,1.0,0.8634369398469492
5,983,random,0.4,1.0,0.6625179956621899
5,984,fixed-general,0.8,1.0,0.8592590198101554
5,984,fixed-specific,0.8,1.0,0.8291871737927478
5,984,learned,0.8,1.0,0.8669426901148132
5,984,popularity,0.8,1.0,0.8844980054656071
5,984,random,0.6,0.5,0.5623485563848729
5,985,fixed-general,0.2,1.0,0.6307688917605867
5,985,fixed-specific,0.0,0.0,0.4385494841598382
5,985,learned,0.2,0.3333333333333333,0.5594401368490775
5,985,popularity,0.6,1.0,0.8432115724046808
5,985,random,0.6,1.0,0.8382571482945591
5,986,fixed-general,0.6,0.5,0.7721665867442502
5,986,fixed-specific,0.8,0.5,0.7488685921580613
5,986,learned,0.6,0.5,0.7679834570996312
5,986,popularity,0.8,1.0,0.9028491098915834
5,986,random,0.4,0.5,0.5812596212496143
5,987,fixed-general,0.8,1.0,0.9032820145258695
5,987,fixed-specific,0.4,0.5,0.6010374315347351
5,987,learned,0.8,0.5,0.7955526459122501
5,987,popularity,0.8,1.0,0.8411053072016672
5,987,random,0.8,1.0,0.8474210417406659
5,988,fixed-general,0.8,0.5,0.749999984622833
5,988,fixed-specific,0.4,1.0,0.6738986221402758
5,988,learned,0.8,0.5,0.749999984622833
5,988,popularity,0.6,1.0,0.8002482945127405
5,988,random,0.8,0.5,0.6236503122503684
5,989,fixed-general,0.8,1.0,0.8573424901769817
5,989,fixed-specific,0.8,0.5,0.8869465982421281
5,989,learned,0.8,1.0,0.8573424901769817
5,989,popularity,1.0,1.0,1.0
5,989,random,0.2,0.5,0.44009306825027167
5,990,fixed-general,0.8,1.0,0.9513105500524313
5,990,fixed-specific,0.8,1.0,0.9562649741625527
5,990,learned,0.8,1.0,0.9513105500524313
5,990,popularity,0.6,1.0,0.8721445442095549
5,990,random,0.6,0.5,0.8432115724046808
5,991,fixed-general,0.4,0.5,0.6813304168460322
5,991,fixed-specific,0.4,0.25,0.6263815543987354
5,991,learned,0.4,0.3333333333333333,0.6462197861444444
5,991,popularity,0.8,1.0,0.7875898223183535
5,991,random,0.4,1.0,0.6221777500208441
5,992,fixed-general,0.8,1.0,0.7370032177444541
5,992,fixed-specific,0.8,1.0,0.8006742465327541
5,992,learned,0.8,1.0,0.7613123406265564
5,992,popularity,1.0,1.0,0.9622444836779346
5,992,random,0.6,1.0,0.5077617223495151
5,993,fixed-general,0.4,0.5,0.6100231885797929
5,993,fixed-specific,0.8,0.5,0.7255251831141858
5,993,learned,0.6,0.5,0.6439368697495294
5,993,popularity,1.0,1.0,0.8192680579198933
5,993,random,0.6,1.0,0.7262017099249687
5,994,fixed-general,0.8,1.0,0.7422514281901353
5,994,fixed-specific,0.6,1.0,0.6471404471659529
5,994,learned,0.8,1.0,0.7687200840618394
5,994,popularity,0.8,1.0,0.9272778566790537
5,994,random,0.2,0.3333333333333333,0.39470575720198847
5,995,fixed-general,0.0,0.0,0.16174285170544087
5,995,fixed-specific,0.4,1.0,0.5565573100278319
5,995,learned,0.2,0.3333333333333333,0.30573960425927144
5,995,popularity,0.8,1.0,0.9513105500524313
5,995,random,0.2,0.3333333333333333,0.5107506869015087
5,996,fixed-general,0.8,1.0,0.7488685921580613
5,996,fixed-specific,0.8,1.0,0.7488685921580613
5,996,learned,0.6,1.0,0.7119421443969476
5,996,popularity,0.8,1.0,0.7965953335317203
5,996,random,0.6,0.5,0.6534151094107434
5,997,fixed-general,0.6,0.3333333333333333,0.7327751229568087
5,997,fixed-specific,0.8,1.0,0.8546854522433548
5,997,learned,0.6,0.3333333333333333,0.7327751229568087
5,997,popularity,0.4,0.3333333333333333,0.6890310852757123
5,997,random,0.6,1.0,0.8724352548237995
5,998,fixed-general,0.2,0.5,0.49776040743644284
5,998,fixed-specific,0.4,1.0,0.6411235666596229
5,998,learned,0.2,1.0,0.5850262761521785
5,998,popularity,0.2,1.0,0.710533544641421
5,998,random,0.2,1.0,0.6307615347040754
6,700,fixed-general,0.8,1.0,0.8377049109374533
6,700,fixed-specific,0.8,1.0,0.8485052045499984
6,700,learned,0.8,1.0,0.8509392388733055
6,700,popularity,0.8,0.5,0.7965953335317203
6,700,random,0.4,0.5,0.6642154030232885
6,701,fixed-general,0.6,1.0,0.7265177384591679
6,701,fixed-specific,0.4,1.0,0.8135864315168695
6,701,learned,0.8,1.0,0.9492147449622255
6,701,popularity,0.4,1.0,0.7253145232956393
6,701,random,0.2,0.5,0.42060299306899224
6,702,fixed-general,0.0,0.0,0.49800371152160605
6,702,fixed-specific,0.0,0.0,0.5372406382720245
6,702,learned,0.0,0.0,0.5372406382720245
6,702,popularity,0.2,0.5,0.5947216969957364
6,702,random,0.6,1.0,0.7467598127458165
6,703,fixed-general,0.4,0.25,0.3831688366272349
6,703,fixed-specific,0.4,1.0,0.6471404471659529
6,703,learned,0.4,0.5,0.44051343145194427
6,703,popularity,0.6,1.0,0.7840976325580767
6,703,random,0.6,0.5,0.5903108195408473
6,704,fixed-general,0.4,1.0,0.664952029985497
6,704,fixed-specific,0.4,1.0,0.7376741733064434
6,704,learned,0.4,1.0,0.664952029985497
6,704,popularity,0.4,1.0,0.7471711847969628
6,704,random,0.0,0.0,0.41800375178817734
6,705,fixed-general,0.6,0.5,0.8382571482945591
6,705,fixed-specific,0.4,0.3333333333333333,0.5875006608237904
6,705,learned,0.4,1.0,0.8073137974986007
6,705,popularity,0.8,1.0,0.9026211001048624
6,705,random,0.8,1.0,0.9513105500524313
6,706,fixed-general,1.0,1.0,0.9306816431612379
6,706,fixed-specific,1.0,1.0,0.9634829125393233
6,706,learned,0.8,1.0,0.934397461243829
6,706,popularity,0.6,1.0,0.7462841819174089
6,706,random,1.0,1.0,0.9634829125393233
6,707,fixed-general,0.0,0.0,0.5991174948960775
6,707,fixed-specific,0.0,0.0,0.2836213926044732
6,707,learned,0.0,0.0,0.6655375395855885
6,707,popularity,0.2,0.5,0.692139191973986
6,707,random,0.2,0.2,0.48524376363986294
6,708,fixed-general,0.8,1.0,0.8445070435753451
6,708,fixed-specific,0.8,1.0,0.733837909402908
6,708,learned,0.8,1.0,0.8067515272532796
6,708,popularity,0.8,1.0,0.8516228203322161
6,708,random,0.8,0.5,0.6778505509192658
6,709,fixed-general,0.2,0.5,0.809948798153059
6,709,fixed-specific,0.2,1.0,0.7809849087978046
6,709,learned,0.2,1.0,0.8589761226757644
6,709,popularity,0.0,0.0,0.7319575842750994
6,709,random,0.0,0.0,0.5094831790614037
6,710,fixed-general,0.4,1.0,0.6204101403733518
6,710,fixed-specific,0.4,1.0,0.5938046827009306
6,710,learned,0.4,1.0,0.5977972596577186
6,710,popularity,0.4,0.3333333333333333,0.5110113523851549
6,710,random,0.2,0.3333333333333333,0.22938339238559377
6,711,fixed-general,0.4,1.0,0.5641113570541229
6,711,fixed-specific,0.4,0.3333333333333333,0.3736109698252987
6,711,learned,0.4,1.0,0.5375141533454851
6,711,popularity,0.6,1.0,0.8224338326450624
6,711,random,0.2,0.5,0.5292147205012194
6,712,fixed-general,1.0,1.0,0.8786928612209193
6,712,fixed-specific,1.0,1.0,0.8289121131198786
6,712,learned,1.0,1.0,0.8458915918428338
6,712,popularity,1.0,1.0,0.792395025659202
6,712,random,0.8,1.0,0.7611015405244298
6,713,fixed-general,0.0,0.0,0.45245105023218896
6,713,fixed-specific,0.2,0.25,0.4501278926499783
6,713,learned,0.2,0.2,0.47107135399103417
6,713,popularity,0.8,1.0,0.8304208239203289
6,713,random,0.2,0.5,0.4746877591622704
6,714,fixed-general,0.6,0.5,0.7409849207160721
6,714,fixed-specific,0.6,0.5,0.6418944442236618
6,714,learned,0.6,0.5,0.7409849207160721
6,714,popularity,0.6,1.0,0.8288007379818205
6,714,random,0.6,0.5,0.6898195965313587
6,715,fixed-general,0.4,0.3333333333333333,0.48302052127704476
6,715,fixed-specific,0.2,0.25,0.44062549561784276
6,715,learned,0.4,0.25,0.46383300871481165
6,715,popularity,1.0,1.0,0.9210878868801213
6,715,random,0.8,1.0,0.8093745043821573
6,716,fixed-general,0.4,0.5,0.743017365406463
6,716,fixed-specific,0.6,0.5,0.8340836952180293
6,716,learned,0.6,0.5,0.8248171863434257
6,716,popularity,0.2,0.5,0.5844302631406476
6,716,random,0.2,1.0,0.6169368061197086
6,717,fixed-general,0.4,1.0,0.5870671193192564
6,717,fixed-specific,0.6,1.0,0.8467424891435418
6,717,learned,0.4,1.0,0.5870671193192564
6,717,popularity,0.8,1.0,0.7025691138536491
6,717,random,0.6,0.5,0.6976887826649749
6,718,fixed-general,0.2,0.25,0.7882056066165838
6,718,fixed-specific,0.2,0.25,0.7882056066165838
6,718,learned,0.2,0.25,0.7882056066165838
6,718,popularity,0.2,0.5,0.8131504231744371
6,718,random,0.0,0.0,0.20537413216568134
6,719,fixed-general,0.6,1.0,0.8265104920858354
6,719,fixed-specific,0.8,0.5,0.7488685921580613
6,719,learned,0.8,1.0,0.8252072099638096
6,719,popularity,0.6,0.5,0.7530517218026804
6,719,random,0.0,0.0,0.3291674330087854
6,720,fixed-general,0.4,0.5,0.4495190023029947
6,720,fixed-specific,0.0,0.0,0.19801121805968142
6,720,learned,0.4,0.3333333333333333,0.37969729326902846
6,720,popularity,0.4,1.0,0.612367718370585
6,720,random,0.4,0.3333333333333333,0.6043276600561253
6,721,fixed-general,0.6,1.0,0.9054707072811292
6,721,fixed-specific,0.6,0.5,0.7460737248111275
6,721,learned,0.6,1.0,0.8413868503890358
6,721,popularity,0.6,1.0,0.7760997783334138
6,721,random,0.2,0.5,0.5221735031445413
6,722,fixed-general,0.6,1.0,0.6845831054216142
6,722,fixed-specific,0.4,0.25,0.4408988245834458
6,722,learned,0.4,0.5,0.49563122050332625
6,722,popularity,0.8,1.0,0.8617219301932404
6,722,random,0.4,1.0,0.640977429928856
6,723,fixed-general,0.8,1.0,0.9562649741625527
6,723,fixed-specific,1.0,1.0,1.0
6,723,learned,1.0,1.0,1.0
6,723,popularity,0.8,0.5,0.8869465982421281
6,723,random,1.0,1.0,1.0
6,724,fixed-general,0.4,1.0,0.45552661289417096
6,724,fixed-specific,0.4,1.0,0.4907709626878014
6,724,learned,0.4,1.0,0.45552661289417096
6,724,popularity,0.8,1.0,0.8570262815927502
6,724,random,0.4,1.0,0.46745501032846587
6,725,fixed-general,0.2,0.2,0.2709087337739823
6,725,fixed-specific,0.4,0.3333333333333333,0.5073565904088618
6,725,learned,0.2,0.2,0.3145416681318501
6,725,popularity,0.6,1.0,0.8796737474885313
6,725,random,0.2,0.3333333333333333,0.5198209465584382
6,726,fixed-general,0.8,1.0,0.839485221263159
6,726,fixed-specific,0.4,0.5,0.7080637285046522
6,726,learned,0.8,1.0,0.8787221480135774
6,726,popularity,0.8,1.0,0.8929737030300829
6,726,random,0.4,0.5,0.6914396824698671
6,727,fixed-general,0.4,0.5,0.6814687206992398
6,727,fixed-specific,0.4,0.5,0.7330409974680543
6,727,learned,0.8,0.5,0.773893196484256
6,727,popularity,0.8,1.0,0.9513105500524313
6,727,random,0.4,0.3333333333333333,0.6568190367442152
6,728,fixed-general,0.8,1.0,0.7965953335317203
6,728,fixed-specific,0.6,1.0,0.7227424380094927
6,728,learned,0.6,1.0,0.7227424380094927
6,728,popularity,0.8,1.0,0.8318243739317357
6,728,random,0.4,0.5,0.7787837507121763
6,729,fixed-general,0.6,0.5,0.695288469773353
6,729,fixed-specific,0.6,0.5,0.593717959697804
6,729,learned,0.4,0.5,0.605210377780608
6,729,popularity,0.6,1.0,0.833142417868829
6,729,random,0.6,1.0,0.8851308880701323
6,730,fixed-general,0.8,1.0,0.7955526459122501
6,730,fixed-specific,0.6,1.0,0.7643008730754077
6,730,learned,0.8,1.0,0.7995452228690382
6,730,popularity,0.8,1.0,0.8787221480135774
6,730,random,0.6,0.5,0.6708230594782938
6,731,fixed-general,0.2,0.5,0.5206952968055464
6,731,fixed-specific,0.4,1.0,0.6382866175020359
6,731,learned,0.6,0.5,0.6286928612209193
6,731,popularity,0.8,0.5,0.7187065148652279
6,731,random,0.4,0.3333333333333333,0.5715263906780399
6,732,fixed-general,0.8,1.0,0.8098296614675725
6,732,fixed-specific,0.8,0.5,0.5579616266634254
6,732,learned,0.8,1.0,0.7380682985455163
6,732,popularity,0.6,1.0,0.7812694729956967
6,732,random,0.6,1.0,0.6380892488747198
6,733,fixed-general,0.6,0.5,0.5634608948312463
6,733,fixed-specific,0.8,0.5,0.660839794726384
6,733,learned,0.6,0.5,0.5733697430514895
6,733,popularity,0.8,1.0,0.830419897363192
6,733,random,0.8,1.0,0.8687949224876583
6,734,fixed-general,0.6,1.0,0.8157101984732902
6,734,fixed-specific,0.2,1.0,0.5158912688588023
6,734,learned,0.6,1.0,0.8198933281179092
6,734,popularity,0.6,1.0,0.9219639748331533
6,734,random,0.2,0.25,0.5301380651537582
6,735,fixed-general,0.8,1.0,0.9026211001048624
6,735,fixed-specific,0.8,1.0,0.8869465982421281
6,735,learned,0.8,1.0,0.9026211001048624
6,735,popularity,0.6,1.0,0.759963590281844
6,735,random,0.6,1.0,0.7994765465672335
6,736,fixed-general,0.4,0.5,0.6917831836856678
6,736,fixed-specific,0.4,1.0,0.7543701539552121
6,736,learned,0.4,1.0,0.7543701539552121
6,736,popularity,0.6,1.0,0.7171987306219145
6,736,random,0.4,1.0,0.569972692711383
6,737,fixed-general,0.2,0.5,0.689305971630607
6,737,fixed-specific,0.2,0.3333333333333333,0.7231933675456027
6,737,learned,0.2,0.5,0.6942603957407286
6,737,popularity,0.4,1.0,0.823455094261986
6,737,random,0.2,0.3333333333333333,0.6794583417081554
6,738,fixed-general,0.4,0.5,0.6123055320050104
6,738,fixed-specific,0.2,0.5,0.5342695068381637
6,738,learned,0.4,0.5,0.6123055320050104
6,738,popularity,0.6,1.0,0.8401389452607603
6,738,random,0.6,1.0,0.8551223685179244
6,739,fixed-general,0.2,0.5,0.7379954215781759
6,739,fixed-specific,0.6,0.5,0.7408782483994215
6,739,learned,0.2,0.5,0.7379954215781759
6,739,popularity,0.6,1.0,0.8638404983775366
6,739,random,0.4,0.5,0.7458326725095431
6,740,fixed-general,0.6,0.5,0.8432115724046808
6,740,fixed-specific,0.4,0.3333333333333333,0.7669283933830501
6,740,learned,0.6,0.5,0.8432115724046808
6,740,popularity,0.4,1.0,0.8510488233360479
6,740,random,0.6,0.3333333333333333,0.8156178433306188
6,741,fixed-general,0.2,0.25,0.45911332919391035
6,741,fixed-specific,0.2,0.3333333333333333,0.4723476571297624
6,741,learned,0.2,0.2,0.4507470699046721
6,741,popularity,0.4,1.0,0.7115480191578747
6,741,random,0.4,0.3333333333333333,0.5604473489469459
6,742,fixed-general,0.2,0.5,0.4273013932087829
6,742,fixed-specific,0.4,0.3333333333333333,0.5437656349863431
6,742,learned,0.2,0.5,0.4194641422774157
6,742,popularity,0.6,1.0,0.7698724385020872
6,742,random,0.2,1.0,0.6031751626865247
6,743,fixed-general,0.8,0.5,0.773893196484256
6,743,fixed-specific,0.4,0.5,0.4966197691292077
6,743,learned,0.8,0.5,0.773893196484256
6,743,popularity,0.6,1.0,0.759963590281844
6,743,random,0.2,0.3333333333333333,0.35396225930618935
6,744,fixed-general,0.4,1.0,0.7747080168327296
6,744,fixed-specific,0.4,1.0,0.7411373088804037
6,744,learned,0.4,1.0,0.7747080168327296
6,744,popularity,0.4,1.0,0.6362284655893211
6,744,random,0.0,0.0,0.6234501170830696
6,745,fixed-general,0.8,1.0,0.7370032177444541
6,745,fixed-specific,0.8,1.0,0.7076078985378293
6,745,learned,0.8,1.0,0.6992477014223887
6,745,popularity,1.0,1.0,0.9184116866353436
6,745,random,0.2,0.25,0.33243053417915114
6,746,fixed-general,0.6,1.0,0.6362817813283655
6,746,fixed-specific,0.6,0.5,0.5531616126631075
6,746,learned,0.6,1.0,0.6124249864597758
6,746,popularity,0.6,1.0,0.7928533165444878
6,746,random,0.8,1.0,0.7147556348292026
6,747,fixed-general,0.4,1.0,0.7376741733064434
6,747,fixed-specific,0.2,0.5,0.5276523428702375
6,747,learned,0.4,1.0,0.6928272794553777
6,747,popularity,0.6,1.0,0.9219639748331533
6,747,random,0.2,0.2,0.5043543482840488
6,748,fixed-general,0.6,0.5,0.71736649560532
6,748,fixed-specific,0.4,0.5,0.6814687206992398
6,748,learned,0.6,0.5,0.71736649560532
6,748,popularity,0.6,1.0,0.8721445442095549
6,748,random,0.2,1.0,0.7231933675456027
6,749,fixed-general,0.6,1.0,0.8997382732836168
6,749,fixed-specific,0.4,1.0,0.7388678694083373
6,749,learned,0.6,1.0,0.8997382732836168
6,749,popularity,0.6,1.0,0.8588860742674151
6,749,random,0.2,0.5,0.35798301728835813
6,750,fixed-general,0.4,1.0,0.8510488233360479
6,750,fixed-specific,0.4,0.25,0.6877623875401737
6,750,learned,0.4,1.0,0.8362467693034749
6,750,popularity,0.6,0.5,0.830419897363192
6,750,random,0.4,0.5,0.7817304474156231
6,751,fixed-general,0.8,1.0,0.8369521714343382
6,751,fixed-specific,1.0,1.0,0.9306816431612379
6,751,learned,1.0,1.0,0.946503433816368
6,751,popularity,0.6,1.0,0.5980537119587681
6,751,random,0.2,0.2,0.3410180856924176
6,752,fixed-general,1.0,1.0,1.0
6,752,fixed-specific,1.0,1.0,0.9099863463556914
6,752,learned,1.0,1.0,1.0
6,752,popularity,1.0,1.0,0.8728149230223939
6,752,random,0.8,1.0,0.8140947545128576
6,753,fixed-general,0.8,1.0,0.7803155920659766
6,753,fixed-specific,0.6,0.5,0.6138650237321218
6,753,learned,0.8,1.0,0.7803155920659766
6,753,popularity,0.4,1.0,0.6320968658936986
6,753,random,0.0,0.0,0.22072290397036876
6,754,fixed-general,0.2,0.5,0.7271207070671541
6,754,fixed-specific,0.6,1.0,0.8851308880701323
6,754,learned,0.2,1.0,0.8020940134340654
6,754,popularity,0.4,1.0,0.7646073602506097
6,754,random,0.4,0.3333333333333333,0.5608633714915255
6,755,fixed-general,0.2,0.25,0.39396913023978003
6,755,fixed-specific,0.0,0.0,0.27064039802258133
6,755,learned,0.2,0.2,0.3856028709505419
6,755,popularity,0.4,1.0,0.6113447516061203
6,755,random,0.4,0.3333333333333333,0.5002229065996432
6,756,fixed-general,0.8,1.0,0.9125299483251055
6,756,fixed-specific,0.6,1.0,0.7974049492783576
6,756,learned,0.8,1.0,0.9562649741625527
6,756,popularity,1.0,1.0,1.0
6,756,random,0.4,0.5,0.5605780680100007
6,757,fixed-general,0.4,0.3333333333333333,0.6114876601296125
6,757,fixed-specific,0.2,0.2,0.597645146650096
6,757,learned,0.4,0.3333333333333333,0.6161209145669142
6,757,popularity,0.2,1.0,0.7291748519269466
6,757,random,0.2,1.0,0.6215700605570103
6,758,fixed-general,0.6,0.5,0.7994765465672335
6,758,fixed-specific,0.8,1.0,0.8573424901769817
6,758,learned,0.6,1.0,0.8412011934135963
6,758,popularity,1.0,1.0,1.0
6,758,random,0.6,1.0,0.7330409974680543
6,759,fixed-general,0.2,0.3333333333333333,0.42773232774227243
6,759,fixed-specific,0.4,0.25,0.43957233159810316
6,759,learned,0.2,0.3333333333333333,0.42773232774227243
6,759,popularity,0.6,1.0,0.8528197698640674
6,759,random,0.4,0.25,0.47956329348836535
6,760,fixed-general,0.0,0.0,0.5190632433752159
6,760,fixed-specific,0.0,0.0,0.5470922450249538
6,760,learned,0.0,0.0,0.4903999966340153
6,760,popularity,0.2,1.0,0.711349187345808
6,760,random,0.2,0.3333333333333333,0.8262798176699145
6,762,fixed-general,1.0,1.0,0.9137021644382827
6,762,fixed-specific,1.0,1.0,0.9137021644382827
6,762,learned,1.0,1.0,0.9137021644382827
6,762,popularity,1.0,1.0,0.8786928612209193
6,762,random,1.0,1.0,0.9099863463556914
6,763,fixed-general,0.6,1.0,0.6416540353993081
6,763,fixed-specific,0.6,1.0,0.7304903541787
6,763,learned,0.6,1.0,0.6500202946885463
6,763,popularity,0.6,1.0,0.8318243739317357
6,763,random,0.4,0.25,0.485239483342479
6,764,fixed-general,0.0,0.0,0.3825133712775505
6,764,fixed-specific,0.2,0.5,0.46693704738064085
6,764,learned,0.0,0.0,0.3825133712775505
6,764,popularity,0.4,1.0,0.6700780675317389
6,764,random,0.4,1.0,0.6757324834213935
6,765,fixed-general,1.0,1.0,0.9671987306219145
6,765,fixed-specific,1.0,1.0,0.9634829125393233
6,765,learned,1.0,1.0,1.0
6,765,popularity,1.0,1.0,0.9576049743407979
6,765,random,1.0,1.0,0.9306816431612379
6,766,fixed-general,0.6,0.5,0.4977919661607221
6,766,fixed-specific,0.6,1.0,0.5921757737602427
6,766,learned,0.6,0.5,0.430027307288617
6,766,popularity,0.8,1.0,0.7499999999999999
6,766,random,0.4,0.5,0.39722603791053157
6,767,fixed-general,0.6,1.0,0.6976611218841932
6,767,fixed-specific,1.0,1.0,0.946503433816368
6,767,learned,0.8,1.0,0.7304623912622786
6,767,popularity,0.8,1.0,0.934397461243829
6,767,random,1.0,1.0,0.9671987306219145
6,768,fixed-general,1.0,1.0,0.8458915918428338
6,768,fixed-specific,0.8,1.0,0.7193608507378487
6,768,learned,1.0,1.0,0.8289121131198786
6,768,popularity,1.0,1.0,0.915209948681596
6,768,random,0.8,0.5,0.7187065148652279
6,769,fixed-general,0.6,0.3333333333333333,0.6778438561982135
6,769,fixed-specific,0.6,0.5,0.702839258145501
6,769,learned,0.6,0.3333333333333333,0.6778438561982135
6,769,popularity,0.4,1.0,0.678580483160422
6,769,random,0.6,1.0,0.6858159902483788
6,770,fixed-general,0.4,0.5,0.6686770456577511
6,770,fixed-specific,0.2,0.3333333333333333,0.5614505158401619
6,770,learned,0.2,0.5,0.5812069939828566
6,770,popularity,0.6,1.0,0.8997382732836168
6,770,random,0.4,0.5,0.5939986690243453
6,771,fixed-general,0.8,0.5,0.7316024638347113
6,771,fixed-specific,0.8,0.5,0.7594388642839223
6,771,learned,0.8,0.5,0.7316024638347113
6,771,popularity,1.0,1.0,0.8970145361322207
6,771,random,0.4,0.5,0.4945211940454
6,772,fixed-general,0.4,0.3333333333333333,0.6022784010873978
6,772,fixed-specific,0.6,1.0,0.8082787247850556
6,772,learned,0.6,0.5,0.6847058519944287
6,772,popularity,0.4,1.0,0.6597740229466379
6,772,random,0.2,1.0,0.4822746177608074
6,773,fixed-general,1.0,1.0,0.8985863659253792
6,773,fixed-specific,1.0,1.0,0.8985863659253792
6,773,learned,1.0,1.0,0.8985863659253792
6,773,popularity,0.6,1.0,0.7273871039071997
6,773,random,1.0,1.0,0.8450978841584552
6,774,fixed-general,0.4,0.5,0.629966046789367
6,774,fixed-specific,0.6,0.5,0.7436842500838344
6,774,learned,0.4,0.3333333333333333,0.6180376493550721
6,774,popularity,1.0,1.0,0.8969662799868708
6,774,random,0.6,1.0,0.7131355488906943
6,775,fixed-general,1.0,1.0,0.8984294899244509
6,775,fixed-specific,0.8,1.0,0.923220509861574
6,775,learned,0.8,1.0,0.902880690650577
6,775,popularity,1.0,1.0,0.8984294899244509
6,775,random,1.0,1.0,0.8984294899244509
6,776,fixed-general,0.6,0.3333333333333333,0.48948240936121984
6,776,fixed-specific,0.4,1.0,0.4917178549294165
6,776,learned,0.6,0.3333333333333333,0.5233960905309564
6,776,popularity,0.6,1.0,0.7629187302106887
6,776,random,0.2,1.0,0.5653079995905711
6,777,fixed-general,0.2,1.0,0.6386061426919539
6,777,fixed-specific,0.2,1.0,0.5805358577225843
6,777,learned,0.2,1.0,0.6386061426919539
6,777,popularity,0.8,1.0,0.9513105500524313
6,777,random,0.0,0.0,0.38202278328090217
6,778,fixed-general,0.4,1.0,0.7433080782982827
6,778,fixed-specific,0.4,1.0,0.7433080782982827
6,778,learned,0.4,1.0,0.7433080782982827
6,778,popularity,0.6,1.0,0.8161692689038234
6,778,random,0.0,0.0,0.3882780851839266
6,779,fixed-general,0.6,0.5,0.6169369848238685
6,779,fixed-specific,0.8,1.0,0.6965034338163681
6,779,learned,0.6,0.5,0.5921757737602427
6,779,popularity,0.8,1.0,0.7632636606403641
6,779,random,0.8,1.0,0.8168061405473396
6,780,fixed-general,0.8,1.0,0.800211808016522
6,780,fixed-specific,0.8,0.5,0.655112516771842
6,780,learned,0.8,1.0,0.800211808016522
6,780,popularity,0.4,0.3333333333333333,0.5312688173550394
6,780,random,0.0,0.0,0.27482352766720036
6,781,fixed-general,0.8,1.0,0.8941645557005614
6,781,fixed-specific,0.8,1.0,0.8506118419735341
6,781,learned,0.8,1.0,0.8602055982546507
6,781,popularity,0.6,1.0,0.8189682606632739
6,781,random,0.6,1.0,0.7997807481010407
6,782,fixed-general,1.0,1.0,0.868501608872227
6,782,fixed-specific,0.6,1.0,0.7689960109312144
6,782,learned,1.0,1.0,0.8745788895927525
6,782,popularity,0.8,1.0,0.8154262227675645
6,782,random,0.6,1.0,0.6587363168110582
6,783,fixed-general,0.2,0.5,0.47842946546344495
6,783,fixed-specific,0.2,0.3333333333333333,0.49816631606645584
6,783,learned,0.2,0.5,0.5221735031445413
6,783,popularity,0.6,1.0,0.7823571628310546
6,783,random,0.2,0.2,0.2561518412648785
6,784,fixed-general,0.4,0.25,0.6179060110269409
6,784,fixed-specific,0.4,1.0,0.6745292682578647
6,784,learned,0.4,0.3333333333333333,0.5812031907025226
6,784,popularity,0.6,0.5,0.7531149421678056
6,784,random,0.4,1.0,0.7372263236829345
6,785,fixed-general,0.4,1.0,0.778127659688703
6,785,fixed-specific,0.2,1.0,0.6496213572610726
6,785,learned,0.4,1.0,0.771581199413868
6,785,popularity,0.4,1.0,0.7326412798935159
6,785,random,0.2,0.25,0.4369763982110077
6,786,fixed-general,0.6,1.0,0.632458835119261
6,786,fixed-specific,0.6,0.5,0.6893285855495341
6,786,learned,0.6,0.5,0.6001040727069384
6,786,popularity,1.0,1.0,0.9069336520050753
6,786,random,0.6,1.0,0.5969862351921109
6,787,fixed-general,0.4,1.0,0.8023593733884791
6,787,fixed-specific,0.4,1.0,0.7507870966196646
6,787,learned,0.4,1.0,0.7945221224571118
6,787,popularity,0.2,1.0,0.6307688917605867
6,787,random,0.0,0.0,0.45917841013269417
6,788,fixed-general,0.6,1.0,0.7716485776072879
6,788,fixed-specific,0.8,0.5,0.7968589798489021
6,788,learned,0.6,1.0,0.7760997783334138
6,788,popularity,0.6,1.0,0.6275922453382301
6,788,random,0.4,0.3333333333333333,0.47963268062697356
6,789,fixed-general,0.8,1.0,0.7273871039071997
6,789,fixed-specific,0.8,1.0,0.7729397651966169
6,789,learned,0.8,1.0,0.753992561579621
6,789,popularity,0.8,1.0,0.8577293532364525
6,789,random,0.8,1.0,0.7939325599737419
6,790,fixed-general,0.4,0.25,0.6009934498391536
6,790,fixed-specific,0.4,0.5,0.5892309245402364
6,790,learned,0.4,1.0,0.7356087574146921
6,790,popularity,0.4,1.0,0.7614498191710916
6,790,random,0.0,0.0,0.42316941347687087
6,791,fixed-general,0.8,1.0,0.9562649741625527
6,791,fixed-specific,0.8,1.0,0.928671245088491
6,791,learned,0.8,1.0,0.9562649741625527
6,791,popularity,0.4,1.0,0.8362467693034749
6,791,random,0.2,0.25,0.6023027148563634
6,792,fixed-general,0.6,1.0,0.8083513979317062
6,792,fixed-specific,0.4,1.0,0.6249472283836189
6,792,learned,0.6,1.0,0.8153926152883844
6,792,popularity,0.4,1.0,0.7513087583962909
6,792,random,0.2,1.0,0.661230666403546
6,793,fixed-general,0.6,1.0,0.7037660633855005
6,793,fixed-specific,0.4,1.0,0.7037660633855005
6,793,learned,0.6,1.0,0.7354442989870402
6,793,popularity,1.0,1.0,0.9184116866353436
6,793,random,0.8,1.0,0.8730199708353388
6,794,fixed-general,1.0,1.0,0.9306816431612379
6,794,fixed-specific,1.0,1.0,0.9671987306219145
6,794,learned,1.0,1.0,0.9306816431612379
6,794,popularity,0.8,1.0,0.915209948681596
6,794,random,0.8,0.5,0.734528305520358
6,795,fixed-general,1.0,1.0,0.8969662799868708
6,795,fixed-specific,0.8,1.0,0.7261431897542433
6,795,learned,1.0,1.0,0.8633420161317488
6,795,popularity,0.8,1.0,0.8320902432949063
6,795,random,0.8,1.0,0.9647556502063696
6,796,fixed-general,0.4,1.0,0.6434031307206202
6,796,fixed-specific,0.2,1.0,0.5503836822966092
6,796,learned,0.4,1.0,0.6434031307206202
6,796,popularity,0.8,1.0,0.9331583936847713
6,796,random,0.2,1.0,0.6197110108953584
6,797,fixed-general,1.0,1.0,0.8514136186974538
6,797,fixed-specific,0.6,1.0,0.7028272373949077
6,797,learned,1.0,1.0,0.8906505454478724
6,797,popularity,0.8,1.0,0.8291769097673723
6,797,random,0.6,1.0,0.5878651199474837
6,798,fixed-general,0.0,0.0,0.46706542157349196
6,798,fixed-specific,0.0,0.0,0.412891906921622
6,798,learned,0.0,0.0,0.4732023464290716
6,798,popularity,0.0,0.0,0.412891906921622
6,798,random,0.2,0.2,0.6095921331266362
6,799,fixed-general,0.6,1.0,0.828088248534717
6,799,fixed-specific,0.4,0.5,0.7386131251499581
6,799,learned,0.6,1.0,0.848428067745714
6,799,popularity,0.6,1.0,0.8661778703261588
6,799,random,0.4,0.3333333333333333,0.5919117759262892
6,800,fixed-general,0.6,1.0,0.8039001972055801
6,800,fixed-specific,0.6,1.0,0.7906015953512613
6,800,learned,0.6,1.0,0.8039001972055801
6,800,popularity,0.6,1.0,0.8153926152883844
6,800,random,0.4,1.0,0.7075647207151946
6,801,fixed-general,0.8,1.0,0.8421757737602428
6,801,fixed-specific,0.6,1.0,0.7765732350040719
6,801,learned,0.8,1.0,0.7976186279851065
6,801,popularity,0.8,1.0,0.8930068676327362
6,801,random,1.0,1.0,0.9137021644382827
6,802,fixed-general,0.0,0.0,0.49184527698376596
6,802,fixed-specific,0.0,0.0,0.4436564214333959
6,802,learned,0.0,0.0,0.540034132534136
6,802,popularity,0.2,0.25,0.5991409204833705
6,802,random,0.0,0.0,0.31363107068358853
6,803,fixed-general,0.2,1.0,0.5926956087853267
6,803,fixed-specific,0.2,0.5,0.5685075574561899
6,803,learned,0.2,1.0,0.6059942106396455
6,803,popularity,0.4,1.0,0.640890847192549
6,803,random,0.2,1.0,0.5419103537475521
6,804,fixed-general,0.4,1.0,0.7433080782982827
6,804,fixed-specific,0.4,0.5,0.4477554016316986
6,804,learned,0.4,1.0,0.640977429928856
6,804,popularity,0.4,1.0,0.5526207701538532
6,804,random,0.0,0.0,0.25269934474492933
6,805,fixed-general,0.4,0.5,0.6164886616496296
6,805,fixed-specific,0.6,1.0,0.7924122038871013
6,805,learned,0.4,0.3333333333333333,0.5914932597023421
6,805,popularity,0.8,1.0,0.8377049109374533
6,805,random,0.2,0.3333333333333333,0.5802988408507241
6,806,fixed-general,0.0,0.0,0.5159161186469007
6,806,fixed-specific,0.2,0.2,0.3913607724057434
6,806,learned,0.0,0.0,0.5159161186469007
6,806,popularity,0.2,0.3333333333333333,0.6104454113657715
6,806,random,0.4,1.0,0.7372263236829345
6,807,fixed-general,1.0,1.0,0.8713071387790806
6,807,fixed-specific,1.0,1.0,0.9671987306219145
6,807,learned,1.0,1.0,0.9099863463556914
6,807,popularity,1.0,1.0,0.9671987306219145
6,807,random,1.0,1.0,0.9634829125393233
6,808,fixed-general,0.2,0.2,0.46022976037995256
6,808,fixed-specific,0.4,0.3333333333333333,0.46022976037995256
6,808,learned,0.2,0.25,0.4694962692545559
6,808,popularity,0.4,1.0,0.8137278707751517
6,808,random,0.2,0.25,0.5223586366764944
6,809,fixed-general,0.4,0.3333333333333333,0.519337771541213
6,809,fixed-specific,0.6,0.5,0.6791988262804527
6,809,learned,0.4,0.5,0.5927965418243678
6,809,popularity,0.8,1.0,0.8986659802469644
6,809,random,0.4,1.0,0.5337028516783464
6,810,fixed-general,0.6,0.5,0.8382571482945591
6,810,fixed-specific,0.6,0.5,0.8432115724046808
6,810,learned,0.6,0.5,0.8382571482945591
6,810,popularity,0.8,1.0,0.9562649741625527
6,810,random,0.2,0.3333333333333333,0.7231933675456027
6,811,fixed-general,0.6,1.0,0.8460943992259263
6,811,fixed-specific,0.4,1.0,0.7925117434660276
6,811,learned,0.4,1.0,0.787557319355906
6,811,popularity,0.8,1.0,0.9434732991210639
6,811,random,0.4,1.0,0.8362467693034749
6,812,fixed-general,0.6,1.0,0.9169631253639333
6,812,fixed-specific,0.8,1.0,0.8609428367409954
6,812,learned,0.8,1.0,0.9562559623189038
6,812,popularity,0.6,0.5,0.7531149421678056
6,812,random,0.2,1.0,0.5856543914286485
6,813,fixed-general,0.8,1.0,0.8809008950601972
6,813,fixed-specific,0.6,1.0,0.7713496326781674
6,813,learned,0.8,1.0,0.8480996256821117
6,813,popularity,0.4,0.5,0.6265307411049851
6,813,random,0.2,0.2,0.427315921254135
6,814,fixed-general,0.6,0.5,0.7575661428939316
6,814,fixed-specific,0.4,0.5,0.6745292682578647
6,814,learned,0.6,0.5,0.7575661428939316
6,814,popularity,0.8,1.0,0.8591366529694805
6,814,random,0.4,1.0,0.7513087583962909
6,815,fixed-general,0.6,1.0,0.8198933281179092
6,815,fixed-specific,0.4,0.5,0.6339061192301007
6,815,learned,0.6,0.5,0.7721665867442502
6,815,popularity,0.8,1.0,0.8634369398469492
6,815,random,0.2,0.25,0.5670645129148719
6,816,fixed-general,1.0,1.0,0.8745788895927525
6,816,fixed-specific,1.0,1.0,0.8631008549624842
6,816,learned,1.0,1.0,0.9069336520050753
6,816,popularity,1.0,1.0,0.8970145361322207
6,816,random,0.8,0.5,0.6816923860715948
6,817,fixed-general,0.8,0.5,0.6667177329249093
6,817,fixed-specific,0.8,0.5,0.6704335510075005
6,817,learned,0.8,0.5,0.6556161924004794
6,817,popularity,1.0,1.0,0.9306816431612379
6,817,random,0.8,1.0,0.7187065148652279
6,818,fixed-general,0.0,0.0,0.5355996169582665
6,818,fixed-specific,0.2,0.2,0.6406588868740019
6,818,learned,0.0,0.0,0.5978078322698426
6,818,popularity,0.2,1.0,0.6940733262461635
6,818,random,0.0,0.0,0.5355996169582665
6,819,fixed-general,1.0,1.0,0.8984294899244509
6,819,fixed-specific,0.8,1.0,0.8109414145622583
6,819,learned,1.0,1.0,0.8984294899244509
6,819,popularity,0.6,1.0,0.7531149421678056
6,819,random,0.6,1.0,0.7557599591224168
6,820,fixed-general,0.8,1.0,0.7666240306576183
6,820,fixed-specific,0.6,1.0,0.7785524280919133
6,820,learned,0.8,1.0,0.7603082961186196
6,820,popularity,1.0,1.0,0.8985863659253792
6,820,random,0.8,0.5,0.807481043346545
6,822,fixed-general,0.6,1.0,0.8248461988617992
6,822,fixed-specific,0.6,1.0,0.687609927131216
6,822,learned,0.8,1.0,0.8904487376179702
6,822,popularity,1.0,1.0,0.9306816431612379
6,822,random,0.2,1.0,0.46197512829601006
6,823,fixed-general,0.2,0.3333333333333333,0.5088749012902224
6,823,fixed-specific,0.2,0.3333333333333333,0.5044237005640966
6,823,learned,0.2,0.2,0.4858900651246143
6,823,popularity,0.4,1.0,0.7646073602506097
6,823,random,0.2,0.3333333333333333,0.6497382483207419
6,824,fixed-general,1.0,1.0,0.8882866175020359
6,824,fixed-specific,1.0,1.0,0.861713382497964
6,824,learned,1.0,1.0,0.8882866175020359
6,824,popularity,0.8,0.5,0.7515077842433132
6,824,random,0.6,0.3333333333333333,0.6482304699586406
6,825,fixed-general,0.2,0.25,0.2606030419910044
6,825,fixed-specific,0.4,0.5,0.6700780675317389
6,825,learned,0.2,0.2,0.2561518412648785
6,825,popularity,0.4,1.0,0.7398163403134869
6,825,random,0.4,0.25,0.4522516440592984
6,826,fixed-general,0.6,1.0,0.7907551306598996
6,826,fixed-specific,0.4,0.25,0.5787069222038156
6,826,learned,0.4,1.0,0.6922880287552322
6,826,popularity,0.6,1.0,0.7053249821429143
6,826,random,0.4,0.5,0.5444312718085166
6,827,fixed-general,0.4,1.0,0.6952613137786847
6,827,fixed-specific,0.8,1.0,0.8621336577249233
6,827,learned,0.4,1.0,0.6994444434233038
6,827,popularity,0.6,1.0,0.7774804685901505
6,827,random,0.4,1.0,0.6022935533148873
6,828,fixed-general,0.4,0.25,0.5009604439914881
6,828,fixed-specific,0.6,0.5,0.6176593880577322
6,828,learned,0.6,0.3333333333333333,0.5787069222038156
6,828,popularity,0.8,1.0,0.86917813568301
6,828,random,0.6,1.0,0.6698523822157639
6,829,fixed-general,0.4,1.0,0.7239277218286156
6,829,fixed-specific,0.6,1.0,0.7823571628310546
6,829,learned,0.6,1.0,0.7817541942230685
6,829,popularity,0.6,1.0,0.8083513979317062
6,829,random,0.2,0.25,0.43774982704145093
6,830,fixed-general,0.8,1.0,0.8029932139884277
6,830,fixed-specific,0.8,1.0,0.8362978355617173
6,830,learned,0.8,1.0,0.7971152757899023
6,830,popularity,0.6,0.3333333333333333,0.6810317393367261
6,830,random,0.8,1.0,0.8034965661836319
6,831,fixed-general,0.4,0.3333333333333333,0.6423779509921156
6,831,fixed-specific,0.4,0.5,0.6691758554049811
6,831,learned,0.4,0.5,0.6653340202526522
6,831,popularity,0.8,1.0,0.8154262227675645
6,831,random,0.4,0.3333333333333333,0.4424843039770828
6,832,fixed-general,0.0,0.0,0.5817247747292718
6,832,fixed-specific,0.0,0.0,0.6423232684404256
6,832,learned,0.2,0.2,0.6180838530188848
6,832,popularity,0.4,1.0,0.9220087861220404
6,832,random,0.2,0.5,0.634928079506067
6,833,fixed-general,0.4,1.0,0.6960723026323905
6,833,fixed-specific,0.4,0.5,0.6007591770544821
6,833,learned,0.4,1.0,0.6960723026323905
6,833,popularity,0.8,1.0,0.9562559623189038
6,833,random,0.2,0.3333333333333333,0.3820939889730593
6,834,fixed-general,0.0,0.0,0.5936819542839383
6,834,fixed-specific,0.0,0.0,0.5313987620087507
6,834,learned,0.0,0.0,0.6327211075666093
6,834,popularity,0.2,1.0,0.7268837093596988
6,834,random,0.2,0.3333333333333333,0.3190900368830207
6,835,fixed-general,0.8,1.0,0.8198438160145101
6,835,fixed-specific,0.8,1.0,0.8476442348866765
6,835,learned,1.0,1.0,0.8984294899244509
6,835,popularity,0.8,1.0,0.8591366529694805
6,835,random,0.4,0.3333333333333333,0.48853508207922547
6,836,fixed-general,0.8,1.0,0.8706290710522846
6,836,fixed-specific,0.6,1.0,0.8224338326450624
6,836,learned,0.8,1.0,0.8617266696000329
6,836,popularity,0.8,1.0,0.8406030175299983
6,836,random,1.0,1.0,0.9421735276055474
6,837,fixed-general,0.8,1.0,0.8400136536443085
6,837,fixed-specific,0.8,1.0,0.7643140064118168
6,837,learned,0.8,1.0,0.7605981883292258
6,837,popularity,0.8,1.0,0.6515961918657437
6,837,random,0.6,1.0,0.6456723399438746
6,838,fixed-general,0.8,1.0,0.934397461243829
6,838,fixed-specific,0.8,1.0,0.8930068676327362
6,838,learned,0.8,1.0,0.8930068676327362
6,838,popularity,1.0,1.0,1.0
6,838,random,0.6,1.0,0.6992148198508501
6,839,fixed-general,0.2,0.5,0.7717478329941698
6,839,fixed-specific,0.4,1.0,0.8442365027597128
6,839,learned,0.2,1.0,0.8153807673520377
6,839,popularity,0.0,0.0,0.5789329107171581
6,839,random,0.4,1.0,0.8899717613116096
6,840,fixed-general,0.2,0.25,0.6298491852468286
6,840,fixed-specific,0.2,0.5,0.6669006102835531
6,840,learned,0.2,0.5,0.6617195943057794
6,840,popularity,0.4,1.0,0.8390554867819391
6,840,random,0.6,0.5,0.6910634735995775
6,841,fixed-general,0.0,0.0,0.47404506449086103
6,841,fixed-specific,0.4,0.5,0.5126689196130734
6,841,learned,0.2,0.5,0.4799256014965786
6,841,popularity,0.8,1.0,0.8401389452607603
6,841,random,0.6,0.3333333333333333,0.6409174084370997
6,842,fixed-general,0.0,0.0,0.38404287582770874
6,842,fixed-specific,0.0,0.0,0.5270555058511343
6,842,learned,0.0,0.0,0.38404287582770874
6,842,popularity,0.2,0.25,0.697385711881249
6,842,random,0.0,0.0,0.28886566449505335
6,843,fixed-general,0.6,0.5,0.5795622138885157
6,843,fixed-specific,1.0,1.0,0.8812485226664931
6,843,learned,0.6,1.0,0.6500202946885463
6,843,popularity,0.6,1.0,0.8098296614675725
6,843,random,0.8,1.0,0.8920488162790383
6,844,fixed-general,0.4,0.5,0.7053249804290215
6,844,fixed-specific,0.4,0.5,0.6600322733786694
6,844,learned,0.4,0.5,0.7185593083648736
6,844,popularity,0.8,1.0,0.952273258626341
6,844,random,0.2,0.25,0.3880885932340625
6,845,fixed-general,0.4,0.25,0.6877623875401737
6,845,fixed-specific,0.2,0.5,0.5453092190767765
6,845,learned,0.4,0.3333333333333333,0.7281477916557243
6,845,popularity,1.0,1.0,1.0
6,845,random,0.4,1.0,0.6292253076701532
6,846,fixed-general,0.6,0.3333333333333333,0.6445146518760495
6,846,fixed-specific,0.8,0.5,0.7441220618014746
6,846,learned,0.6,0.3333333333333333,0.6906254956178427
6,846,popularity,1.0,1.0,1.0
6,846,random,0.6,1.0,0.8130903224647484
6,847,fixed-general,1.0,1.0,0.8058609574080366
6,847,fixed-specific,0.8,1.0,0.7706166076144062
6,847,learned,1.0,1.0,0.8058609574080366
6,847,popularity,1.0,1.0,0.9896916885042134
6,847,random,0.8,1.0,0.8098535343648248
6,848,fixed-general,0.2,0.3333333333333333,0.7231933675456027
6,848,fixed-specific,0.2,0.25,0.6440273617027265
6,848,learned,0.2,0.25,0.6716210907767882
6,848,popularity,0.8,1.0,0.9026211001048624
6,848,random,0.2,0.5,0.6406165216830383
6,849,fixed-general,0.2,1.0,0.5026175167925817
6,849,fixed-specific,0.4,1.0,0.762801176479095
6,849,learned,0.2,1.0,0.636439646466423
6,849,popularity,0.4,1.0,0.7698423938357731
6,849,random,0.4,1.0,0.7057585369436797
6,850,fixed-general,0.4,0.5,0.5674131676796129
6,850,fixed-specific,0.4,0.3333333333333333,0.5446356162402771
6,850,learned,0.4,0.5,0.5650900100974023
6,850,popularity,0.8,1.0,0.9112178350033764
6,850,random,0.0,0.0,0.45245105023218896
6,851,fixed-general,0.0,0.0,0.4648630148172542
6,851,fixed-specific,0.0,0.0,0.4703121608073503
6,851,learned,0.0,0.0,0.4648630148172542
6,851,popularity,0.4,1.0,0.7866704737861868
6,851,random,0.2,1.0,0.6882749414584652
6,852,fixed-general,0.4,1.0,0.5969258111757201
6,852,fixed-specific,0.2,0.5,0.28396677047333696
6,852,learned,0.4,0.3333333333333333,0.42638568038262525
6,852,popularity,0.2,0.5,0.3944388182988946
6,852,random,0.2,0.2,0.26049758067610007
6,853,fixed-general,1.0,1.0,0.8458915918428338
6,853,fixed-specific,0.6,1.0,0.5857944833665131
6,853,learned,0.8,1.0,0.8130903224647484
6,853,popularity,0.6,1.0,0.6626977323901736
6,853,random,0.4,1.0,0.6261806449294969
6,854,fixed-general,0.8,1.0,0.7965953335317203
6,854,fixed-specific,0.4,1.0,0.7060616073912299
6,854,learned,0.8,1.0,0.7840976325580767
6,854,popularity,0.8,1.0,0.8551223685179244
6,854,random,0.4,0.3333333333333333,0.519337771541213
6,855,fixed-general,0.6,0.5,0.6362817813283655
6,855,fixed-specific,0.4,0.5,0.4659995336049921
6,855,learned,0.6,0.3333333333333333,0.6350378671754091
6,855,popularity,0.8,1.0,0.9192029889169524
6,855,random,0.6,1.0,0.6307184518691384
6,856,fixed-general,0.4,1.0,0.6635903106444891
6,856,fixed-specific,0.2,1.0,0.5372406382720245
6,856,learned,0.2,1.0,0.5578572612635978
6,856,popularity,0.4,0.5,0.6977554170088656
6,856,random,0.6,1.0,0.8331694867241604
6,857,fixed-general,0.2,0.2,0.5416940376974672
6,857,fixed-specific,0.4,0.5,0.7866848715257447
6,857,learned,0.2,0.2,0.5486588407986731
6,857,popularity,0.6,0.5,0.7408782483994215
6,857,random,0.0,0.0,0.29656311059709206
6,858,fixed-general,1.0,1.0,0.8984294899244509
6,858,fixed-specific,1.0,1.0,1.0
6,858,learned,1.0,1.0,0.9421735276055474
6,858,popularity,0.8,1.0,0.8591366529694805
6,858,random,0.6,1.0,0.7835603779945831
6,859,fixed-general,0.4,0.5,0.6833302679648583
6,859,fixed-specific,0.2,0.5,0.5509503374564264
6,859,learned,0.4,0.5,0.6833302679648583
6,859,popularity,0.2,1.0,0.6458371650439272
6,859,random,0.2,0.3333333333333333,0.5134572345354953
6,860,fixed-general,0.2,0.5,0.6630368501750608
6,860,fixed-specific,0.4,0.5,0.7138221052128352
6,860,learned,0.4,0.5,0.7023296871300311
6,860,popularity,0.6,1.0,0.8083513979317062
6,860,random,0.4,0.5,0.6148416117678385
6,861,fixed-general,0.4,1.0,0.7846744925346604
6,861,fixed-specific,0.2,0.5,0.6942603957407286
6,861,learned,0.2,0.5,0.7379954215781759
6,861,popularity,0.4,1.0,0.7945221224571118
6,861,random,0.0,0.0,0.5536132649087947
6,862,fixed-general,0.4,0.5,0.6402743582851536
6,862,fixed-specific,0.6,1.0,0.7234438603864809
6,862,learned,0.4,0.5,0.6402743582851536
6,862,popularity,0.8,1.0,0.8058609574080366
6,862,random,0.6,0.5,0.5717819164219526
6,863,fixed-general,0.2,1.0,0.8109353138667866
6,863,fixed-specific,0.4,0.3333333333333333,0.8504887988917714
6,863,learned,0.2,1.0,0.8591241694171567
6,863,popularity,0.0,0.0,0.672274592591594
6,863,random,0.0,0.0,0.6809099631169793
6,864,fixed-general,0.6,0.3333333333333333,0.7102053133315887
6,864,fixed-specific,0.6,0.5,0.7830714603552418
6,864,learned,0.6,0.3333333333333333,0.7102053133315887
6,864,popularity,0.8,1.0,0.8368233732706873
6,864,random,0.6,0.5,0.5623485563848729
6,865,fixed-general,0.6,1.0,0.907575524214984
6,865,fixed-specific,0.8,1.0,0.928671245088491
6,865,learned,0.4,1.0,0.8510488233360479
6,865,popularity,1.0,1.0,1.0
6,865,random,0.8,1.0,0.9513105500524313
6,866,fixed-general,0.4,1.0,0.6675828876012772
6,866,fixed-specific,0.6,1.0,0.7546956332233233
6,866,learned,0.4,1.0,0.6988346604381197
6,866,popularity,0.8,1.0,0.8554061956542419
6,866,random,0.8,1.0,0.8161692689038234
6,867,fixed-general,0.8,1.0,0.928671245088491
6,867,fixed-specific,0.4,0.25,0.5033802308707924
6,867,learned,0.6,1.0,0.8849362192510436
6,867,popularity,0.8,1.0,0.9434732991210639
6,867,random,0.8,1.0,0.8869465982421281
6,868,fixed-general,0.0,0.0,0.7467366458934469
6,868,fixed-specific,0.0,0.0,0.7467366458934469
6,868,learned,0.0,0.0,0.7467366458934469
6,868,popularity,0.2,0.3333333333333333,0.8733683229467235
6,868,random,0.0,0.0,0.7467366458934469
6,869,fixed-general,0.6,1.0,0.7744111148881376
6,869,fixed-specific,1.0,1.0,1.0
6,869,learned,0.8,1.0,0.9015961918657437
6,869,popularity,1.0,1.0,1.0
6,869,random,0.6,0.3333333333333333,0.5003500961754881
6,870,fixed-general,0.2,0.25,0.5526189389713188
6,870,fixed-specific,0.2,0.5,0.5844511762651199
6,870,learned,0.4,0.25,0.6312046128812596
6,870,popularity,0.2,1.0,0.6041880268681308
6,870,random,0.4,1.0,0.6245278460791278
6,871,fixed-general,0.4,0.25,0.4616555840244296
6,871,fixed-specific,0.2,1.0,0.5870338659231394
6,871,learned,0.4,0.5,0.5069341939523102
6,871,popularity,0.6,0.5,0.6278248466415495
6,871,random,0.6,1.0,0.8101966243198463
6,872,fixed-general,0.6,1.0,0.6803315469857498
6,872,fixed-specific,0.8,1.0,0.8263998968284562
6,872,learned,0.6,1.0,0.6692300064613198
6,872,popularity,1.0,1.0,0.9306816431612379
6,872,random,0.8,1.0,0.7691415988388896
6,873,fixed-general,1.0,1.0,0.9377223268794214
6,873,fixed-specific,0.8,1.0,0.8591366529694805
6,873,learned,1.0,1.0,0.8984294899244509
6,873,popularity,0.8,1.0,0.8546854522433548
6,873,random,0.8,1.0,0.7968589798489021
6,874,fixed-general,0.6,1.0,0.698711467655646
6,874,fixed-specific,0.6,1.0,0.6875640134078724
6,874,learned,0.6,1.0,0.6875640134078724
6,874,popularity,1.0,1.0,0.9099863463556914
6,874,random,0.8,1.0,0.8168061405473396
6,875,fixed-general,0.2,0.2,0.5998078310313668
6,875,fixed-specific,0.4,0.5,0.6708325669912145
6,875,learned,0.2,0.2,0.5998078310313668
6,875,popularity,0.6,1.0,0.7471711847969628
6,875,random,0.2,0.3333333333333333,0.5367552291216842
6,876,fixed-general,0.4,0.5,0.7053249804290215
6,876,fixed-specific,1.0,1.0,0.9223581000722261
6,876,learned,0.6,1.0,0.7882807622026957
6,876,popularity,0.6,1.0,0.7255705975718725
6,876,random,0.4,1.0,0.4382493689310284
6,877,fixed-general,0.8,1.0,0.7928533165444878
6,877,fixed-specific,0.6,1.0,0.7127593771051425
6,877,learned,0.8,1.0,0.7928533165444878
6,877,popularity,1.0,1.0,0.954447338710583
6,877,random,0.6,1.0,0.6307184518691384
6,878,fixed-general,1.0,1.0,0.8985863659253792
6,878,fixed-specific,1.0,1.0,0.942518941276288
6,878,learned,1.0,1.0,0.9025789428821672
6,878,popularity,0.8,1.0,0.8530337046359621
6,878,random,1.0,1.0,0.8969662799868708
6,879,fixed-general,0.2,1.0,0.6357233158707082
6,879,fixed-specific,0.6,1.0,0.8412011934135963
6,879,learned,0.2,1.0,0.7231933675456027
6,879,popularity,0.6,0.5,0.6864231448093615
6,879,random,0.4,0.5,0.47310801633510613
6,880,fixed-general,1.0,1.0,0.8443220749053792
6,880,fixed-specific,0.6,1.0,0.6666494373465955
6,880,learned,1.0,1.0,0.8443220749053792
6,880,popularity,0.8,1.0,0.8090930345053641
6,880,random,0.6,0.5,0.5579616266634254
6,881,fixed-general,1.0,1.0,1.0
6,881,fixed-specific,0.0,0.0,0.4463867350912054
6,881,learned,0.8,0.5,0.8869465982421281
6,881,popularity,0.6,1.0,0.8799817951409221
6,881,random,0.4,0.5,0.6298964439304254
6,882,fixed-general,0.4,0.5,0.6189226959729365
6,882,fixed-specific,0.4,1.0,0.669135159630116
6,882,learned,0.4,0.5,0.6339061192301007
6,882,popularity,0.8,1.0,0.8795511153053948
6,882,random,0.0,0.0,0.4001921689686333
6,883,fixed-general,1.0,1.0,0.8812485226664931
6,883,fixed-specific,1.0,1.0,0.9414729650137958
6,883,learned,1.0,1.0,0.8854316523111123
6,883,popularity,1.0,1.0,0.8443220749053792
6,883,random,1.0,1.0,0.8443220749053792
6,884,fixed-general,0.0,0.0,0.7319575842750994
6,884,fixed-specific,0.0,0.0,0.6655375395855885
6,884,learned,0.0,0.0,0.7169271010751505
6,884,popularity,0.2,0.2,0.7509239423979068
6,884,random,0.2,0.2,0.7018966178752015
6,885,fixed-general,0.4,0.5,0.6686770456577511
6,885,fixed-specific,0.2,1.0,0.7797200684245388
6,885,learned,0.4,1.0,0.7747656443144173
6,885,popularity,0.6,1.0,0.8947838491734952
6,885,random,0.0,0.0,0.6179772167190979
6,886,fixed-general,0.6,0.5,0.5940267919864127
6,886,fixed-specific,0.6,0.5,0.6839278316397914
6,886,learned,0.4,0.5,0.6039459078592673
6,886,popularity,0.6,1.0,0.7037660633855005
6,886,random,0.2,0.5,0.6275785039305868
6,887,fixed-general,0.6,0.5,0.7531149421678056
6,887,fixed-specific,0.4,1.0,0.6245278460791278
6,887,learned,0.6,0.5,0.7531149421678056
6,887,popularity,0.4,1.0,0.7265177384591679
6,887,random,0.4,1.0,0.6249472283836189
6,888,fixed-general,0.6,1.0,0.7832480766924035
6,888,fixed-specific,0.8,1.0,0.7955526459122501
6,888,learned,0.8,1.0,0.8577293532364525
6,888,popularity,0.6,1.0,0.7610113677623219
6,888,random,0.2,0.3333333333333333,0.5356205523335162
6,889,fixed-general,0.2,0.3333333333333333,0.7320953276200068
6,889,fixed-specific,0.2,0.25,0.5257949346779441
6,889,learned,0.2,0.3333333333333333,0.7320953276200068
6,889,popularity,0.2,0.2,0.8021677798909533
6,889,random,0.2,0.2,0.31058236809266454
6,890,fixed-general,0.6,1.0,0.8056465318229535
6,890,fixed-specific,0.4,0.3333333333333333,0.587310130057723
6,890,learned,0.6,1.0,0.7454220894756508
6,890,popularity,0.6,1.0,0.7363708911844177
6,890,random,0.4,0.5,0.7310570093385172
6,891,fixed-general,0.4,1.0,0.4574159218328117
6,891,fixed-specific,0.4,1.0,0.5670645129148719
6,891,learned,0.4,1.0,0.4574159218328117
6,891,popularity,0.6,1.0,0.8181959207568106
6,891,random,0.2,0.2,0.26645726837796224
6,892,fixed-general,0.4,0.3333333333333333,0.4876954000258194
6,892,fixed-specific,0.6,1.0,0.6090225854483111
6,892,learned,0.4,0.5,0.49962379746011426
6,892,popularity,0.8,1.0,0.7792554997356154
6,892,random,0.2,0.2,0.2376953846486524
6,893,fixed-general,0.4,0.3333333333333333,0.6150943898978523
6,893,fixed-specific,0.6,1.0,0.8151510484299679
6,893,learned,0.6,1.0,0.8008157892980458
6,893,popularity,0.6,1.0,0.8412011934135963
6,893,random,0.6,1.0,0.8432115724046808
6,894,fixed-general,1.0,1.0,1.0
6,894,fixed-specific,1.0,1.0,0.9306816431612379
6,894,learned,1.0,1.0,0.9671987306219145
6,894,popularity,1.0,1.0,0.8675913206964894
6,894,random,0.8,1.0,0.7611015405244298
6,895,fixed-general,0.8,1.0,0.7603082961186196
6,895,fixed-specific,1.0,1.0,0.8058609574080366
6,895,learned,0.8,1.0,0.7603082961186196
6,895,popularity,1.0,1.0,0.9936842654610014
6,895,random,0.8,1.0,0.9152104119601645
6,896,fixed-general,0.4,0.5,0.5401500438438813
6,896,fixed-specific,0.8,1.0,0.8892206567166584
6,896,learned,0.6,0.5,0.6140029393661091
6,896,popularity,0.8,1.0,0.7965953335317203
6,896,random,0.6,1.0,0.6159220064898123
6,897,fixed-general,1.0,1.0,0.8631008549624842
6,897,fixed-specific,0.6,1.0,0.6576978207747128
6,897,learned,0.8,1.0,0.7875898223183535
6,897,popularity,0.6,1.0,0.6675694658208489
6,897,random,0.6,0.5,0.6717732701987402
6,898,fixed-general,0.6,0.5,0.830419897363192
6,898,fixed-specific,0.4,0.5,0.7817304474156231
6,898,learned,0.6,0.3333333333333333,0.8156178433306188
6,898,popularity,0.4,1.0,0.8510488233360479
6,898,random,0.4,0.5,0.7945221224571118
6,899,fixed-general,0.8,1.0,0.7293047031944536
6,899,fixed-specific,0.8,1.0,0.7171987306219145
6,899,learned,0.8,1.0,0.7404062437188833
6,899,popularity,0.8,1.0,0.7182031626700237
6,899,random,0.8,1.0,0.8385058694009951
6,900,fixed-general,0.6,0.5,0.7011418507844024
6,900,fixed-specific,0.2,0.5,0.5819962482118226
6,900,learned,0.4,0.5,0.6272889552621747
6,900,popularity,0.6,1.0,0.8617395324858506
6,900,random,0.8,1.0,0.9028491098915834
6,901,fixed-general,0.4,0.5,0.6300013977177311
6,901,fixed-specific,0.2,1.0,0.6549732819059052
6,901,learned,0.4,0.5,0.6210989962654792
6,901,popularity,0.2,0.5,0.5292147205012194
6,901,random,0.4,0.3333333333333333,0.41554882373488017
6,902,fixed-general,0.8,1.0,0.7961108437417932
6,902,fixed-specific,1.0,1.0,0.8458915918428338
6,902,learned,1.0,1.0,0.861713382497964
6,902,popularity,1.0,1.0,0.8728149230223939
6,902,random,0.6,0.5,0.637632281629415
6,903,fixed-general,0.8,1.0,0.8184924264860339
6,903,fixed-specific,0.8,1.0,0.8411053072016672
6,903,learned,0.8,1.0,0.8184924264860339
6,903,popularity,0.8,1.0,0.6726547079873193
6,903,random,0.8,1.0,0.7142147923199483
6,904,fixed-general,0.6,1.0,0.7323557406523175
6,904,fixed-specific,0.2,0.3333333333333333,0.21643962200541694
6,904,learned,0.6,1.0,0.7323557406523175
6,904,popularity,0.6,1.0,0.7760997783334138
6,904,random,0.2,1.0,0.4473810610286813
6,905,fixed-general,1.0,1.0,0.9041084081571661
6,905,fixed-specific,1.0,1.0,0.9576049743407979
6,905,learned,1.0,1.0,0.915209948681596
6,905,popularity,1.0,1.0,0.9671987306219145
6,905,random,1.0,1.0,0.8675913206964894
6,906,fixed-general,0.6,0.3333333333333333,0.6409174084370997
6,906,fixed-specific,0.2,0.25,0.4483130355813652
6,906,learned,0.6,0.3333333333333333,0.6301171148245546
6,906,popularity,1.0,1.0,0.8812485226664931
6,906,random,0.4,1.0,0.6339061192301007
6,907,fixed-general,0.2,0.3333333333333333,0.45644362718897696
6,907,fixed-specific,0.4,0.25,0.5143008576982406
6,907,learned,0.2,0.3333333333333333,0.45644362718897696
6,907,popularity,0.4,1.0,0.5748574790839348
6,907,random,0.2,0.5,0.4188267863770667
6,908,fixed-general,0.2,1.0,0.617225288611838
6,908,fixed-specific,0.4,1.0,0.8140127911121916
6,908,learned,0.4,1.0,0.7537883487648889
6,908,popularity,0.4,0.25,0.6343002444691735
6,908,random,0.4,1.0,0.6774497309591406
6,909,fixed-general,0.4,1.0,0.7945221224571118
6,909,fixed-specific,0.8,1.0,0.8687949224876583
6,909,learned,0.8,1.0,0.9026211001048624
6,909,popularity,0.6,1.0,0.7994765465672335
6,909,random,0.4,0.25,0.4616555840244296
6,910,fixed-general,0.6,1.0,0.7929905762280963
6,910,fixed-specific,0.2,0.3333333333333333,0.4552067589659209
6,910,learned,0.4,0.5,0.6336557846511124
6,910,popularity,0.6,1.0,0.6736942173680929
6,910,random,0.4,0.25,0.3519067375129212
6,911,fixed-general,0.6,1.0,0.7437719656259865
6,911,fixed-specific,0.8,1.0,0.7886792075766109
6,911,learned,0.8,1.0,0.7961108437417932
6,911,popularity,0.8,1.0,0.8978803737831524
6,911,random,0.4,0.3333333333333333,0.6138755026138983
6,912,fixed-general,0.4,1.0,0.8510488233360479
6,912,fixed-specific,0.8,1.0,0.9434732991210639
6,912,learned,0.6,1.0,0.8997382732836168
6,912,popularity,0.8,1.0,0.9513105500524313
6,912,random,0.8,1.0,0.9125299483251055
6,913,fixed-general,0.2,0.25,0.5786131740719704
6,913,fixed-specific,0.2,0.3333333333333333,0.46513086360912614
6,913,learned,0.2,0.3333333333333333,0.5856543914286485
6,913,popularity,0.6,1.0,0.792407779122776
6,913,random,0.2,0.3333333333333333,0.5044237005640966
6,914,fixed-general,0.6,1.0,0.7491577791855053
6,914,fixed-specific,0.6,1.0,0.6851722519983613
6,914,learned,0.6,1.0,0.7491577791855053
6,914,popularity,0.6,1.0,0.7853543767501568
6,914,random,0.2,1.0,0.4792013242628029
6,915,fixed-general,0.8,1.0,0.856819775879023
6,915,fixed-specific,0.8,1.0,0.7335427316220379
6,915,learned,0.8,1.0,0.8377049109374533
6,915,popularity,0.8,1.0,0.7488685921580613
6,915,random,0.8,1.0,0.7965953335317203
6,916,fixed-general,1.0,1.0,0.9671987306219145
6,916,fixed-specific,1.0,1.0,1.0
6,916,learned,1.0,1.0,1.0
6,916,popularity,1.0,1.0,0.8193183568387621
6,916,random,0.8,1.0,0.6647065964863919
6,917,fixed-general,0.2,0.3333333333333333,0.536800831885137
6,917,fixed-specific,0.2,0.2,0.5825462367136688
6,917,learned,0.0,0.0,0.45422398602257263
6,917,popularity,0.8,1.0,0.9434732991210639
6,917,random,0.4,1.0,0.8362467693034749
6,918,fixed-general,0.2,0.5,0.5140238896953127
6,918,fixed-specific,0.4,1.0,0.6744490414760164
6,918,learned,0.2,1.0,0.6197110108953584
6,918,popularity,0.2,0.5,0.6231058256175556
6,918,random,0.2,0.5,0.5276523428702375
6,919,fixed-general,0.2,0.25,0.5437656349863431
6,919,fixed-specific,0.6,0.5,0.7895676983469904
6,919,learned,0.4,0.3333333333333333,0.646910188523972
6,919,popularity,0.6,1.0,0.8560032474461695
6,919,random,0.4,1.0,0.646910188523972
6,920,fixed-general,0.6,0.5,0.7994765465672335
6,920,fixed-specific,0.6,0.5,0.830419897363192
6,920,learned,0.6,0.5,0.8382571482945591
6,920,popularity,0.8,1.0,0.8539316501572936
6,920,random,0.8,1.0,0.9434732991210639
6,921,fixed-general,0.2,0.3333333333333333,0.3461440143776161
6,921,fixed-specific,0.4,0.3333333333333333,0.4994015252340744
6,921,learned,0.2,0.3333333333333333,0.3461440143776161
6,921,popularity,0.4,1.0,0.609140796633162
6,921,random,0.2,1.0,0.3346659797473478
6,924,fixed-general,0.8,1.0,0.8869465982421281
6,924,fixed-specific,0.8,1.0,0.9562649741625527
6,924,learned,0.8,1.0,0.8869465982421281
6,924,popularity,1.0,1.0,1.0
6,924,random,0.4,0.5,0.7817304474156231
6,925,fixed-general,0.8,1.0,0.9434732991210639
6,925,fixed-specific,1.0,1.0,1.0
6,925,learned,0.8,1.0,0.9434732991210639
6,925,popularity,1.0,1.0,1.0
6,925,random,1.0,1.0,1.0
6,926,fixed-general,0.6,1.0,0.7728378460835431
6,926,fixed-specific,0.8,1.0,0.8489779347117384
6,926,learned,1.0,1.0,0.956167202957409
6,926,popularity,0.8,1.0,0.8592590198101554
6,926,random,0.6,1.0,0.5645840019530697
6,927,fixed-general,0.4,0.3333333333333333,0.5832252841669274
6,927,fixed-specific,0.4,1.0,0.6785270777300488
6,927,learned,0.4,0.3333333333333333,0.5909089544715852
6,927,popularity,0.6,1.0,0.8467424891435418
6,927,random,0.4,0.3333333333333333,0.4692822083899484
6,928,fixed-general,0.6,1.0,0.8588860742674151
6,928,fixed-specific,0.8,0.5,0.8869465982421281
6,928,learned,0.8,1.0,0.9434732991210639
6,928,popularity,0.6,1.0,0.8799817951409221
6,928,random,0.8,1.0,0.928671245088491
6,929,fixed-general,0.8,0.5,0.7976186279851065
6,929,fixed-specific,0.8,0.5,0.7976186279851065
6,929,learned,0.8,0.5,0.830419897363192
6,929,popularity,1.0,1.0,0.9137021644382827
6,929,random,1.0,1.0,0.8362978355617173
6,930,fixed-general,0.8,0.5,0.6534151094107434
6,930,fixed-specific,0.8,1.0,0.723873190210774
6,930,learned,0.8,0.5,0.6534151094107434
6,930,popularity,0.6,1.0,0.7102447370358489
6,930,random,0.6,0.3333333333333333,0.628419707463456
6,931,fixed-general,0.8,1.0,0.8018683804512488
6,931,fixed-specific,1.0,1.0,0.8450978841584552
6,931,learned,0.8,1.0,0.8018683804512488
6,931,popularity,0.6,0.3333333333333333,0.7028272373949077
6,931,random,0.4,0.5,0.49962379746011426
6,932,fixed-general,0.6,1.0,0.8083513979317062
6,932,fixed-specific,0.2,1.0,0.7005235033585164
6,932,learned,0.4,1.0,0.7513087583962909
6,932,popularity,0.6,1.0,0.7906015953512613
6,932,random,0.2,0.2,0.510078116453751
6,934,fixed-general,0.2,0.25,0.47444725906591834
6,934,fixed-specific,0.2,0.25,0.6150943898978523
6,934,learned,0.0,0.0,0.42575780911834943
6,934,popularity,0.4,1.0,0.8073137974986007
6,934,random,0.2,1.0,0.6159668377280135
6,935,fixed-general,0.2,1.0,0.5378859813229654
6,935,fixed-specific,0.2,0.5,0.3840779935101878
6,935,learned,0.2,0.5,0.35834596460069196
6,935,popularity,0.4,1.0,0.6458371650439272
6,935,random,0.4,1.0,0.757971478409508
6,936,fixed-general,0.2,0.25,0.48853508207922547
6,936,fixed-specific,0.4,0.3333333333333333,0.5133261020163483
6,936,learned,0.2,0.25,0.49034126585074017
6,936,popularity,0.2,1.0,0.5445553707021632
6,936,random,0.0,0.0,0.42000002446100604
6,937,fixed-general,0.8,1.0,0.8869465982421281
6,937,fixed-specific,0.4,0.5,0.5890442449142238
6,937,learned,0.8,1.0,0.9026211001048624
6,937,popularity,0.8,1.0,0.8573424901769817
6,937,random,0.6,0.5,0.6864231448093615
6,938,fixed-general,0.0,0.0,0.5851258464278086
6,938,fixed-specific,0.0,0.0,0.4148741535721915
6,938,learned,0.0,0.0,0.5851258464278086
6,938,popularity,0.2,1.0,0.636059853981985
6,938,random,0.0,0.0,0.2698818591115631
6,939,fixed-general,0.6,1.0,0.6599863463556915
6,939,fixed-specific,0.6,1.0,0.6927876157337769
6,939,learned,0.6,0.5,0.6286928612209193
6,939,popularity,0.6,1.0,0.764817358607021
6,939,random,0.4,1.0,0.5408872414158887
6,940,fixed-general,0.4,0.3333333333333333,0.7718828174931716
6,940,fixed-specific,0.2,0.3333333333333333,0.7231933675456027
6,940,learned,0.4,0.3333333333333333,0.7718828174931716
6,940,popularity,0.2,1.0,0.7797200684245388
6,940,random,0.2,0.3333333333333333,0.7231933675456027
6,941,fixed-general,0.8,1.0,0.7805509790595397
6,941,fixed-specific,0.6,1.0,0.6886117029712211
6,941,learned,0.8,1.0,0.767197376881162
6,941,popularity,1.0,1.0,0.9625133468165444
6,941,random,0.2,0.5,0.32162249962399553
6,942,fixed-general,0.8,1.0,0.8591366529694805
6,942,fixed-specific,1.0,1.0,0.9625133468165444
6,942,learned,1.0,1.0,0.9492147449622255
6,942,popularity,0.6,1.0,0.746857557670165
6,942,random,0.8,1.0,0.8198438160145101
6,943,fixed-general,0.6,0.5,0.6039459078592673
6,943,fixed-specific,0.6,1.0,0.7853543767501568
6,943,learned,0.6,0.5,0.6061813534274639
6,943,popularity,0.4,1.0,0.709843344106026
6,943,random,0.6,0.5,0.6115821073372067
6,944,fixed-general,0.2,0.2,0.4773300858871639
6,944,fixed-specific,0.2,0.3333333333333333,0.6081295867966463
6,944,learned,0.2,0.2,0.4773300858871639
6,944,popularity,0.4,1.0,0.823455094261986
6,944,random,0.0,0.0,0.4405598631509226
6,945,fixed-general,0.4,1.0,0.7646073602506097
6,945,fixed-specific,0.2,0.5,0.6192928124939644
6,945,learned,0.4,1.0,0.7513087583962909
6,945,popularity,0.4,1.0,0.7120159214413204
6,945,random,0.2,0.25,0.48853508207922547
6,946,fixed-general,0.8,0.5,0.7965953335317203
6,946,fixed-specific,0.4,0.3333333333333333,0.6928272794553777
6,946,learned,0.6,0.5,0.7596688857706065
6,946,popularity,1.0,1.0,0.8854316523111123
6,946,random,1.0,1.0,0.8443220749053792
6,947,fixed-general,0.4,0.3333333333333333,0.3701860505012165
6,947,fixed-specific,0.6,1.0,0.6232162460571895
6,947,learned,0.4,0.5,0.40462015439202137
6,947,popularity,1.0,1.0,0.95232536780508
6,947,random,0.6,0.5,0.48839644249815606
6,948,fixed-general,1.0,1.0,0.861713382497964
6,948,fixed-specific,0.8,1.0,0.8289121131198786
6,948,learned,1.0,1.0,0.9041084081571661
6,948,popularity,0.8,1.0,0.8421757737602428
6,948,random,1.0,1.0,0.9306816431612379
6,949,fixed-general,0.0,0.0,0.3915357301776209
6,949,fixed-specific,0.2,0.2,0.37013857967449804
6,949,learned,0.2,0.2,0.4078940959965634
6,949,popularity,0.6,1.0,0.7140471484839174
6,949,random,0.4,1.0,0.61558004657925
6,950,fixed-general,0.4,1.0,0.7849471794616067
6,950,fixed-specific,0.4,1.0,0.8661778703261588
6,950,learned,0.4,1.0,0.8661778703261588
6,950,popularity,0.6,1.0,0.8679840540976737
6,950,random,0.2,0.2,0.5874605752001633
6,951,fixed-general,0.8,1.0,0.8178105725954488
6,951,fixed-specific,0.8,1.0,0.8824086793035105
6,951,learned,0.8,1.0,0.8564897801720597
6,951,popularity,0.8,1.0,0.7886792075766109
6,951,random,0.8,1.0,0.7330205212770446
6,952,fixed-general,0.2,0.25,0.5108795598643426
6,952,fixed-specific,0.2,0.2,0.4517268930391544
6,952,learned,0.2,0.2,0.45780417375968
6,952,popularity,0.4,0.5,0.6023395182751351
6,952,random,0.2,0.2,0.42004865743761466
6,953,fixed-general,0.8,1.0,0.9562649741625527
6,953,fixed-specific,0.8,1.0,0.9513105500524313
6,953,learned,0.8,1.0,0.9562649741625527
6,953,popularity,0.6,0.5,0.8382571482945591
6,953,random,0.4,0.3333333333333333,0.7718828174931716
6,954,fixed-general,0.6,1.0,0.7568414494901631
6,954,fixed-specific,0.6,1.0,0.6110616846161383
6,954,learned,0.6,1.0,0.7053249821429143
6,954,popularity,0.2,0.5,0.5459901905659305
6,954,random,0.6,0.5,0.6493376236592721
6,955,fixed-general,1.0,1.0,0.946503433816368
6,955,fixed-specific,1.0,1.0,0.946503433816368
6,955,learned,1.0,1.0,0.946503433816368
6,955,popularity,0.6,1.0,0.8082168163143322
6,955,random,0.6,0.3333333333333333,0.7234267649959281
6,956,fixed-general,1.0,1.0,0.8514136186974538
6,956,fixed-specific,1.0,1.0,0.8969662799868708
6,956,learned,1.0,1.0,0.8969662799868708
6,956,popularity,0.8,1.0,0.8201618458606114
6,956,random,0.6,1.0,0.8042408714695285
6,957,fixed-general,0.6,0.5,0.6078003944111603
6,957,fixed-specific,0.2,0.5,0.473978264737319
6,957,learned,0.4,0.5,0.5729587581823158
6,957,popularity,0.8,1.0,0.8939782891983252
6,957,random,0.4,1.0,0.7442675410396127
6,958,fixed-general,0.6,1.0,0.7994765465672335
6,958,fixed-specific,0.8,1.0,0.9562649741625527
6,958,learned,0.8,1.0,0.9125299483251055
6,958,popularity,0.8,1.0,0.9562649741625527
6,958,random,1.0,1.0,1.0
6,959,fixed-general,0.8,1.0,0.7547202501307002
6,959,fixed-specific,1.0,1.0,0.8728149230223939
6,959,learned,0.8,1.0,0.7547202501307002
6,959,popularity,0.8,1.0,0.8152983563040263
6,959,random,0.6,0.5,0.4801581515651459
6,960,fixed-general,0.2,1.0,0.8075865611862023
6,960,fixed-specific,0.2,1.0,0.7983776289646104
6,960,learned,0.2,1.0,0.8075865611862023
6,960,popularity,0.2,1.0,0.7983776289646104
6,960,random,0.0,0.0,0.7319575842750994
6,961,fixed-general,0.6,0.5,0.6237366687782578
6,961,fixed-specific,0.6,0.5,0.5859811524561925
6,961,learned,0.8,0.5,0.6992477014223887
6,961,popularity,0.8,1.0,0.8505843242958706
6,961,random,0.0,0.0,0.2085683425293175
6,962,fixed-general,0.6,0.5,0.660839794726384
6,962,fixed-specific,0.4,0.5,0.5634608948312463
6,962,learned,0.4,0.5,0.5733697430514895
6,962,popularity,0.4,1.0,0.7281477916557243
6,962,random,0.2,1.0,0.5446380828165043
6,963,fixed-general,0.8,0.5,0.7011418507844024
6,963,fixed-specific,0.8,1.0,0.8443220749053792
6,963,learned,0.8,0.5,0.7011418507844024
6,963,popularity,0.6,1.0,0.8617395324858506
6,963,random,0.8,1.0,0.7840976325580767
6,964,fixed-general,0.6,1.0,0.684397461243829
6,964,fixed-specific,0.8,1.0,0.8041509020562527
6,964,learned,0.8,1.0,0.8115825382214351
6,964,popularity,0.6,1.0,0.695499001768259
6,964,random,0.6,1.0,0.7182031626700237
6,965,fixed-general,0.6,1.0,0.6839278316397914
6,965,fixed-specific,0.8,1.0,0.7693579801567767
6,965,learned,0.6,1.0,0.709843344106026
6,965,popularity,1.0,1.0,0.8471044583691042
6,965,random,0.6,1.0,0.6698523822157639
6,966,fixed-general,0.6,0.5,0.7093709044867094
6,966,fixed-specific,0.6,0.5,0.7182733059389612
6,966,learned,0.6,0.5,0.7182733059389612
6,966,popularity,0.4,0.5,0.6122515951372862
6,966,random,0.4,0.5,0.5685075574561899
6,967,fixed-general,1.0,1.0,1.0
6,967,fixed-specific,0.6,0.5,0.8101575817032209
6,967,learned,1.0,1.0,1.0
6,967,popularity,0.2,1.0,0.7005235033585164
6,967,random,0.8,1.0,0.767197376881162
6,968,fixed-general,0.6,1.0,0.6307184518691384
6,968,fixed-specific,0.4,0.5,0.36658221876309927
6,968,learned,0.6,1.0,0.6398981864996018
6,968,popularity,0.6,1.0,0.7120563054614403
6,968,random,0.4,0.25,0.25868817942577743
6,969,fixed-general,0.8,1.0,0.77692333117956
6,969,fixed-specific,0.8,1.0,0.7961108437417932
6,969,learned,0.8,1.0,0.7404062437188833
6,969,popularity,1.0,1.0,0.9671987306219145
6,969,random,0.8,1.0,0.7939028099025153
6,970,fixed-general,0.8,1.0,0.8401389452607603
6,970,fixed-specific,0.6,0.5,0.7161252740415666
6,970,learned,0.8,1.0,0.8485052045499984
6,970,popularity,0.8,1.0,0.8073956271442654
6,970,random,0.4,0.5,0.6708325669912145
6,971,fixed-general,0.2,0.2,0.1847016436959737
6,971,fixed-specific,0.2,0.5,0.27808101924738515
6,971,learned,0.0,0.0,0.09001365364430851
6,971,popularity,0.4,0.5,0.4856859935881831
6,971,random,0.4,0.5,0.3913480997120061
6,972,fixed-general,0.8,1.0,0.9187693091354482
6,972,fixed-specific,0.6,1.0,0.873219087682837
6,972,learned,0.8,1.0,0.923220509861574
6,972,popularity,0.4,1.0,0.6872249015041975
6,972,random,0.4,0.25,0.5296341028057107
6,973,fixed-general,0.2,0.3333333333333333,0.2994764966414837
6,973,fixed-specific,0.4,0.5,0.40465937426006227
6,973,learned,0.0,0.0,0.19790598656593467
6,973,popularity,1.0,1.0,0.8984294899244509
6,973,random,0.6,1.0,0.7976428127079396
6,974,fixed-general,0.8,0.5,0.7968589798489021
6,974,fixed-specific,0.6,1.0,0.7297657240217653
6,974,learned,0.8,1.0,0.8343456330323578
6,974,popularity,0.8,1.0,0.923220509861574
6,974,random,0.4,1.0,0.5793970069310078
6,975,fixed-general,0.6,1.0,0.7950527960773872
6,975,fixed-specific,0.4,1.0,0.7442675410396127
6,975,learned,0.6,1.0,0.7950527960773872
6,975,popularity,1.0,1.0,0.8984294899244509
6,975,random,0.6,1.0,0.7835603779945831
6,976,fixed-general,0.6,1.0,0.8151510484299679
6,976,fixed-specific,0.8,1.0,0.9026211001048624
6,976,learned,0.6,1.0,0.8151510484299679
6,976,popularity,0.0,0.0,0.42575780911834943
6,976,random,0.2,0.5,0.5246802931039205
6,977,fixed-general,0.4,1.0,0.602819875812812
6,977,fixed-specific,0.2,0.2,0.35428174633278176
6,977,learned,0.4,0.5,0.4680521789926069
6,977,popularity,1.0,1.0,0.9210878868801213
6,977,random,0.4,0.5,0.6552660962249912
6,978,fixed-general,0.6,1.0,0.7906015953512613
6,978,fixed-specific,0.8,1.0,0.8476442348866765
6,978,learned,0.6,1.0,0.7950527960773872
6,978,popularity,1.0,1.0,0.8984294899244509
6,978,random,0.6,0.3333333333333333,0.7327751229568087
6,979,fixed-general,1.0,1.0,0.8824086793035105
6,979,fixed-specific,0.8,1.0,0.8786928612209193
6,979,learned,1.0,1.0,0.9041084081571661
6,979,popularity,1.0,1.0,0.9576049743407979
6,979,random,1.0,1.0,0.9248037049627126
6,980,fixed-general,1.0,1.0,0.9625133468165444
6,980,fixed-specific,0.8,1.0,0.8706290710522846
6,980,learned,1.0,1.0,0.9625133468165444
6,980,popularity,0.8,1.0,0.9187693091354482
6,980,random,0.8,1.0,0.8343456330323578
6,981,fixed-general,1.0,1.0,0.8400136536443085
6,981,fixed-specific,0.8,1.0,0.7388984594755702
6,981,learned,1.0,1.0,0.8400136536443085
6,981,popularity,0.6,1.0,0.7023813720148935
6,981,random,0.8,0.5,0.7611015405244298
6,982,fixed-general,0.2,0.25,0.4814938647225472
6,982,fixed-specific,0.6,0.3333333333333333,0.6819898679190342
6,982,learned,0.2,0.3333333333333333,0.534869136390874
6,982,popularity,0.8,1.0,0.8210470311780389
6,982,random,0.4,0.5,0.6692942346727015
6,983,fixed-general,0.6,1.0,0.7227424380094927
6,983,fixed-specific,0.6,1.0,0.7251764723327996
6,983,learned,0.6,1.0,0.7227424380094927
6,983,popularity,0.8,1.0,0.8920488162790383
6,983,random,0.6,0.5,0.6056883680370844
6,984,fixed-general,0.8,1.0,0.8592590198101554
6,984,fixed-specific,0.8,1.0,0.7540381103741796
6,984,learned,1.0,1.0,0.8570235742419587
6,984,popularity,0.8,1.0,0.7464019108962401
6,984,random,0.4,0.5,0.626019585173173
6,985,fixed-general,0.2,0.5,0.6122515951372862
6,985,fixed-specific,0.2,1.0,0.6497382483207419
6,985,learned,0.2,0.2,0.5741619733458444
6,985,popularity,0.6,1.0,0.8794764721804778
6,985,random,0.4,0.5,0.5729587581823158
6,986,fixed-general,0.4,0.5,0.6339061192301007
6,986,fixed-specific,0.8,1.0,0.8485052045499984
6,986,learned,0.4,0.5,0.6272889552621747
6,986,popularity,1.0,1.0,0.9397755576526973
6,986,random,0.6,0.3333333333333333,0.7255705975718725
6,987,fixed-general,0.6,0.5,0.5124384786217564
6,987,fixed-specific,0.4,1.0,0.5985451539495246
6,987,learned,0.4,0.5,0.4906793588930711
6,987,popularity,0.8,1.0,0.8745788895927525
6,987,random,0.8,0.5,0.6877696667921204
6,988,fixed-general,0.6,0.3333333333333333,0.7297537272164916
6,988,fixed-specific,0.6,1.0,0.8426246675442809
6,988,learned,0.6,0.3333333333333333,0.7666801749776054
6,988,popularity,0.6,1.0,0.8509392388733055
6,988,random,0.2,0.5,0.36496312856861796
6,989,fixed-general,0.6,0.3333333333333333,0.7835603779945831
6,989,fixed-specific,0.6,0.3333333333333333,0.7765191606379049
6,989,learned,0.6,0.3333333333333333,0.7835603779945831
6,989,popularity,0.8,1.0,0.8476442348866765
6,989,random,0.2,0.2,0.5366753201623888
6,990,fixed-general,1.0,1.0,1.0
6,990,fixed-specific,0.8,1.0,0.9513105500524313
6,990,learned,0.8,1.0,0.9562649741625527
6,990,popularity,0.6,0.5,0.8432115724046808
6,990,random,0.6,1.0,0.8460943992259263
6,991,fixed-general,0.4,0.5,0.680027307288617
6,991,fixed-specific,0.2,0.3333333333333333,0.5117558763970509
6,991,learned,0.4,0.3333333333333333,0.6578242262397572
6,991,popularity,0.6,0.5,0.7149906967826367
6,991,random,0.4,0.3333333333333333,0.49412206180147455
6,992,fixed-general,0.8,1.0,0.8941645557005614
6,992,fixed-specific,0.6,1.0,0.7883291114011227
6,992,learned,0.6,1.0,0.8613632863224759
6,992,popularity,1.0,1.0,0.8675913206964894
6,992,random,0.4,0.3333333333333333,0.35428174633278176
6,993,fixed-general,0.6,0.5,0.7011418507844024
6,993,fixed-specific,0.8,1.0,0.8335217812928342
6,993,learned,0.6,1.0,0.7363708911844177
6,993,popularity,1.0,1.0,0.904546517252682
6,993,random,0.6,1.0,0.7119421443969476
6,994,fixed-general,0.8,1.0,0.8592011662065416
6,994,fixed-specific,0.8,1.0,0.7865170874606766
6,994,learned,0.8,1.0,0.8480996256821117
6,994,popularity,1.0,1.0,0.9137021644382827
6,994,random,0.4,0.3333333333333333,0.5037158180825911
6,995,fixed-general,0.2,0.25,0.3324608855031721
6,995,fixed-specific,0.2,0.25,0.23353840151760102
6,995,learned,0.2,0.25,0.28872585966572484
6,995,popularity,0.8,1.0,0.9125299483251055
6,995,random,0.4,0.3333333333333333,0.3721139350606591
6,996,fixed-general,0.4,0.5,0.5550043504269452
6,996,fixed-specific,0.6,0.5,0.5767040792806007
6,996,learned,0.4,0.5,0.5550043504269452
6,996,popularity,0.8,1.0,0.8251962950372874
6,996,random,0.4,1.0,0.6467226857153273
6,997,fixed-general,0.6,0.5,0.6864231448093615
6,997,fixed-specific,0.8,1.0,0.8573424901769817
6,997,learned,0.6,0.5,0.6864231448093615
6,997,popularity,1.0,1.0,1.0
6,997,random,0.6,0.5,0.660839794726384
6,998,fixed-general,0.8,1.0,0.8329815381183583
6,998,fixed-specific,0.8,1.0,0.8445070435753451
6,998,learned,0.8,1.0,0.8445070435753451
6,998,popularity,0.4,1.0,0.6785270777300488
6,998,random,0.0,0.0,0.2584784202924341
7,700,fixed-general,0.8,1.0,0.8929737030300829
7,700,fixed-specific,1.0,1.0,0.954447338710583
7,700,learned,0.8,1.0,0.8929737030300829
7,700,popularity,0.8,0.5,0.7266840322634975
7,700,random,0.4,0.3333333333333333,0.6323385378076467
7,701,fixed-general,0.6,1.0,0.7251764723327996
7,701,fixed-specific,0.2,1.0,0.5433723930896103
7,701,learned,0.8,1.0,0.8073956271442654
7,701,popularity,0.6,1.0,0.8098296614675725
7,701,random,0.2,0.2,0.34867642318942804
7,702,fixed-general,0.4,0.3333333333333333,0.5919117759262892
7,702,fixed-specific,0.6,0.5,0.7093709044867094
7,702,learned,0.4,0.3333333333333333,0.5919117759262892
7,702,popularity,0.6,0.3333333333333333,0.7327751229568087
7,702,random,0.6,1.0,0.8039001972055801
7,703,fixed-general,0.4,0.25,0.3545569601951457
7,703,fixed-specific,0.8,1.0,0.7965953335317203
7,703,learned,0.4,0.25,0.4250150409951763
7,703,popularity,0.8,1.0,0.8575564028412315
7,703,random,0.6,1.0,0.6272889552621747
7,704,fixed-general,0.6,1.0,0.7107630578724144
7,704,fixed-specific,0.8,0.5,0.7163757207677109
7,704,learned,0.6,1.0,0.6948914169174008
7,704,popularity,0.6,1.0,0.7785524280919133
7,704,random,0.6,0.5,0.675518708078784
7,705,fixed-general,0.2,0.2,0.710401692504114
7,705,fixed-specific,0.2,0.2,0.710401692504114
7,705,learned,0.0,0.0,0.6666666666666667
7,705,popularity,0.6,0.3333333333333333,0.8156178433306188
7,705,random,0.4,1.0,0.7586243475510318
7,706,fixed-general,1.0,1.0,0.946503433816368
7,706,fixed-specific,1.0,1.0,0.9099863463556914
7,706,learned,1.0,1.0,0.946503433816368
7,706,popularity,0.6,1.0,0.7484922157566868
7,706,random,1.0,1.0,0.8251962950372874
7,707,fixed-general,0.2,0.2,0.704154002109496
7,707,fixed-specific,0.0,0.0,0.6077762910087559
7,707,learned,0.0,0.0,0.6240857370412238
7,707,popularity,0.2,1.0,0.5860078787768556
7,707,random,0.0,0.0,0.5563435785666041
7,708,fixed-general,1.0,1.0,0.8633420161317488
7,708,fixed-specific,1.0,1.0,0.8633420161317488
7,708,learned,0.8,1.0,0.7576089667508573
7,708,popularity,1.0,1.0,0.8450978841584552
7,708,random,0.8,1.0,0.8031616280402744
7,709,fixed-general,0.2,1.0,0.8647976736541213
7,709,fixed-specific,0.2,1.0,0.7087433131299367
7,709,learned,0.2,1.0,0.7925560779862534
7,709,popularity,0.4,0.5,0.9185494721105402
7,709,random,0.0,0.0,0.5153047300397607
7,710,fixed-general,0.6,0.3333333333333333,0.38041966477291506
7,710,fixed-specific,0.4,0.25,0.34198762164006674
7,710,learned,0.6,0.3333333333333333,0.38426149992524394
7,710,popularity,0.6,1.0,0.7208009560152259
7,710,random,0.2,0.2,0.27099495095904774
7,711,fixed-general,0.4,0.3333333333333333,0.430712233228471
7,711,fixed-specific,0.2,0.2,0.30774998325035585
7,711,learned,0.4,0.3333333333333333,0.430712233228471
7,711,popularity,0.2,1.0,0.6081295867966463
7,711,random,0.2,0.5,0.4759908431563517
7,712,fixed-general,1.0,1.0,0.8728149230223939
7,712,fixed-specific,1.0,1.0,0.8193183568387621
7,712,learned,1.0,1.0,0.8400136536443085
7,712,popularity,1.0,1.0,0.7828012693780854
7,712,random,1.0,1.0,0.7865170874606766
7,713,fixed-general,0.6,1.0,0.7690585609767358
7,713,fixed-specific,0.8,1.0,0.7968589798489021
7,713,learned,0.6,1.0,0.7575661428939316
7,713,popularity,0.4,1.0,0.6682718837602242
7,713,random,0.6,1.0,0.8153926152883844
7,714,fixed-general,0.4,1.0,0.6890310852757123
7,714,fixed-specific,0.4,1.0,0.496360132294941
7,714,learned,0.2,1.0,0.636439646466423
7,714,popularity,0.6,1.0,0.7964395975444108
7,714,random,0.0,0.0,0.3458105509531323
7,715,fixed-general,1.0,1.0,0.861713382497964
7,715,fixed-specific,1.0,1.0,0.9248037049627126
7,715,learned,1.0,1.0,0.9099863463556914
7,715,popularity,1.0,1.0,0.9634829125393233
7,715,random,0.6,0.3333333333333333,0.5597246005576455
7,716,fixed-general,0.2,0.5,0.7208315584644993
7,716,fixed-specific,0.4,0.5,0.8174830915460666
7,716,learned,0.2,0.5,0.7208315584644993
7,716,popularity,0.2,0.3333333333333333,0.5871286003462075
7,716,random,0.0,0.0,0.5280166361874876
7,717,fixed-general,0.8,1.0,0.861713382497964
7,717,fixed-specific,0.6,0.5,0.720868634981162
7,717,learned,0.6,1.0,0.7886792075766109
7,717,popularity,0.4,0.5,0.5720297428732442
7,717,random,0.6,0.5,0.6667177329249093
7,718,fixed-general,0.0,0.0,0.6505070563856395
7,718,fixed-specific,0.2,0.2,0.8347367072542236
7,718,learned,0.0,0.0,0.6505070563856395
7,718,popularity,0.4,0.5,0.9185494721105402
7,718,random,0.0,0.0,0.512942493072904
7,719,fixed-general,0.4,1.0,0.7586882101801115
7,719,fixed-specific,0.6,1.0,0.7888607395876999
7,719,learned,0.6,1.0,0.8354926443063709
7,719,popularity,0.6,1.0,0.7091429719339063
7,719,random,0.6,1.0,0.8161692689038234
7,720,fixed-general,0.4,0.3333333333333333,0.5402329055432677
7,720,fixed-specific,0.2,0.2,0.4019003743178883
7,720,learned,0.4,0.3333333333333333,0.5402329055432677
7,720,popularity,1.0,1.0,0.9671987306219145
7,720,random,0.2,0.5,0.3607089504498549
7,721,fixed-general,0.6,1.0,0.8343456330323578
7,721,fixed-specific,0.8,1.0,0.7702617761402644
7,721,learned,0.6,1.0,0.8210470311780389
7,721,popularity,0.8,1.0,0.8591366529694805
7,721,random,0.4,0.25,0.6312046128812596
7,722,fixed-general,0.6,0.5,0.720868634981162
7,722,fixed-specific,0.6,0.5,0.6190991049398027
7,722,learned,0.6,0.3333333333333333,0.6699301988122962
7,722,popularity,0.8,1.0,0.9269658250786468
7,722,random,1.0,1.0,0.946503433816368
7,723,fixed-general,0.8,0.5,0.8869465982421281
7,723,fixed-specific,0.6,0.5,0.7895676983469904
7,723,learned,0.6,0.5,0.7994765465672335
7,723,popularity,0.8,1.0,0.9513105500524313
7,723,random,0.8,1.0,0.9562649741625527
7,724,fixed-general,0.8,1.0,0.643416447028461
7,724,fixed-specific,0.6,1.0,0.49623621689252834
7,724,learned,0.6,1.0,0.5077617223495151
7,724,popularity,0.8,1.0,0.6971683599439065
7,724,random,0.2,0.5,0.22124332669143718
7,725,fixed-general,0.2,0.3333333333333333,0.7231933675456027
7,725,fixed-specific,0.0,0.0,0.5536132649087947
7,725,learned,0.4,0.3333333333333333,0.7669283933830501
7,725,popularity,0.4,0.5,0.7866848715257447
7,725,random,0.4,0.5,0.6971432225619743
7,726,fixed-general,0.8,1.0,0.8198438160145101
7,726,fixed-specific,0.6,1.0,0.7823571628310546
7,726,learned,0.8,1.0,0.8502342515172288
7,726,popularity,0.8,1.0,0.7968589798489021
7,726,random,0.6,0.5,0.6445032147355785
7,727,fixed-general,0.0,0.0,0.6666666666666667
7,727,fixed-specific,0.0,0.0,0.6229316408292195
7,727,learned,0.0,0.0,0.6666666666666667
7,727,popularity,0.4,0.5,0.7866848715257447
7,727,random,0.4,1.0,0.787557319355906
7,728,fixed-general,0.8,1.0,0.7840976325580767
7,728,fixed-specific,0.8,1.0,0.8032124974996465
7,728,learned,0.8,1.0,0.8032124974996465
7,728,popularity,0.4,0.5,0.5359669141992622
7,728,random,0.4,1.0,0.7674168019398139
7,729,fixed-general,0.8,1.0,0.7968589798489021
7,729,fixed-specific,0.8,1.0,0.8198438160145101
7,729,learned,0.8,1.0,0.8198438160145101
7,729,popularity,0.8,1.0,0.8913882725677729
7,729,random,0.0,0.0,0.1846073847116158
7,730,fixed-general,0.8,1.0,0.7456805693165623
7,730,fixed-specific,1.0,1.0,0.8985863659253792
7,730,learned,1.0,1.0,0.8633420161317488
7,730,popularity,0.8,1.0,0.7955526459122501
7,730,random,0.8,1.0,0.82647758039961
7,731,fixed-general,0.4,0.5,0.5973993760861471
7,731,fixed-specific,0.4,1.0,0.596896023890943
7,731,learned,0.6,0.5,0.6169369848238685
7,731,popularity,0.8,1.0,0.865079104405067
7,731,random,1.0,1.0,0.9634829125393233
7,732,fixed-general,0.8,0.5,0.7266840322634975
7,732,fixed-specific,0.2,1.0,0.5356205523335162
7,732,learned,0.6,0.5,0.6851239479308684
7,732,popularity,0.8,1.0,0.8530337046359621
7,732,random,0.2,1.0,0.45876678477118754
7,733,fixed-general,0.8,0.5,0.6534151094107434
7,733,fixed-specific,0.4,0.5,0.5359669141992622
7,733,learned,0.8,1.0,0.8181959207568106
7,733,popularity,1.0,1.0,0.8812485226664931
7,733,random,0.6,1.0,0.6416540353993081
7,734,fixed-general,0.2,0.25,0.6280833715203713
7,734,fixed-specific,0.2,0.25,0.6689832819888527
7,734,learned,0.4,0.25,0.7098831924573341
7,734,popularity,0.2,0.2,0.7052499380200323
7,734,random,0.0,0.0,0.5779169521772867
7,735,fixed-general,0.4,0.5,0.5890442449142238
7,735,fixed-specific,0.6,0.5,0.6765142965891183
7,735,learned,0.4,0.5,0.5890442449142238
7,735,popularity,0.6,1.0,0.7895676983469904
7,735,random,0.8,0.5,0.773893196484256
7,736,fixed-general,0.6,1.0,0.7908872414158887
7,736,fixed-specific,0.6,1.0,0.8421757737602428
7,736,learned,0.4,1.0,0.7765732350040719
7,736,popularity,0.6,0.5,0.695499001768259
7,736,random,0.6,0.3333333333333333,0.6021196262168474
7,737,fixed-general,0.6,0.5,0.7531149421678056
7,737,fixed-specific,0.6,0.5,0.7575661428939316
7,737,learned,0.6,0.5,0.7575661428939316
7,737,popularity,0.8,1.0,0.909921908007255
7,737,random,0.4,1.0,0.7138221052128352
7,738,fixed-general,0.6,0.5,0.6515444320922567
7,738,fixed-specific,0.4,0.5,0.6122515951372862
7,738,learned,0.6,0.5,0.6515444320922567
7,738,popularity,0.4,1.0,0.8091352307907436
7,738,random,0.6,0.3333333333333333,0.5671207559891663
7,739,fixed-general,0.2,0.5,0.7379954215781759
7,739,fixed-specific,0.4,1.0,0.823455094261986
7,739,learned,0.4,1.0,0.823455094261986
7,739,popularity,0.8,1.0,0.9434732991210639
7,739,random,0.8,1.0,0.9562649741625527
7,740,fixed-general,0.4,0.5,0.7945221224571118
7,740,fixed-specific,0.6,0.5,0.8432115724046808
7,740,learned,0.6,0.5,0.8382571482945591
7,740,popularity,0.6,1.0,0.8947838491734952
7,740,random,0.4,1.0,0.7182389434354812
7,741,fixed-general,0.2,0.25,0.5145293171798769
7,741,fixed-specific,0.6,0.5,0.7531149421678056
7,741,learned,0.4,0.25,0.5538221541348474
7,741,popularity,0.8,1.0,0.9359161431079067
7,741,random,0.4,0.3333333333333333,0.5901055921547744
7,742,fixed-general,0.6,0.3333333333333333,0.4744391897299339
7,742,fixed-specific,0.8,1.0,0.800211808016522
7,742,learned,0.6,0.5,0.5252183085469306
7,742,popularity,0.8,1.0,0.7812177850354832
7,742,random,0.8,1.0,0.7488685921580613
7,743,fixed-general,0.4,1.0,0.6823892604651723
7,743,fixed-specific,0.4,1.0,0.6030942926401921
7,743,learned,0.6,1.0,0.7635614514320669
7,743,popularity,0.4,1.0,0.8302663323335219
7,743,random,0.4,1.0,0.6385450571185773
7,744,fixed-general,1.0,1.0,0.9671987306219145
7,744,fixed-specific,1.0,1.0,0.9210878868801213
7,744,learned,1.0,1.0,0.9306816431612379
7,744,popularity,0.6,1.0,0.8072123842662231
7,744,random,0.2,0.5,0.3511151941687383
7,745,fixed-general,0.6,1.0,0.6425975158673641
7,745,fixed-specific,0.6,1.0,0.7131355488906943
7,745,learned,0.6,1.0,0.6306691184330693
7,745,popularity,0.8,1.0,0.7261431897542433
7,745,random,0.2,0.25,0.5412332152288125
7,746,fixed-general,0.6,0.5,0.46252840085863983
7,746,fixed-specific,0.8,1.0,0.7114497336901583
7,746,learned,0.6,1.0,0.5855082005618425
7,746,popularity,1.0,1.0,0.8646597737198981
7,746,random,0.6,0.5,0.566190391537202
7,747,fixed-general,0.4,0.5,0.6189226959729365
7,747,fixed-specific,0.4,1.0,0.6475345724050258
7,747,learned,0.4,1.0,0.6541517363729519
7,747,popularity,0.6,1.0,0.8617395324858506
7,747,random,0.4,0.5,0.6708325669912145
7,748,fixed-general,0.6,0.5,0.71736649560532
7,748,fixed-specific,0.2,0.2,0.6538749916251779
7,748,learned,0.6,0.5,0.71736649560532
7,748,popularity,0.4,1.0,0.8510488233360479
7,748,random,0.2,0.3333333333333333,0.45335153819241136
7,749,fixed-general,0.4,1.0,0.7182389434354812
7,749,fixed-specific,0.4,1.0,0.7438222935184587
7,749,learned,0.4,1.0,0.7182389434354812
7,749,popularity,0.4,1.0,0.787557319355906
7,749,random,0.8,1.0,0.9434732991210639
7,750,fixed-general,0.6,1.0,0.8679840540976737
7,750,fixed-specific,0.4,0.5,0.7023296871300311
7,750,learned,0.4,1.0,0.8020940134340654
7,750,popularity,0.6,1.0,0.8617266696000329
7,750,random,0.4,0.25,0.6312046128812596
7,751,fixed-general,0.8,1.0,0.8809008950601972
7,751,fixed-specific,0.8,1.0,0.8554853481239504
7,751,learned,0.8,1.0,0.8809008950601972
7,751,popularity,0.8,0.5,0.734528305520358
7,751,random,0.6,1.0,0.8274043288765652
7,752,fixed-general,1.0,1.0,0.915209948681596
7,752,fixed-specific,1.0,1.0,0.9210878868801213
7,752,learned,1.0,1.0,0.9210878868801213
7,752,popularity,1.0,1.0,0.946503433816368
7,752,random,0.8,0.5,0.692133279861156
7,753,fixed-general,0.4,1.0,0.5334556052507063
7,753,fixed-specific,0.4,0.3333333333333333,0.48673633935963584
7,753,learned,0.2,1.0,0.47156888457712665
7,753,popularity,0.6,1.0,0.6547627440297871
7,753,random,0.4,0.3333333333333333,0.4078242262397573
7,754,fixed-general,0.4,1.0,0.8528792684718399
7,754,fixed-specific,0.6,1.0,0.7835603779945831
7,754,learned,0.4,0.5,0.7664135440221246
7,754,popularity,0.6,1.0,0.7950527960773872
7,754,random,0.6,1.0,0.8083513979317062
7,755,fixed-general,0.4,1.0,0.6098555020791626
7,755,fixed-specific,0.2,0.5,0.2833046215732896
7,755,learned,0.6,0.5,0.5550043504269452
7,755,popularity,0.8,1.0,0.7532124658873869
7,755,random,0.6,0.3333333333333333,0.5523388781158067
7,756,fixed-general,0.6,1.0,0.7529996143378341
7,756,fixed-specific,0.6,1.0,0.8905752861861328
7,756,learned,0.8,1.0,0.8605034401687252
7,756,popularity,0.4,1.0,0.5355506519720075
7,756,random,0.8,1.0,0.7629187302106887
7,757,fixed-general,0.6,1.0,0.7265177384591679
7,757,fixed-specific,0.2,0.2,0.6382458302379378
7,757,learned,0.4,1.0,0.6872249015041975
7,757,popularity,0.6,1.0,0.7950527960773872
7,757,random,0.2,0.5,0.6370426150744092
7,758,fixed-general,0.6,0.5,0.695288469773353
7,758,fixed-specific,0.4,1.0,0.6047909954761169
7,758,learned,0.6,1.0,0.7327751229568087
7,758,popularity,0.2,1.0,0.394789622219392
7,758,random,0.2,0.3333333333333333,0.27913667743048665
7,759,fixed-general,0.4,0.5,0.6864231448093615
7,759,fixed-specific,0.2,0.3333333333333333,0.4483971140822898
7,759,learned,0.4,0.5,0.6765142965891183
7,759,popularity,0.4,1.0,0.7925117434660276
7,759,random,0.2,0.25,0.34525256054466086
7,760,fixed-general,0.0,0.0,0.5251409528486481
7,760,fixed-specific,0.0,0.0,0.5036042891611557
7,760,learned,0.0,0.0,0.4542988719899895
7,760,popularity,0.0,0.0,0.2496603840698414
7,760,random,0.2,1.0,0.7503396159301586
7,761,fixed-general,0.2,0.25,0.5819361850858192
7,761,fixed-specific,0.2,0.5,0.6104173288227939
7,761,learned,0.2,0.5,0.52938922355977
7,761,popularity,0.6,1.0,0.8025380947381092
7,761,random,0.0,0.0,0.3435509568305687
7,762,fixed-general,0.8,1.0,0.856819775879023
7,762,fixed-specific,0.8,1.0,0.897929353284756
7,762,learned,0.6,1.0,0.8198933281179092
7,762,popularity,0.8,1.0,0.8509392388733055
7,762,random,0.4,1.0,0.6047275876381942
7,763,fixed-general,0.8,1.0,0.8131907771993677
7,763,fixed-specific,0.6,1.0,0.6548944816587293
7,763,learned,0.8,1.0,0.7754352608773023
7,763,popularity,0.6,1.0,0.7514406955804204
7,763,random,0.6,0.5,0.6122586341479895
7,764,fixed-general,0.4,0.3333333333333333,0.6051855416776092
7,764,fixed-specific,0.6,0.5,0.8432115724046808
7,764,learned,0.4,0.3333333333333333,0.646910188523972
7,764,popularity,0.6,1.0,0.7994765465672335
7,764,random,0.0,0.0,0.5029134359701415
7,765,fixed-general,1.0,1.0,0.8882866175020359
7,765,fixed-specific,1.0,1.0,0.9099863463556914
7,765,learned,1.0,1.0,0.9210878868801213
7,765,popularity,1.0,1.0,0.9634829125393233
7,765,random,1.0,1.0,0.8728149230223939
7,766,fixed-general,0.4,0.5,0.47155934220734047
7,766,fixed-specific,0.4,0.5,0.44718228338008387
7,766,learned,0.4,0.5,0.47155934220734047
7,766,popularity,0.2,0.3333333333333333,0.28144069163512647
7,766,random,0.4,1.0,0.6500202946885463
7,767,fixed-general,0.8,1.0,0.7754155469362467
7,767,fixed-specific,1.0,1.0,0.8824086793035105
7,767,learned,0.8,1.0,0.7976186279851065
7,767,popularity,1.0,1.0,0.9671987306219145
7,767,random,0.8,1.0,0.8941645557005614
7,768,fixed-general,1.0,1.0,0.861713382497964
7,768,fixed-specific,1.0,1.0,0.8400136536443085
7,768,learned,1.0,1.0,0.861713382497964
7,768,popularity,1.0,1.0,0.8458915918428338
7,768,random,1.0,1.0,0.7828012693780854
7,769,fixed-general,0.4,0.3333333333333333,0.5919117759262892
7,769,fixed-specific,0.4,0.5,0.6352364313028943
7,769,learned,0.4,0.3333333333333333,0.5874605752001633
7,769,popularity,0.4,0.5,0.4687982314762145
7,769,random,0.4,1.0,0.5356529692499115
7,770,fixed-general,0.8,1.0,0.8851308880701323
7,770,fixed-specific,0.4,1.0,0.6934822860018383
7,770,learned,0.8,1.0,0.8939782891983252
7,770,popularity,0.6,1.0,0.8679840540976737
7,770,random,0.2,0.5,0.6192928124939644
7,771,fixed-general,0.2,0.5,0.5221735031445413
7,771,fixed-specific,0.6,0.5,0.695288469773353
7,771,learned,0.4,0.5,0.5570151393733858
7,771,popularity,1.0,1.0,0.8984294899244509
7,771,random,0.6,0.5,0.5703137412277047
7,772,fixed-general,0.4,1.0,0.7263072245340809
7,772,fixed-specific,0.8,1.0,0.904546517252682
7,772,learned,0.8,1.0,0.9177808451885342
7,772,popularity,0.6,1.0,0.689380776772967
7,772,random,0.2,0.3333333333333333,0.5433723930896103
7,773,fixed-general,1.0,1.0,0.8443220749053792
7,773,fixed-specific,1.0,1.0,0.8443220749053792
7,773,learned,1.0,1.0,0.8443220749053792
7,773,popularity,0.6,1.0,0.8962319459236574
7,773,random,0.4,1.0,0.7645886423774341
7,774,fixed-general,0.8,0.5,0.7017270361422726
7,774,fixed-specific,0.6,1.0,0.7886792075766109
7,774,learned,0.8,1.0,0.7754155469362467
7,774,popularity,0.8,1.0,0.7976186279851065
7,774,random,0.8,0.5,0.7441220618014746
7,775,fixed-general,0.6,1.0,0.7554857561259873
7,775,fixed-specific,0.6,1.0,0.7596688857706065
7,775,learned,0.6,1.0,0.7471711847969628
7,775,popularity,0.8,1.0,0.856819775879023
7,775,random,1.0,1.0,0.8854316523111123
7,776,fixed-general,0.6,1.0,0.7038891562582068
7,776,fixed-specific,0.6,0.5,0.6593320104830706
7,776,learned,0.6,1.0,0.7038891562582068
7,776,popularity,1.0,1.0,0.9576049743407979
7,776,random,0.6,0.5,0.5497807481010407
7,777,fixed-general,0.4,1.0,0.7342082640713224
7,777,fixed-specific,0.2,0.5,0.726012574442273
7,777,learned,0.4,1.0,0.7342082640713224
7,777,popularity,0.4,1.0,0.8899717613116096
7,777,random,0.2,0.3333333333333333,0.4888628869567341
7,778,fixed-general,0.2,0.2,0.47413575614121456
7,778,fixed-specific,0.2,0.5,0.5608606347751719
7,778,learned,0.2,0.3333333333333333,0.5844635458649088
7,778,popularity,0.6,1.0,0.825376134899249
7,778,random,0.2,0.25,0.5081881979308044
7,779,fixed-general,0.8,0.5,0.7995452228690382
7,779,fixed-specific,0.6,0.5,0.6482595121987297
7,779,learned,0.8,0.5,0.7995452228690382
7,779,popularity,0.8,1.0,0.8275568238288641
7,779,random,0.4,0.3333333333333333,0.402955145422053
7,780,fixed-general,0.6,0.5,0.5797177368994596
7,780,fixed-specific,0.4,0.5,0.48499607065805705
7,780,learned,0.6,0.5,0.5986649405164554
7,780,popularity,0.4,1.0,0.6505826697809401
7,780,random,0.4,1.0,0.515003929341943
7,781,fixed-general,0.6,0.5,0.7613662931317051
7,781,fixed-specific,0.4,0.3333333333333333,0.5778648065274171
7,781,learned,0.6,0.3333333333333333,0.7363708911844177
7,781,popularity,1.0,1.0,0.8443220749053792
7,781,random,0.6,0.3333333333333333,0.628419707463456
7,782,fixed-general,1.0,1.0,0.8984294899244509
7,782,fixed-specific,1.0,1.0,0.9421735276055474
7,782,learned,1.0,1.0,0.8984294899244509
7,782,popularity,1.0,1.0,0.8984294899244509
7,782,random,0.6,0.5,0.6078003944111603
7,783,fixed-general,0.2,0.5,0.6814687206992398
7,783,fixed-specific,0.2,1.0,0.5692877667715291
7,783,learned,0.2,1.0,0.7231933675456027
7,783,popularity,0.4,1.0,0.7945221224571118
7,783,random,0.2,0.3333333333333333,0.5820794418130179
7,784,fixed-general,0.6,0.3333333333333333,0.6886441498107586
7,784,fixed-specific,0.8,1.0,0.8443220749053792
7,784,learned,0.4,1.0,0.7418573029510624
7,784,popularity,0.8,1.0,0.8181959207568106
7,784,random,0.4,0.5,0.6708325669912145
7,785,fixed-general,1.0,1.0,1.0
7,785,fixed-specific,0.8,1.0,0.9269658250786468
7,785,learned,1.0,1.0,1.0
7,785,popularity,0.4,1.0,0.669580102636808
7,785,random,1.0,1.0,0.9576049743407979
7,786,fixed-general,0.2,0.5,0.5139246859126889
7,786,fixed-specific,0.8,1.0,0.811473620303333
7,786,learned,0.4,0.5,0.5907291200389485
7,786,popularity,1.0,1.0,0.9362032067372894
7,786,random,0.4,0.5,0.5258530833469838
7,787,fixed-general,0.4,1.0,0.7586243475510318
7,787,fixed-specific,0.4,1.0,0.667539114496828
7,787,learned,0.4,1.0,0.7133457376231512
7,787,popularity,0.2,1.0,0.6159668377280135
7,787,random,0.4,1.0,0.7182389434354812
7,788,fixed-general,0.6,1.0,0.7182733059389612
7,788,fixed-specific,0.6,1.0,0.7557599591224168
7,788,learned,0.6,1.0,0.7575661428939316
7,788,popularity,0.4,1.0,0.5812031907025226
7,788,random,0.4,0.25,0.4014663890215239
7,789,fixed-general,0.6,0.5,0.7530517218026804
7,789,fixed-specific,0.6,1.0,0.7102447370358489
7,789,learned,0.8,0.5,0.7965953335317203
7,789,popularity,0.8,0.5,0.7899781695637943
7,789,random,0.2,0.5,0.44961631770339083
7,790,fixed-general,0.4,0.5,0.6171649929772594
7,790,fixed-specific,0.6,1.0,0.8112083661378376
7,790,learned,0.4,1.0,0.7307579214439966
7,790,popularity,0.4,1.0,0.8540594207419969
7,790,random,0.2,0.5,0.5791082428336226
7,791,fixed-general,0.8,1.0,0.923220509861574
7,791,fixed-specific,0.8,1.0,0.8242950167406361
7,791,learned,1.0,1.0,1.0
7,791,popularity,0.8,1.0,0.8546854522433548
7,791,random,0.4,0.5,0.5336659212273454
7,792,fixed-general,0.4,1.0,0.6612671530622786
7,792,fixed-specific,0.2,0.2,0.4302143413021074
7,792,learned,0.4,0.5,0.5804208085431618
7,792,popularity,0.4,0.5,0.687447105513079
7,792,random,0.2,0.25,0.5309249037330259
7,793,fixed-general,0.2,0.5,0.5534965661836319
7,793,fixed-specific,0.4,0.25,0.5851401474938922
7,793,learned,0.2,0.25,0.5365170874606766
7,793,popularity,0.8,1.0,0.8930068676327362
7,793,random,0.0,0.0,0.4465034338163681
7,794,fixed-general,1.0,1.0,0.9634829125393233
7,794,fixed-specific,0.6,1.0,0.8248461988617992
7,794,learned,1.0,1.0,0.9306816431612379
7,794,popularity,0.8,1.0,0.8786928612209193
7,794,random,0.6,0.5,0.7320160892289356
7,795,fixed-general,0.8,1.0,0.915209948681596
7,795,fixed-specific,1.0,1.0,0.9576049743407979
7,795,learned,0.8,1.0,0.915209948681596
7,795,popularity,0.8,1.0,0.7971152757899023
7,795,random,0.2,0.25,0.3706528029064597
7,796,fixed-general,0.2,1.0,0.569498547238179
7,796,fixed-specific,0.4,1.0,0.6488378545270514
7,796,learned,0.4,1.0,0.6433514427604067
7,796,popularity,0.8,1.0,0.8659226621304695
7,796,random,0.8,1.0,0.7857950399191751
7,797,fixed-general,0.8,1.0,0.872030241689027
7,797,fixed-specific,1.0,1.0,0.954447338710583
7,797,learned,1.0,1.0,0.954447338710583
7,797,popularity,1.0,1.0,0.9088946774211658
7,797,random,0.6,1.0,0.7170787924114131
7,798,fixed-general,0.4,0.5,0.8065614169098242
7,798,fixed-specific,0.2,0.3333333333333333,0.5245136622613527
7,798,learned,0.2,0.3333333333333333,0.6597159886072315
7,798,popularity,0.0,0.0,0.6083264271176694
7,798,random,0.0,0.0,0.5909337069508637
7,799,fixed-general,0.6,1.0,0.7171281258474823
7,799,fixed-specific,0.6,0.5,0.7107630578724144
7,799,learned,0.6,0.5,0.6835038619923601
7,799,popularity,0.4,0.5,0.629966046789367
7,799,random,0.4,1.0,0.6037860943385666
7,800,fixed-general,0.8,0.5,0.7968589798489021
7,800,fixed-specific,0.4,0.5,0.7067808878561571
7,800,learned,0.6,0.5,0.7460737248111275
7,800,popularity,0.6,1.0,0.7835603779945831
7,800,random,0.6,1.0,0.909921908007255
7,801,fixed-general,1.0,1.0,0.915209948681596
7,801,fixed-specific,1.0,1.0,0.915209948681596
7,801,learned,1.0,1.0,0.915209948681596
7,801,popularity,1.0,1.0,0.9634829125393233
7,801,random,0.8,1.0,0.8824086793035105
7,802,fixed-general,0.2,0.25,0.40947355846163525
7,802,fixed-specific,0.2,0.2,0.469652047556211
7,802,learned,0.0,0.0,0.3868344785016324
7,802,popularity,0.0,0.0,0.39648306837778635
7,802,random,0.2,0.5,0.6753737368099435
7,803,fixed-general,0.2,1.0,0.664952029985497
7,803,fixed-specific,0.4,0.5,0.6875133976094774
7,803,learned,0.2,1.0,0.6757523235980422
7,803,popularity,0.8,1.0,0.7965953335317203
7,803,random,0.6,1.0,0.7932005188095232
7,804,fixed-general,0.4,0.5,0.6066500944300314
7,804,fixed-specific,0.4,1.0,0.7951764741266983
7,804,learned,0.6,0.5,0.687447105513079
7,804,popularity,0.6,0.5,0.7210713693682012
7,804,random,0.4,1.0,0.6672067158157254
7,805,fixed-general,0.6,0.5,0.589266758971678
7,805,fixed-specific,0.4,0.5,0.5477483559407017
7,805,learned,0.6,0.3333333333333333,0.5296341028057107
7,805,popularity,0.6,1.0,0.7835603779945831
7,805,random,0.6,1.0,0.8431930341605507
7,806,fixed-general,0.6,1.0,0.8412011934135963
7,806,fixed-specific,0.8,1.0,0.9513105500524313
7,806,learned,0.6,1.0,0.8412011934135963
7,806,popularity,1.0,1.0,1.0
7,806,random,0.6,1.0,0.7442890884191097
7,807,fixed-general,1.0,1.0,0.9041084081571661
7,807,fixed-specific,0.8,1.0,0.830419897363192
7,807,learned,1.0,1.0,0.8786928612209193
7,807,popularity,1.0,1.0,0.9137021644382827
7,807,random,0.6,0.5,0.5432484740298944
7,808,fixed-general,0.4,0.5,0.6745292682578647
7,808,fixed-specific,0.2,0.3333333333333333,0.5481677382451928
7,808,learned,0.4,0.5,0.6674880509011867
7,808,popularity,0.6,1.0,0.857330469197966
7,808,random,0.2,1.0,0.6059942106396455
7,809,fixed-general,0.6,1.0,0.7886792075766109
7,809,fixed-specific,0.6,1.0,0.7573857224418388
7,809,learned,0.6,1.0,0.7234267649959281
7,809,popularity,1.0,1.0,0.9210878868801213
7,809,random,1.0,1.0,0.9671987306219145
7,810,fixed-general,0.4,0.5,0.7138221052128352
7,810,fixed-specific,0.6,0.5,0.7898177624922239
7,810,learned,0.4,0.5,0.7067808878561571
7,810,popularity,1.0,1.0,0.9492147449622255
7,810,random,0.2,0.2,0.5874605752001633
7,811,fixed-general,0.2,0.25,0.7480731135642684
7,811,fixed-specific,0.0,0.0,0.622565845075026
7,811,learned,0.2,0.25,0.7480731135642684
7,811,popularity,0.2,0.3333333333333333,0.7562688031933178
7,811,random,0.2,0.5,0.6669006102835531
7,812,fixed-general,0.2,0.5,0.7379954215781759
7,812,fixed-specific,0.2,0.5,0.6942603957407286
7,812,learned,0.4,0.5,0.7817304474156231
7,812,popularity,0.6,1.0,0.8849362192510436
7,812,random,0.8,1.0,0.928671245088491
7,813,fixed-general,0.6,1.0,0.8140127911121916
7,813,fixed-specific,0.6,1.0,0.7679834570996312
7,813,learned,0.6,1.0,0.8265104920858354
7,813,popularity,0.4,0.5,0.5492529300953278
7,813,random,0.6,0.3333333333333333,0.6886441498107586
7,814,fixed-general,0.6,1.0,0.8140127911121916
7,814,fixed-specific,0.4,0.25,0.5931906670634407
7,814,learned,0.6,0.5,0.7530517218026804
7,814,popularity,1.0,1.0,0.9875022990263562
7,814,random,0.8,1.0,0.8634369398469492
7,815,fixed-general,0.2,0.5,0.6231058256175556
7,815,fixed-specific,0.4,1.0,0.6458371650439272
7,815,learned,0.2,1.0,0.6583348660175709
7,815,popularity,0.8,1.0,0.9153468108652272
7,815,random,0.6,0.5,0.7119421443969476
7,816,fixed-general,0.8,1.0,0.8530337046359621
7,816,fixed-specific,1.0,1.0,0.8985863659253792
7,816,learned,0.8,1.0,0.8570262815927502
7,816,popularity,0.8,1.0,0.900958856943659
7,816,random,0.6,1.0,0.5878651199474837
7,817,fixed-general,1.0,1.0,0.9041084081571661
7,817,fixed-specific,0.8,1.0,0.7617558763970508
7,817,learned,1.0,1.0,0.834790051318404
7,817,popularity,1.0,1.0,0.8882866175020359
7,817,random,1.0,1.0,0.8400136536443085
7,818,fixed-general,0.2,0.2,0.7509239423979068
7,818,fixed-specific,0.0,0.0,0.7261360332967424
7,818,learned,0.0,0.0,0.6995343809083447
7,818,popularity,0.0,0.0,0.5932959439177204
7,818,random,0.4,0.25,0.8919478197221425
7,819,fixed-general,0.6,1.0,0.7773029934969424
7,819,fixed-specific,0.8,1.0,0.8750252714543517
7,819,learned,0.6,1.0,0.8216499997860249
7,819,popularity,0.2,0.3333333333333333,0.5856543914286485
7,819,random,0.6,0.5,0.593717959697804
7,820,fixed-general,0.6,1.0,0.7363708911844177
7,820,fixed-specific,0.4,1.0,0.7060616073912299
7,820,learned,0.6,1.0,0.7363708911844177
7,820,popularity,0.8,1.0,0.8676200694915681
7,820,random,1.0,1.0,0.8854316523111123
7,822,fixed-general,0.6,1.0,0.6965034338163681
7,822,fixed-specific,0.6,1.0,0.777577667052181
7,822,learned,0.6,1.0,0.7293047031944536
7,822,popularity,1.0,1.0,0.9671987306219145
7,822,random,0.6,0.5,0.5284311154228734
7,823,fixed-general,0.6,1.0,0.7507030562665353
7,823,fixed-specific,0.6,0.5,0.6236503122503684
7,823,learned,0.6,1.0,0.696511502855909
7,823,popularity,0.8,1.0,0.7603082961186196
7,823,random,0.8,0.5,0.6236503122503684
7,824,fixed-general,0.8,0.5,0.7939028099025153
7,824,fixed-specific,0.8,0.5,0.7880248717039899
7,824,learned,0.8,0.5,0.7880248717039899
7,824,popularity,1.0,1.0,0.9210878868801213
7,824,random,0.8,1.0,0.8140947545128576
7,825,fixed-general,0.2,0.2,0.205366586227104
7,825,fixed-specific,0.2,0.5,0.37240775466177
7,825,learned,0.2,0.3333333333333333,0.2398438404755162
7,825,popularity,0.6,0.5,0.6837960516905489
7,825,random,0.0,0.0,0.3750527716163811
7,826,fixed-general,0.2,0.5,0.5861793778564417
7,826,fixed-specific,0.2,0.5,0.5408866708060898
7,826,learned,0.0,0.0,0.4890284877480252
7,826,popularity,0.6,0.3333333333333333,0.6343002444691735
7,826,random,0.4,0.5,0.5886134121797487
7,827,fixed-general,0.4,1.0,0.8662970418817082
7,827,fixed-specific,0.4,0.5,0.8226641075238404
7,827,learned,0.4,1.0,0.8662970418817082
7,827,popularity,0.2,1.0,0.8153807673520377
7,827,random,0.2,0.3333333333333333,0.6596172701117505
7,828,fixed-general,0.6,1.0,0.6747327134044383
7,828,fixed-specific,0.8,1.0,0.7754352608773023
7,828,learned,0.8,1.0,0.7425600757439113
7,828,popularity,0.8,1.0,0.7552350599060309
7,828,random,0.8,1.0,0.780836014787045
7,829,fixed-general,0.4,1.0,0.6960723026323905
7,829,fixed-specific,0.6,1.0,0.7531149421678056
7,829,learned,0.4,1.0,0.6934822860018383
7,829,popularity,0.4,1.0,0.6872249015041975
7,829,random,0.2,1.0,0.6059942106396455
7,830,fixed-general,0.8,1.0,0.778735355120006
7,830,fixed-specific,0.8,1.0,0.7091127585841113
7,830,learned,0.8,1.0,0.7611015405244298
7,830,popularity,0.6,1.0,0.8274043288765652
7,830,random,1.0,1.0,1.0
7,831,fixed-general,0.4,0.5,0.6642154030232885
7,831,fixed-specific,0.6,0.5,0.7554857561259873
7,831,learned,0.6,0.5,0.7380682985455163
7,831,popularity,1.0,1.0,0.9397755576526973
7,831,random,0.8,1.0,0.8920488162790383
7,832,fixed-general,0.2,0.3333333333333333,0.5250545847553482
7,832,fixed-specific,0.0,0.0,0.4961171312403239
7,832,learned,0.2,0.3333333333333333,0.5296878391926498
7,832,popularity,0.6,0.5,0.7765880733587891
7,832,random,0.0,0.0,0.35995417152617165
7,833,fixed-general,0.4,1.0,0.7341619244238323
7,833,fixed-specific,0.8,1.0,0.8546854522433548
7,833,learned,0.4,1.0,0.7341619244238323
7,833,popularity,0.4,1.0,0.8413868503890358
7,833,random,0.0,0.0,0.49738248320741835
7,834,fixed-general,0.4,0.3333333333333333,0.584876095734416
7,834,fixed-specific,0.4,0.25,0.5155487671356667
7,834,learned,0.4,0.3333333333333333,0.584876095734416
7,834,popularity,0.6,1.0,0.8439279496663065
7,834,random,0.4,0.5,0.4882401728256033
7,835,fixed-general,0.6,0.5,0.7531149421678056
7,835,fixed-specific,0.6,1.0,0.8153926152883844
7,835,learned,0.6,1.0,0.7950527960773872
7,835,popularity,0.8,1.0,0.7968589798489021
7,835,random,0.6,1.0,0.7194765211024898
7,836,fixed-general,1.0,1.0,0.904546517252682
7,836,fixed-specific,1.0,1.0,0.9397755576526973
7,836,learned,1.0,1.0,0.9397755576526973
7,836,popularity,0.8,1.0,0.900363387608063
7,836,random,0.2,0.25,0.3880885932340625
7,837,fixed-general,0.4,0.3333333333333333,0.5885058694009951
7,837,fixed-specific,0.2,1.0,0.6330630151761315
7,837,learned,0.4,0.3333333333333333,0.5810742332358129
7,837,popularity,0.6,1.0,0.6748037049627126
7,837,random,0.8,1.0,0.8115825382214351
7,838,fixed-general,0.8,1.0,0.7330205212770446
7,838,fixed-specific,1.0,1.0,0.8824086793035105
7,838,learned,1.0,1.0,0.8289121131198786
7,838,popularity,1.0,1.0,0.9099863463556914
7,838,random,0.6,0.5,0.6515502781424001
7,839,fixed-general,0.2,0.5,0.8131504231744371
7,839,fixed-specific,0.2,0.2,0.7290988186673494
7,839,learned,0.2,0.5,0.8131504231744371
7,839,popularity,0.0,0.0,0.6099914003164064
7,839,random,0.2,0.5,0.7595026014246349
7,840,fixed-general,0.4,1.0,0.7049747040846422
7,840,fixed-specific,0.4,0.3333333333333333,0.6934822860018383
7,840,learned,0.4,0.3333333333333333,0.645287047594616
7,840,popularity,0.8,1.0,0.8343456330323578
7,840,random,0.4,0.5,0.7664135440221246
7,841,fixed-general,0.4,0.5,0.5384815039339035
7,841,fixed-specific,0.6,1.0,0.6713362830193264
7,841,learned,0.4,0.3333333333333333,0.43070860968477265
7,841,popularity,0.2,1.0,0.661230666403546
7,841,random,0.6,0.3333333333333333,0.7327751229568087
7,842,fixed-general,0.2,0.2,0.6255613638018404
7,842,fixed-specific,0.0,0.0,0.508154723016234
7,842,learned,0.2,0.2,0.6255613638018404
7,842,popularity,0.6,1.0,0.8699746492501925
7,842,random,0.0,0.0,0.672274592591594
7,843,fixed-general,1.0,1.0,0.8443220749053792
7,843,fixed-specific,1.0,1.0,0.8854316523111123
7,843,learned,1.0,1.0,0.8812485226664931
7,843,popularity,0.6,1.0,0.8098296614675725
7,843,random,0.6,0.5,0.6015052383924653
7,844,fixed-general,0.6,1.0,0.7131355488906943
7,844,fixed-specific,0.4,1.0,0.7194512834296929
7,844,learned,0.6,1.0,0.7028272373949077
7,844,popularity,1.0,1.0,1.0
7,844,random,0.6,1.0,0.7420641641453262
7,845,fixed-general,0.2,0.2,0.597348290746242
7,845,fixed-specific,0.4,0.3333333333333333,0.47444725906591834
7,845,learned,0.4,0.25,0.6460377406938107
7,845,popularity,0.6,0.5,0.8432115724046808
7,845,random,0.6,1.0,0.8947838491734952
7,846,fixed-general,1.0,1.0,0.8034965661836319
7,846,fixed-specific,1.0,1.0,0.7499999999999999
7,846,learned,1.0,1.0,0.792395025659202
7,846,popularity,1.0,1.0,0.8786928612209193
7,846,random,0.6,1.0,0.6699301988122962
7,847,fixed-general,1.0,1.0,0.7499999999999999
7,847,fixed-specific,1.0,1.0,0.7865170874606766
7,847,learned,1.0,1.0,0.7499999999999999
7,847,popularity,1.0,1.0,0.8882866175020359
7,847,random,0.6,1.0,0.6748037049627126
7,848,fixed-general,0.0,0.0,0.46154736351721726
7,848,fixed-specific,0.4,0.5,0.5795622138885157
7,848,learned,0.0,0.0,0.46154736351721726
7,848,popularity,0.2,1.0,0.5719842695216995
7,848,random,0.4,0.25,0.5280464681093104
7,849,fixed-general,0.2,0.3333333333333333,0.6059942106396455
7,849,fixed-specific,0.2,0.2,0.6382458302379378
7,849,learned,0.2,0.3333333333333333,0.6497382483207419
7,849,popularity,0.2,0.5,0.6192928124939644
7,849,random,0.4,1.0,0.6815704856145429
7,850,fixed-general,0.6,1.0,0.7514406955804204
7,850,fixed-specific,0.6,1.0,0.8039481881372962
7,850,learned,0.8,1.0,0.8330290089450767
7,850,popularity,1.0,1.0,0.9184116866353436
7,850,random,0.6,1.0,0.6225397192464066
7,851,fixed-general,0.2,0.5,0.6249420198203038
7,851,fixed-specific,0.2,0.2,0.597348290746242
7,851,learned,0.2,0.5,0.6249420198203038
7,851,popularity,0.4,0.3333333333333333,0.7182389434354812
7,851,random,0.2,0.25,0.5457760139774275
7,852,fixed-general,0.2,0.5,0.6205151229021416
7,852,fixed-specific,0.0,0.0,0.0
7,852,learned,0.2,0.5,0.5644244467626702
7,852,popularity,0.0,0.0,0.2635277529255671
7,852,random,0.0,0.0,0.3814645415350613
7,853,fixed-general,0.6,0.5,0.6011151941687384
7,853,fixed-specific,0.6,0.5,0.48603608976367135
7,853,learned,0.6,1.0,0.6949956495730548
7,853,popularity,0.4,1.0,0.6098555020791626
7,853,random,0.8,1.0,0.7532124658873869
7,854,fixed-general,0.4,0.5,0.6122515951372862
7,854,fixed-specific,0.6,0.5,0.5640563567300639
7,854,learned,0.6,0.5,0.6559956328183826
7,854,popularity,0.8,1.0,0.9054707072811292
7,854,random,0.4,0.3333333333333333,0.33431813287032824
7,855,fixed-general,0.8,1.0,0.8073956271442654
7,855,fixed-specific,0.0,0.0,0.52177180586452
7,855,learned,0.8,1.0,0.7840976325580767
7,855,popularity,0.6,1.0,0.9153468108652272
7,855,random,0.2,0.2,0.4096374924989392
7,856,fixed-general,0.8,1.0,0.8098535343648248
7,856,fixed-specific,0.6,1.0,0.7210713693682012
7,856,learned,0.8,1.0,0.7706166076144062
7,856,popularity,0.8,1.0,0.8593494391749608
7,856,random,0.4,0.25,0.5206165922372393
7,857,fixed-general,0.4,1.0,0.7976428127079396
7,857,fixed-specific,0.6,0.3333333333333333,0.7765191606379049
7,857,learned,0.4,1.0,0.8413868503890358
7,857,popularity,0.8,1.0,0.8821214891350887
7,857,random,0.0,0.0,0.4580896462524479
7,858,fixed-general,1.0,1.0,0.8093489420470388
7,858,fixed-specific,1.0,1.0,0.8631008549624842
7,858,learned,1.0,1.0,0.8093489420470388
7,858,popularity,1.0,1.0,0.9008563712845497
7,858,random,1.0,1.0,0.8093489420470388
7,859,fixed-general,0.2,0.5,0.3835824365834362
7,859,fixed-specific,0.4,0.5,0.5321688178859825
7,859,learned,0.2,0.5,0.3835824365834362
7,859,popularity,0.6,1.0,0.7928533165444878
7,859,random,0.4,1.0,0.6037860943385666
7,860,fixed-general,0.4,1.0,0.6392200010760012
7,860,fixed-specific,0.6,1.0,0.8617395324858506
7,860,learned,0.4,1.0,0.635036871431382
7,860,popularity,0.4,0.5,0.6708325669912145
7,860,random,0.6,0.5,0.7721665867442502
7,861,fixed-general,0.4,0.3333333333333333,0.8071850777229883
7,861,fixed-specific,0.4,0.25,0.7938083721161653
7,861,learned,0.4,0.3333333333333333,0.8071850777229883
7,861,popularity,0.0,0.0,0.5634538809163061
7,861,random,0.0,0.0,0.6514215804827012
7,862,fixed-general,0.4,1.0,0.6260228032686481
7,862,fixed-specific,0.4,1.0,0.6034099225530148
7,862,learned,0.4,1.0,0.6260228032686481
7,862,popularity,1.0,1.0,0.8058609574080366
7,862,random,0.4,0.3333333333333333,0.5867858765182297
7,863,fixed-general,0.4,1.0,0.8071850777229883
7,863,fixed-specific,0.0,0.0,0.638044874875878
7,863,learned,0.2,0.5,0.6750962999126026
7,863,popularity,0.0,0.0,0.5331976521652614
7,863,random,0.2,0.2,0.565556205110335
7,864,fixed-general,0.4,0.25,0.7257339056001305
7,864,fixed-specific,0.2,0.25,0.5786131740719704
7,864,learned,0.4,0.3333333333333333,0.7442675410396127
7,864,popularity,0.4,1.0,0.645287047594616
7,864,random,0.4,0.5,0.7253145232956393
7,865,fixed-general,0.6,0.5,0.8432115724046808
7,865,fixed-specific,0.6,0.5,0.830419897363192
7,865,learned,0.6,0.3333333333333333,0.8156178433306188
7,865,popularity,0.8,1.0,0.9434732991210639
7,865,random,0.4,1.0,0.7925117434660276
7,866,fixed-general,1.0,1.0,0.9184116866353436
7,866,fixed-specific,0.8,1.0,0.8531817390896298
7,866,learned,1.0,1.0,0.9069336520050753
7,866,popularity,0.8,1.0,0.8844980054656071
7,866,random,0.8,1.0,0.7174795435839654
7,867,fixed-general,1.0,1.0,1.0
7,867,fixed-specific,1.0,1.0,1.0
7,867,learned,1.0,1.0,1.0
7,867,popularity,1.0,1.0,1.0
7,867,random,0.2,0.5,0.31424799145091087
7,869,fixed-general,0.4,0.3333333333333333,0.44434131370043384
7,869,fixed-specific,0.0,0.0,0.18068164316123797
7,869,learned,0.4,0.25,0.4214379830556096
7,869,popularity,0.6,1.0,0.6673720687975302
7,869,random,0.4,1.0,0.4991465516293076
7,870,fixed-general,0.8,1.0,0.8090930345053641
7,870,fixed-specific,0.4,0.5,0.5443331734885004
7,870,learned,0.8,1.0,0.8090930345053641
7,870,popularity,0.4,1.0,0.7895840443247215
7,870,random,0.4,1.0,0.728056319855393
7,871,fixed-general,0.8,1.0,0.9242748093029945
7,871,fixed-specific,1.0,1.0,0.9936842654610014
7,871,learned,0.8,1.0,0.9481316041715844
7,871,popularity,0.8,1.0,0.7147556348292026
7,871,random,0.4,1.0,0.5396131292903042
7,872,fixed-general,0.6,1.0,0.5656699688161335
7,872,fixed-specific,0.2,0.5,0.3412636831889418
7,872,learned,0.6,1.0,0.5886260380766701
7,872,popularity,0.6,1.0,0.5981831847239621
7,872,random,0.6,1.0,0.7876372931450719
7,873,fixed-general,0.8,1.0,0.8032124974996465
7,873,fixed-specific,0.8,1.0,0.8073956271442654
7,873,learned,0.8,1.0,0.8032124974996465
7,873,popularity,0.6,1.0,0.8551223685179244
7,873,random,1.0,1.0,0.8812485226664931
7,874,fixed-general,1.0,1.0,0.9210878868801213
7,874,fixed-specific,0.6,0.5,0.42259567112343466
7,874,learned,1.0,1.0,0.9210878868801213
7,874,popularity,1.0,1.0,1.0
7,874,random,1.0,1.0,0.792395025659202
7,875,fixed-general,0.4,0.5,0.7067808878561571
7,875,fixed-specific,0.6,0.5,0.7575661428939316
7,875,learned,0.2,0.5,0.6630368501750608
7,875,popularity,0.8,1.0,0.9492147449622255
7,875,random,0.8,1.0,0.9117280917787699
7,876,fixed-general,0.6,1.0,0.6409174084370997
7,876,fixed-specific,0.8,1.0,0.7812694729956967
7,876,learned,0.6,1.0,0.6159220064898123
7,876,popularity,0.6,1.0,0.7541824740039617
7,876,random,0.2,0.2,0.35699099451845273
7,877,fixed-general,0.8,1.0,0.865079104405067
7,877,fixed-specific,1.0,1.0,1.0
7,877,learned,1.0,1.0,0.9671987306219145
7,877,popularity,1.0,1.0,0.8882866175020359
7,877,random,1.0,1.0,0.8675913206964894
7,878,fixed-general,0.6,1.0,0.819972692711383
7,878,fixed-specific,0.8,1.0,0.8941645557005614
7,878,learned,0.6,1.0,0.8274043288765652
7,878,popularity,0.6,1.0,0.7908872414158887
7,878,random,1.0,1.0,0.8675913206964894
7,879,fixed-general,0.4,0.5,0.489921883546249
7,879,fixed-specific,0.4,1.0,0.6015430099135197
7,879,learned,0.4,0.5,0.489921883546249
7,879,popularity,0.8,1.0,0.8984294899244509
7,879,random,0.2,0.5,0.5362559378578976
7,880,fixed-general,0.6,0.5,0.580419897363192
7,880,fixed-specific,0.8,0.5,0.665209948681596
7,880,learned,0.6,0.5,0.599607409925425
7,880,popularity,1.0,1.0,0.9576049743407979
7,880,random,0.8,1.0,0.7632636606403641
7,881,fixed-general,1.0,1.0,1.0
7,881,fixed-specific,0.8,1.0,0.9125299483251055
7,881,learned,0.8,1.0,0.9562649741625527
7,881,popularity,0.8,1.0,0.9562649741625527
7,881,random,0.2,0.3333333333333333,0.6081295867966463
7,882,fixed-general,0.2,0.25,0.46132079242338914
7,882,fixed-specific,0.4,0.25,0.52692333117956
7,882,learned,0.2,0.25,0.46132079242338914
7,882,popularity,0.8,1.0,0.8734692588950149
7,882,random,0.2,0.5,0.5280810192473852
7,883,fixed-general,1.0,1.0,0.9421735276055474
7,883,fixed-specific,1.0,1.0,0.8984294899244509
7,883,learned,1.0,1.0,0.9377223268794214
7,883,popularity,1.0,1.0,0.8984294899244509
7,883,random,1.0,1.0,0.8984294899244509
7,884,fixed-general,0.4,1.0,0.7438222935184587
7,884,fixed-specific,0.2,0.25,0.6716210907767882
7,884,learned,0.4,1.0,0.7925117434660276
7,884,popularity,0.4,1.0,0.7925117434660276
7,884,random,0.2,0.3333333333333333,0.38202278328090217
7,885,fixed-general,0.6,0.5,0.773893196484256
7,885,fixed-specific,0.4,1.0,0.8362467693034749
7,885,learned,0.6,0.5,0.7994765465672335
7,885,popularity,0.6,1.0,0.8560032474461695
7,885,random,0.8,1.0,0.9513105500524313
7,886,fixed-general,0.6,0.5,0.7573857224418388
7,886,fixed-specific,0.6,1.0,0.6869096775352516
7,886,learned,0.6,0.5,0.764817358607021
7,886,popularity,1.0,1.0,0.946503433816368
7,886,random,0.8,1.0,0.7605981883292258
7,887,fixed-general,0.2,1.0,0.5159161186469007
7,887,fixed-specific,0.2,1.0,0.5229573360035789
7,887,learned,0.2,1.0,0.5159161186469007
7,887,popularity,0.4,1.0,0.7031135199890687
7,887,random,0.4,0.5,0.46434703075008865
7,888,fixed-general,0.6,1.0,0.650014150470055
7,888,fixed-specific,0.8,1.0,0.7415215797075658
7,888,learned,0.6,1.0,0.6538559856223839
7,888,popularity,0.8,1.0,0.86917813568301
7,888,random,0.6,1.0,0.6068578802382469
7,890,fixed-general,0.2,0.25,0.4117359311488924
7,890,fixed-specific,0.4,0.25,0.43957233159810316
7,890,learned,0.2,0.25,0.4117359311488924
7,890,popularity,0.6,1.0,0.8905752861861328
7,890,random,0.6,1.0,0.7190859331680977
7,891,fixed-general,0.0,0.0,0.05942379709744163
7,891,fixed-specific,0.0,0.0,0.4608248614420479
7,891,learned,0.0,0.0,0.0
7,891,popularity,0.2,1.0,0.6345450437721334
7,891,random,0.0,0.0,0.2724558813422326
7,892,fixed-general,0.4,0.3333333333333333,0.5901055921547744
7,892,fixed-specific,0.4,1.0,0.5901055921547744
7,892,learned,0.4,1.0,0.6307852305767685
7,892,popularity,0.6,1.0,0.8591366529694805
7,892,random,0.2,0.2,0.2631930586215566
7,893,fixed-general,0.6,1.0,0.7442890884191097
7,893,fixed-specific,0.4,1.0,0.703436889402908
7,893,learned,0.4,1.0,0.7458326725095431
7,893,popularity,0.4,1.0,0.6568190367442152
7,893,random,0.0,0.0,0.33333333333333337
7,894,fixed-general,1.0,1.0,1.0
7,894,fixed-specific,1.0,1.0,0.9671987306219145
7,894,learned,1.0,1.0,1.0
7,894,popularity,0.8,1.0,0.7729033306448243
7,894,random,0.6,1.0,0.7459340857419207
7,895,fixed-general,0.8,1.0,0.8546854522433548
7,895,fixed-specific,0.8,1.0,0.8406030175299983
7,895,learned,1.0,1.0,0.8984294899244509
7,895,popularity,0.6,1.0,0.7601561595244838
7,895,random,0.6,1.0,0.8039001972055801
7,896,fixed-general,0.6,1.0,0.7974661675761491
7,896,fixed-specific,0.8,0.5,0.660839794726384
7,896,learned,0.6,1.0,0.7422787094280253
7,896,popularity,0.8,1.0,0.928671245088491
7,896,random,0.4,0.5,0.48094526726647324
7,897,fixed-general,0.4,1.0,0.6346427461923092
7,897,fixed-specific,0.8,0.5,0.6945246868164763
7,897,learned,0.4,1.0,0.6638212777842156
7,897,popularity,0.6,1.0,0.6683985326679076
7,897,random,0.4,0.3333333333333333,0.4316322049631023
7,898,fixed-general,0.4,0.25,0.6409174084370997
7,898,fixed-specific,0.4,0.5,0.6642154030232885
7,898,learned,0.2,0.2,0.5998078310313668
7,898,popularity,0.8,1.0,0.8676200694915681
7,898,random,0.6,1.0,0.7948979261706218
7,899,fixed-general,1.0,1.0,0.8631008549624842
7,899,fixed-specific,0.8,1.0,0.7255251831141858
7,899,learned,1.0,1.0,0.8307460925501616
7,899,popularity,0.6,1.0,0.7738763421198886
7,899,random,0.6,1.0,0.6823689128823777
7,900,fixed-general,0.4,1.0,0.6392200010760012
7,900,fixed-specific,0.2,1.0,0.5981104236702681
7,900,learned,0.4,1.0,0.635036871431382
7,900,popularity,1.0,1.0,0.8443220749053792
7,900,random,0.4,0.3333333333333333,0.5520810896577077
7,901,fixed-general,0.2,1.0,0.5594401368490775
7,901,fixed-specific,0.2,0.25,0.5437656349863431
7,901,learned,0.2,0.5,0.4759908431563517
7,901,popularity,0.2,1.0,0.7359850425870915
7,901,random,0.6,0.3333333333333333,0.7442890884191097
7,902,fixed-general,1.0,1.0,0.8289121131198786
7,902,fixed-specific,1.0,1.0,0.8251962950372874
7,902,learned,1.0,1.0,0.8289121131198786
7,902,popularity,1.0,1.0,0.946503433816368
7,902,random,1.0,1.0,0.877185076977606
7,903,fixed-general,1.0,1.0,0.8570235742419587
7,903,fixed-specific,1.0,1.0,0.8131907771993677
7,903,learned,1.0,1.0,0.8570235742419587
7,903,popularity,0.8,1.0,0.7316024638347113
7,903,random,0.2,0.2,0.31482774800163876
7,904,fixed-general,0.2,0.25,0.5020409881399802
7,904,fixed-specific,0.2,0.3333333333333333,0.35396225930618935
7,904,learned,0.2,0.3333333333333333,0.4463867350912054
7,904,popularity,0.6,1.0,0.7826028952457845
7,904,random,0.2,0.3333333333333333,0.4670156610640614
7,905,fixed-general,1.0,1.0,1.0
7,905,fixed-specific,1.0,1.0,1.0
7,905,learned,1.0,1.0,1.0
7,905,popularity,1.0,1.0,0.9671987306219145
7,905,random,1.0,1.0,0.8193183568387621
7,906,fixed-general,0.8,1.0,0.7706166076144062
7,906,fixed-specific,1.0,1.0,0.8514136186974538
7,906,learned,1.0,1.0,0.8411053072016672
7,906,popularity,0.8,1.0,0.8850378825525761
7,906,random,0.6,0.5,0.7329997668024961
7,907,fixed-general,0.4,0.5,0.6272889552621747
7,907,fixed-specific,0.6,1.0,0.7018784777466108
7,907,learned,0.4,0.5,0.6272889552621747
7,907,popularity,0.6,1.0,0.7209933426881806
7,907,random,0.2,0.5,0.4018895763297318
7,908,fixed-general,0.4,1.0,0.6977554170088656
7,908,fixed-specific,0.4,1.0,0.7194512834296929
7,908,learned,0.6,1.0,0.7682441165961266
7,908,popularity,0.8,1.0,0.883958639123322
7,908,random,0.2,0.25,0.576477565022443
7,909,fixed-general,0.8,1.0,0.7702617761402644
7,909,fixed-specific,0.6,1.0,0.7486637414416798
7,909,learned,0.8,1.0,0.8109414145622583
7,909,popularity,0.6,1.0,0.7823571628310546
7,909,random,0.2,0.25,0.36217355206655344
7,910,fixed-general,0.6,0.5,0.6659128103843871
7,910,fixed-specific,0.6,1.0,0.7297537272164916
7,910,learned,0.6,0.5,0.7721665867442502
7,910,popularity,0.8,1.0,0.8659226621304695
7,910,random,0.4,0.5,0.4363819897675387
7,911,fixed-general,0.8,1.0,0.7483798986843249
7,911,fixed-specific,0.8,1.0,0.7597674536093655
7,911,learned,0.8,1.0,0.7483798986843249
7,911,popularity,0.6,1.0,0.7785524280919133
7,911,random,0.4,0.3333333333333333,0.2816279599995612
7,912,fixed-general,0.8,1.0,0.9562649741625527
7,912,fixed-specific,0.8,1.0,0.8869465982421281
7,912,learned,0.8,1.0,0.9125299483251055
7,912,popularity,1.0,1.0,1.0
7,912,random,0.6,0.5,0.8432115724046808
7,913,fixed-general,0.4,1.0,0.5939272940256491
7,913,fixed-specific,0.6,1.0,0.6869467424496601
7,913,learned,0.4,1.0,0.587310130057723
7,913,popularity,1.0,1.0,0.8812485226664931
7,913,random,0.4,0.25,0.5823903734508955
7,914,fixed-general,0.6,1.0,0.7765732350040719
7,914,fixed-specific,0.4,0.5,0.6265307411049851
7,914,learned,0.6,1.0,0.7765732350040719
7,914,popularity,0.8,1.0,0.8554853481239504
7,914,random,0.8,0.5,0.5745419591646665
7,915,fixed-general,0.4,0.5,0.6474167356762958
7,915,fixed-specific,0.6,1.0,0.49623621689252834
7,915,learned,0.6,0.5,0.6790949712778356
7,915,popularity,0.8,1.0,0.737679744555237
7,915,random,1.0,1.0,0.8093489420470388
7,916,fixed-general,1.0,1.0,0.9576049743407979
7,916,fixed-specific,1.0,1.0,1.0
7,916,learned,1.0,1.0,0.9576049743407979
7,916,popularity,1.0,1.0,0.946503433816368
7,916,random,0.8,1.0,0.8193183568387621
7,917,fixed-general,0.4,0.3333333333333333,0.5233767183080699
7,917,fixed-specific,0.2,0.2,0.37806217055142455
7,917,learned,0.2,0.3333333333333333,0.44479104439812905
7,917,popularity,0.8,1.0,0.9187693091354482
7,917,random,0.6,0.5,0.7182733059389612
7,918,fixed-general,0.2,1.0,0.5653079995905711
7,918,fixed-specific,0.6,1.0,0.6933265247915775
7,918,learned,0.2,1.0,0.6369771970823729
7,918,popularity,0.4,1.0,0.7136851792583551
7,918,random,0.4,0.3333333333333333,0.4430521975248697
7,919,fixed-general,0.2,0.5,0.37685895538789593
7,919,fixed-specific,0.6,1.0,0.7124353037458115
7,919,learned,0.4,0.5,0.4947374662528072
7,919,popularity,0.6,1.0,0.7182733059389612
7,919,random,0.4,0.5,0.489921883546249
7,920,fixed-general,0.4,0.3333333333333333,0.6568190367442152
7,920,fixed-specific,0.6,1.0,0.8799817951409221
7,920,learned,0.6,0.5,0.773893196484256
7,920,popularity,0.4,0.5,0.7945221224571118
7,920,random,0.4,1.0,0.7846744925346604
7,921,fixed-general,0.6,1.0,0.7297657240217653
7,921,fixed-specific,0.8,1.0,0.8343456330323578
7,921,learned,0.6,1.0,0.7557599591224168
7,921,popularity,0.4,0.5,0.5247635197750935
7,921,random,0.0,0.0,0.20939840464873874
7,924,fixed-general,0.8,1.0,0.9026211001048624
7,924,fixed-specific,0.8,1.0,0.8573424901769817
7,924,learned,0.8,1.0,0.9125299483251055
7,924,popularity,0.8,1.0,0.9562649741625527
7,924,random,0.6,1.0,0.8560032474461695
7,925,fixed-general,0.6,0.5,0.6864231448093615
7,925,fixed-specific,0.8,0.5,0.773893196484256
7,925,learned,0.6,0.5,0.6864231448093615
7,925,popularity,0.8,1.0,0.8573424901769817
7,925,random,1.0,1.0,1.0
7,926,fixed-general,0.4,0.5,0.4938446672346172
7,926,fixed-specific,0.6,1.0,0.7109293109690898
7,926,learned,0.6,1.0,0.7952260217962931
7,926,popularity,0.6,1.0,0.7060489797804157
7,926,random,0.6,0.3333333333333333,0.38041966477291506
7,927,fixed-general,0.6,0.3333333333333333,0.7041280326110629
7,927,fixed-specific,0.8,1.0,0.8516228203322161
7,927,learned,0.4,1.0,0.7799536228404141
7,927,popularity,0.6,1.0,0.8177091391624797
7,927,random,0.4,0.25,0.5825487573561444
7,928,fixed-general,0.8,0.5,0.7488685921580613
7,928,fixed-specific,0.8,0.5,0.7488685921580613
7,928,learned,0.8,0.5,0.7488685921580613
7,928,popularity,1.0,1.0,0.9875022990263562
7,928,random,0.6,1.0,0.7293596019774187
7,929,fixed-general,0.8,0.5,0.665209948681596
7,929,fixed-specific,0.8,0.5,0.7441220618014746
7,929,learned,0.8,0.5,0.665209948681596
7,929,popularity,1.0,1.0,0.946503433816368
7,929,random,0.8,1.0,0.8289121131198786
7,930,fixed-general,1.0,1.0,0.9625133468165444
7,930,fixed-specific,0.4,1.0,0.6916761022303235
7,930,learned,0.8,1.0,0.9214143260900591
7,930,popularity,0.8,1.0,0.8109414145622583
7,930,random,0.6,0.5,0.6078003944111603
7,931,fixed-general,0.8,1.0,0.8314226193609445
7,931,fixed-specific,0.8,1.0,0.8253453386404189
7,931,learned,1.0,1.0,0.9008563712845497
7,931,popularity,0.4,1.0,0.8029096921009509
7,931,random,0.6,1.0,0.7251632138886234
7,932,fixed-general,0.4,1.0,0.7040711515478641
7,932,fixed-specific,0.6,0.3333333333333333,0.7317558526495395
7,932,learned,0.6,1.0,0.8137967778855437
7,932,popularity,0.8,1.0,0.8280976663381182
7,932,random,0.6,1.0,0.7610113677623219
7,934,fixed-general,0.6,0.3333333333333333,0.7025644415727468
7,934,fixed-specific,0.8,0.5,0.773893196484256
7,934,learned,0.6,0.3333333333333333,0.7025644415727468
7,934,popularity,0.6,1.0,0.8412011934135963
7,934,random,0.6,0.5,0.6765142965891183
7,935,fixed-general,0.6,0.3333333333333333,0.5103082807414526
7,935,fixed-specific,0.2,0.2,0.190522637420727
7,935,learned,0.2,0.3333333333333333,0.28686445110930575
7,935,popularity,0.4,1.0,0.5838725429906956
7,935,random,0.6,1.0,0.53200414716228
7,936,fixed-general,0.6,1.0,0.6260273889097809
7,936,fixed-specific,0.6,1.0,0.7691415988388896
7,936,learned,0.6,1.0,0.6510928396705395
7,936,popularity,0.4,1.0,0.5216997288536556
7,936,random,0.6,1.0,0.6223115708271898
7,937,fixed-general,0.8,1.0,0.9562649741625527
7,937,fixed-specific,0.4,1.0,0.7133457376231512
7,937,learned,0.8,1.0,0.9562649741625527
7,937,popularity,0.8,0.5,0.773893196484256
7,937,random,0.4,0.3333333333333333,0.3494746300967187
7,939,fixed-general,0.8,0.5,0.6228149230223939
7,939,fixed-specific,0.8,1.0,0.7744111148881376
7,939,learned,0.8,0.5,0.6169369848238685
7,939,popularity,0.8,1.0,0.7976186279851065
7,939,random,1.0,1.0,0.8458915918428338
7,940,fixed-general,0.6,1.0,0.8799817951409221
7,940,fixed-specific,0.2,0.25,0.7153561166142355
7,940,learned,0.4,0.3333333333333333,0.7669283933830501
7,940,popularity,0.2,1.0,0.7797200684245388
7,940,random,0.4,0.25,0.7590911424516829
7,941,fixed-general,0.8,1.0,0.753992561579621
7,941,fixed-specific,0.6,0.5,0.5717819164219526
7,941,learned,0.6,0.5,0.5987142739525245
7,941,popularity,0.8,1.0,0.8657145071500285
7,941,random,0.8,1.0,0.6908988399606129
7,942,fixed-general,0.8,1.0,0.8673345930885368
7,942,fixed-specific,0.2,0.2,0.44721455912244434
7,942,learned,0.8,1.0,0.8450978841584552
7,942,popularity,0.8,1.0,0.8696577506707475
7,942,random,0.8,0.5,0.7619283820571279
7,943,fixed-general,0.4,0.25,0.580692966089797
7,943,fixed-specific,0.4,1.0,0.664952029985497
7,943,learned,0.6,0.3333333333333333,0.5931906670634407
7,943,popularity,0.4,1.0,0.7429880551523438
7,943,random,0.2,0.25,0.5670645129148719
7,944,fixed-general,0.0,0.0,0.5049238149612258
7,944,fixed-specific,0.2,0.2,0.5408215898673059
7,944,learned,0.0,0.0,0.5049238149612258
7,944,popularity,0.4,1.0,0.7635787716611534
7,944,random,0.6,0.3333333333333333,0.8156178433306188
7,945,fixed-general,0.8,1.0,0.9513105500524313
7,945,fixed-specific,0.8,1.0,0.928671245088491
7,945,learned,0.8,1.0,0.9562649741625527
7,945,popularity,0.8,1.0,0.928671245088491
7,945,random,0.4,0.3333333333333333,0.6051855416776092
7,946,fixed-general,0.6,1.0,0.8387968337584836
7,946,fixed-specific,0.6,1.0,0.7835603779945831
7,946,learned,0.6,1.0,0.8228532149495537
7,946,popularity,1.0,1.0,0.8984294899244509
7,946,random,0.6,1.0,0.7835603779945831
7,947,fixed-general,0.4,0.5,0.6875133976094774
7,947,fixed-specific,0.6,0.5,0.7721665867442502
7,947,learned,0.4,0.5,0.7244398453705913
7,947,popularity,0.6,0.5,0.7613662931317051
7,947,random,0.6,0.5,0.7011418507844024
7,948,fixed-general,1.0,1.0,1.0
7,948,fixed-specific,0.8,1.0,0.934397461243829
7,948,learned,1.0,1.0,1.0
7,948,popularity,1.0,1.0,1.0
7,948,random,0.8,0.5,0.7404062437188833
7,949,fixed-general,0.4,0.3333333333333333,0.34874142917137524
7,949,fixed-specific,0.2,0.25,0.19485486233085253
7,949,learned,0.4,0.3333333333333333,0.36026693462836196
7,949,popularity,0.8,1.0,0.8505843242958706
7,949,random,0.2,0.25,0.3339894529365649
7,950,fixed-general,1.0,1.0,0.9088946774211658
7,950,fixed-specific,0.8,1.0,0.7968458935012759
7,950,learned,1.0,1.0,0.942518941276288
7,950,popularity,0.8,1.0,0.9072745914826575
7,950,random,0.6,1.0,0.7899399830169539
7,951,fixed-general,1.0,1.0,0.8458915918428338
7,951,fixed-specific,0.6,0.5,0.7128285766667025
7,951,learned,0.8,1.0,0.8458915918428338
7,951,popularity,1.0,1.0,0.9671987306219145
7,951,random,0.8,1.0,0.77692333117956
7,952,fixed-general,0.4,0.5,0.6771387940172924
7,952,fixed-specific,0.6,0.3333333333333333,0.692518925899121
7,952,learned,0.4,0.5,0.6482101787626605
7,952,popularity,0.6,1.0,0.843477798219947
7,952,random,0.6,1.0,0.6699060451834878
7,953,fixed-general,0.6,1.0,0.8638404983775366
7,953,fixed-specific,0.8,1.0,0.9562649741625527
7,953,learned,0.6,1.0,0.8638404983775366
7,953,popularity,1.0,1.0,1.0
7,953,random,0.6,0.3333333333333333,0.7442890884191097
7,954,fixed-general,0.8,1.0,0.753992561579621
7,954,fixed-specific,0.6,1.0,0.6921427541135693
7,954,learned,0.8,1.0,0.7626314537008302
7,954,popularity,0.6,0.5,0.736992343759284
7,954,random,1.0,1.0,0.9258948952415028
7,955,fixed-general,0.8,1.0,0.7961108437417932
7,955,fixed-specific,1.0,1.0,0.946503433816368
7,955,learned,0.8,1.0,0.8072123842662231
7,955,popularity,0.2,1.0,0.669580102636808
7,955,random,0.4,0.25,0.6021196262168474
7,956,fixed-general,0.8,0.5,0.8208269766773071
7,956,fixed-specific,0.6,1.0,0.7830714603552418
7,956,learned,0.8,1.0,0.8784207247450816
7,956,popularity,0.8,1.0,0.9145698514830147
7,956,random,0.0,0.0,0.36369932972841007
7,957,fixed-general,0.6,1.0,0.8189682606632739
7,957,fixed-specific,0.6,1.0,0.849607409925425
7,957,learned,0.6,1.0,0.8189682606632739
7,957,popularity,0.2,0.2,0.5232075130969689
7,957,random,0.4,0.25,0.4675488267974027
7,958,fixed-general,0.6,1.0,0.8460943992259263
7,958,fixed-specific,0.8,1.0,0.9562649741625527
7,958,learned,0.8,1.0,0.9434732991210639
7,958,popularity,0.6,1.0,0.907575524214984
7,958,random,0.8,1.0,0.9562649741625527
7,959,fixed-general,1.0,1.0,0.9306816431612379
7,959,fixed-specific,1.0,1.0,0.8251962950372874
7,959,learned,1.0,1.0,0.9099863463556914
7,959,popularity,1.0,1.0,0.9306816431612379
7,959,random,1.0,1.0,0.877185076977606
7,960,fixed-general,0.6,1.0,0.9054707072811292
7,960,fixed-specific,0.6,0.5,0.720079489710476
7,960,learned,0.6,1.0,0.909921908007255
7,960,popularity,0.6,1.0,0.8794764721804778
7,960,random,0.0,0.0,0.46513086360912614
7,961,fixed-general,0.8,1.0,0.7899781695637943
7,961,fixed-specific,0.6,1.0,0.689380776772967
7,961,learned,0.8,1.0,0.771599931584433
7,961,popularity,0.8,1.0,0.9177808451885342
7,961,random,0.4,1.0,0.5516869644186349
7,962,fixed-general,0.8,1.0,0.7514406955804204
7,962,fixed-specific,0.8,1.0,0.7430804984649796
7,962,learned,0.8,1.0,0.7629187302106887
7,962,popularity,1.0,1.0,0.8093489420470388
7,962,random,0.4,1.0,0.5444312718085166
7,963,fixed-general,0.4,1.0,0.7068198143516956
7,963,fixed-specific,0.2,0.3333333333333333,0.5827932995614417
7,963,learned,0.4,1.0,0.6675828876012772
7,963,popularity,0.6,1.0,0.9255187234559511
7,963,random,0.0,0.0,0.4916879769826074
7,964,fixed-general,0.6,0.5,0.6454957885069432
7,964,fixed-specific,0.8,1.0,0.9222535217876725
7,964,learned,0.6,1.0,0.7623983074896203
7,964,popularity,0.6,1.0,0.6522970668649701
7,964,random,0.4,0.3333333333333333,0.4216550470217469
7,965,fixed-general,0.8,0.5,0.6340177538766749
7,965,fixed-specific,0.4,1.0,0.6808099941249639
7,965,learned,0.6,0.5,0.6061813534274639
7,965,popularity,1.0,1.0,0.9008563712845497
7,965,random,1.0,1.0,0.8131907771993677
7,966,fixed-general,0.4,0.5,0.6745292682578647
7,966,fixed-specific,0.2,0.25,0.5919117759262892
7,966,learned,0.4,0.25,0.6312046128812596
7,966,popularity,0.6,1.0,0.7906015953512613
7,966,random,0.4,1.0,0.647932064549227
7,967,fixed-general,0.2,1.0,0.6987173195870016
7,967,fixed-specific,0.2,0.5,0.5977497781194387
7,967,learned,0.2,1.0,0.6942661188608756
7,967,popularity,0.6,1.0,0.8039001972055801
7,967,random,0.0,0.0,0.352067935450773
7,968,fixed-general,0.4,0.3333333333333333,0.5879504251407244
7,968,fixed-specific,0.2,0.3333333333333333,0.5704723284923584
7,968,learned,0.2,0.3333333333333333,0.5388240945175038
7,968,popularity,0.4,1.0,0.6914831936142345
7,968,random,0.0,0.0,0.23417657667263517
7,969,fixed-general,0.8,1.0,0.7754155469362467
7,969,fixed-specific,0.6,1.0,0.72307666882044
7,969,learned,0.8,1.0,0.7754155469362467
7,969,popularity,1.0,1.0,0.946503433816368
7,969,random,0.6,0.5,0.4993456641273791
7,970,fixed-general,0.8,1.0,0.8476442348866765
7,970,fixed-specific,0.8,1.0,0.909921908007255
7,970,learned,0.8,1.0,0.8476442348866765
7,970,popularity,0.8,1.0,0.8591366529694805
7,970,random,0.8,1.0,0.8109414145622583
7,971,fixed-general,0.6,1.0,0.7168486344464263
7,971,fixed-specific,0.4,0.5,0.3123900728687839
7,971,learned,0.4,1.0,0.5356636390899842
7,971,popularity,0.4,0.5,0.41887985304084346
7,971,random,0.6,0.5,0.5624359865921276
7,972,fixed-general,0.6,1.0,0.7666240306576183
7,972,fixed-specific,0.8,1.0,0.8411053072016672
7,972,learned,0.6,1.0,0.7666240306576183
7,972,popularity,0.8,1.0,0.8514136186974538
7,972,random,0.4,1.0,0.6307184518691384
7,973,fixed-general,0.2,0.3333333333333333,0.5737425910413533
7,973,fixed-specific,0.4,1.0,0.7698423938357731
7,973,learned,0.4,0.5,0.7226695063410282
7,973,popularity,0.8,1.0,0.8546854522433548
7,973,random,0.4,0.25,0.5671207559891663
7,974,fixed-general,0.8,1.0,0.9233154151616565
7,974,fixed-specific,0.8,1.0,0.8698244375935933
7,974,learned,0.8,1.0,0.9233154151616565
7,974,popularity,0.2,0.25,0.5392503722419671
7,974,random,0.2,0.25,0.35341210551276586
7,975,fixed-general,0.4,0.5,0.6708325669912145
7,975,fixed-specific,0.6,0.5,0.7011418507844024
7,975,learned,0.4,0.3333333333333333,0.6517177020496449
7,975,popularity,1.0,1.0,0.9808851350584302
7,975,random,0.8,1.0,0.8032124974996465
7,976,fixed-general,0.4,1.0,0.8390554867819391
7,976,fixed-specific,0.4,1.0,0.6868588252115196
7,976,learned,0.4,1.0,0.8390554867819391
7,976,popularity,0.2,0.3333333333333333,0.6307615347040754
7,976,random,0.4,0.3333333333333333,0.6091891394682029
7,977,fixed-general,0.4,0.5,0.5505085525290423
7,977,fixed-specific,0.4,1.0,0.7273986594568201
7,977,learned,0.6,1.0,0.7354442989870402
7,977,popularity,1.0,1.0,0.8471044583691042
7,977,random,0.8,0.5,0.7216833479618567
7,978,fixed-general,0.8,0.5,0.8869465982421281
7,978,fixed-specific,0.4,0.5,0.6736314697678727
7,978,learned,0.8,0.5,0.8869465982421281
7,978,popularity,1.0,1.0,1.0
7,978,random,0.4,1.0,0.8023593733884791
7,979,fixed-general,1.0,1.0,0.834790051318404
7,979,fixed-specific,0.8,1.0,0.7812934851347721
7,979,learned,1.0,1.0,0.834790051318404
7,979,popularity,1.0,1.0,1.0
7,979,random,0.8,1.0,0.7961108437417932
7,980,fixed-general,0.8,1.0,0.8476442348866765
7,980,fixed-specific,0.6,1.0,0.8039001972055801
7,980,learned,0.8,1.0,0.8476442348866765
7,980,popularity,0.6,1.0,0.7906015953512613
7,980,random,0.6,1.0,0.8851308880701323
7,981,fixed-general,1.0,1.0,0.7865170874606766
7,981,fixed-specific,0.8,1.0,0.5895103014491043
7,981,learned,1.0,1.0,0.7828012693780854
7,981,popularity,0.8,1.0,0.7330205212770446
7,981,random,0.8,1.0,0.665209948681596
7,982,fixed-general,0.2,0.5,0.538353991087991
7,982,fixed-specific,0.6,0.5,0.6778505509192658
7,982,learned,0.2,0.5,0.538353991087991
7,982,popularity,1.0,1.0,0.8909372554116952
7,982,random,0.4,0.5,0.6237366687782578
7,983,fixed-general,0.6,1.0,0.6937628400520776
7,983,fixed-specific,0.6,1.0,0.7290565232817772
7,983,learned,0.6,1.0,0.7496238128372813
7,983,popularity,0.6,1.0,0.8042408714695285
7,983,random,0.6,0.3333333333333333,0.6453461786711957
7,984,fixed-general,0.4,1.0,0.6986655539323022
7,984,fixed-specific,0.4,1.0,0.7426142775581612
7,984,learned,0.4,0.5,0.6552660962249912
7,984,popularity,0.6,1.0,0.6526006239138529
7,984,random,0.4,1.0,0.5139639102363287
7,985,fixed-general,0.6,1.0,0.8721445442095549
7,985,fixed-specific,0.0,0.0,0.48228450999728545
7,985,learned,0.4,1.0,0.7669283933830501
7,985,popularity,0.6,1.0,0.8997382732836168
7,985,random,0.0,0.0,0.46118878912377864
7,986,fixed-general,0.6,0.5,0.8382571482945591
7,986,fixed-specific,0.2,0.5,0.7379954215781759
7,986,learned,0.4,0.5,0.7866848715257447
7,986,popularity,0.8,1.0,0.9513105500524313
7,986,random,0.4,1.0,0.7458326725095431
7,987,fixed-general,0.2,0.3333333333333333,0.5891090341004402
7,987,fixed-specific,0.2,0.25,0.576477565022443
7,987,learned,0.2,0.25,0.6157144917728614
7,987,popularity,0.8,1.0,0.839485221263159
7,987,random,0.8,0.5,0.7722366935529146
7,988,fixed-general,0.6,1.0,0.8136074643395345
7,988,fixed-specific,0.8,1.0,0.9562649741625527
7,988,learned,0.6,1.0,0.8151510484299679
7,988,popularity,0.8,1.0,0.9434732991210639
7,988,random,0.6,1.0,0.7408782483994215
7,989,fixed-general,0.2,1.0,0.7562688031933178
7,989,fixed-specific,0.2,0.5,0.6802773158903762
7,989,learned,0.2,1.0,0.7696455088001409
7,989,popularity,0.4,1.0,0.8662970418817082
7,989,random,0.2,0.2,0.6683011036269227
7,990,fixed-general,1.0,1.0,1.0
7,990,fixed-specific,0.6,1.0,0.8997382732836168
7,990,learned,1.0,1.0,1.0
7,990,popularity,0.6,1.0,0.8947838491734952
7,990,random,0.8,0.5,0.8869465982421281
7,991,fixed-general,0.6,0.5,0.7762292705097026
7,991,fixed-specific,0.6,0.3333333333333333,0.7420641641453262
7,991,learned,0.8,0.5,0.8467179700969636
7,991,popularity,0.8,1.0,0.8617219301932404
7,991,random,0.4,1.0,0.665962801662769
7,992,fixed-general,0.8,1.0,0.8784207247450816
7,992,fixed-specific,0.8,1.0,0.8707370544404238
7,992,learned,0.8,1.0,0.8784207247450816
7,992,popularity,0.6,1.0,0.7700345069675597
7,992,random,0.2,0.3333333333333333,0.2809140668319023
7,993,fixed-general,0.6,0.5,0.7531149421678056
7,993,fixed-specific,0.6,0.5,0.695288469773353
7,993,learned,0.8,0.5,0.7968589798489021
7,993,popularity,0.8,1.0,0.8546854522433548
7,993,random,0.4,0.5,0.7023296871300311
7,994,fixed-general,0.8,1.0,0.7156450326552577
7,994,fixed-specific,1.0,1.0,0.861713382497964
7,994,learned,0.8,1.0,0.7633095743637077
7,994,popularity,1.0,1.0,0.8824086793035105
7,994,random,0.8,1.0,0.6939912175249456
7,995,fixed-general,0.6,1.0,0.7826028952457845
7,995,fixed-specific,0.4,0.3333333333333333,0.7281477916557243
7,995,learned,0.4,0.5,0.6736314697678727
7,995,popularity,0.6,1.0,0.8947838491734952
7,995,random,0.0,0.0,0.4753197068960795
7,996,fixed-general,0.6,1.0,0.6823689128823777
7,996,fixed-specific,0.8,1.0,0.7792770960296312
7,996,learned,0.6,1.0,0.6862107480347066
7,996,popularity,0.8,1.0,0.737679744555237
7,996,random,0.8,1.0,0.8307460925501616
7,997,fixed-general,0.4,1.0,0.7521263393504768
7,997,fixed-specific,0.6,0.5,0.7994765465672335
7,997,learned,0.4,1.0,0.7521263393504768
7,997,popularity,0.6,0.5,0.8382571482945591
7,997,random,0.6,0.3333333333333333,0.7442890884191097
7,998,fixed-general,0.8,1.0,0.7364515012500299
7,998,fixed-specific,0.6,0.5,0.5923985394135259
7,998,learned,0.8,1.0,0.7364515012500299
7,998,popularity,0.8,1.0,0.8058609574080366
7,998,random,0.4,0.5,0.5139246859126889
8,700,fixed-general,0.8,1.0,0.7955526459122501
8,700,fixed-specific,0.8,1.0,0.8031616280402744
8,700,learned,0.8,1.0,0.8177893548423316
8,700,popularity,0.8,0.5,0.7603082961186196
8,700,random,0.8,0.5,0.7722366935529146
8,701,fixed-general,1.0,1.0,0.8906505454478724
8,701,fixed-specific,0.6,1.0,0.6852861770653165
8,701,learned,1.0,1.0,0.9362032067372894
8,701,popularity,0.8,1.0,0.7892369113732516
8,701,random,0.2,0.2,0.3561092365436102
8,702,fixed-general,1.0,1.0,0.8984294899244509
8,702,fixed-specific,0.6,1.0,0.7773029934969424
8,702,learned,1.0,1.0,0.8984294899244509
8,702,popularity,1.0,1.0,0.8984294899244509
8,702,random,0.4,0.3333333333333333,0.6890310852757123
8,703,fixed-general,0.8,1.0,0.8306936217304544
8,703,fixed-specific,0.6,1.0,0.723873190210774
8,703,learned,0.8,1.0,0.9028491098915834
8,703,popularity,0.8,1.0,0.7621029200939134
8,703,random,0.2,0.2,0.4507470699046721
8,704,fixed-general,0.6,0.3333333333333333,0.674948650562356
8,704,fixed-specific,0.6,0.3333333333333333,0.6819898679190342
8,704,learned,0.4,0.5,0.6692942346727015
8,704,popularity,0.4,0.5,0.6122515951372862
8,704,random,0.2,0.3333333333333333,0.5419103537475521
8,705,fixed-general,0.6,0.5,0.7252037465366871
8,705,fixed-specific,0.4,0.5,0.7252037465366871
8,705,learned,0.6,0.5,0.7301581706468088
8,705,popularity,0.8,0.5,0.8869465982421281
8,705,random,0.4,1.0,0.6583626208346486
8,706,fixed-general,1.0,1.0,0.9671987306219145
8,706,fixed-specific,1.0,1.0,0.9248037049627126
8,706,learned,1.0,1.0,0.9671987306219145
8,706,popularity,1.0,1.0,1.0
8,706,random,0.6,0.3333333333333333,0.4623252244714983
8,707,fixed-general,0.2,0.3333333333333333,0.6468154442914268
8,707,fixed-specific,0.2,0.3333333333333333,0.46860123799124925
8,707,learned,0.2,0.2,0.6668156263921617
8,707,popularity,0.2,0.3333333333333333,0.6950042998417968
8,707,random,0.0,0.0,0.5595874354583857
8,708,fixed-general,0.8,1.0,0.7722366935529146
8,708,fixed-specific,0.8,1.0,0.7626314537008302
8,708,learned,0.6,1.0,0.7143794630436509
8,708,popularity,1.0,1.0,0.9362032067372894
8,708,random,0.6,0.3333333333333333,0.6350378671754091
8,709,fixed-general,0.2,0.5,0.8131504231744371
8,709,fixed-specific,0.2,0.5,0.8131504231744371
8,709,learned,0.2,0.5,0.8131504231744371
8,709,popularity,0.6,1.0,1.0
8,709,random,0.0,0.0,0.6099914003164064
8,710,fixed-general,0.4,1.0,0.5867858765182297
8,710,fixed-specific,0.6,1.0,0.7290565232817772
8,710,learned,0.4,1.0,0.5994173455962268
8,710,popularity,0.2,0.3333333333333333,0.4275150119343451
8,710,random,0.2,0.25,0.2543687641195068
8,711,fixed-general,0.0,0.0,0.4841546742868668
8,711,fixed-specific,0.2,0.25,0.4965536662435208
8,711,learned,0.0,0.0,0.4841546742868668
8,711,popularity,0.2,0.2,0.5659544952238295
8,711,random,0.2,0.3333333333333333,0.4583497038538931
8,712,fixed-general,0.8,1.0,0.7462841819174089
8,712,fixed-specific,1.0,1.0,0.9248037049627126
8,712,learned,0.8,1.0,0.7595937562811165
8,712,popularity,1.0,1.0,0.7865170874606766
8,712,random,1.0,1.0,0.8289121131198786
8,713,fixed-general,0.4,1.0,0.7317936363007257
8,713,fixed-specific,0.4,0.5,0.6774497309591406
8,713,learned,0.4,1.0,0.719295935327082
8,713,popularity,0.6,1.0,0.8223273624412162
8,713,random,0.8,1.0,0.7613662931317051
8,714,fixed-general,0.6,1.0,0.7690585609767358
8,714,fixed-specific,0.8,0.5,0.7968589798489021
8,714,learned,0.6,1.0,0.8153926152883844
8,714,popularity,0.8,1.0,0.8706290710522846
8,714,random,1.0,1.0,0.9377223268794214
8,715,fixed-general,0.4,0.5,0.5111015405244298
8,715,fixed-specific,0.4,0.5,0.4977919661607221
8,715,learned,0.4,0.5,0.47242233294781905
8,715,popularity,1.0,1.0,0.834790051318404
8,715,random,0.4,1.0,0.6102055982546508
8,716,fixed-general,0.4,1.0,0.7583499757529691
8,716,fixed-specific,0.6,1.0,0.8387968337584836
8,716,learned,0.6,1.0,0.8065452141601913
8,716,popularity,0.4,1.0,0.8458380511151619
8,716,random,0.2,1.0,0.5096587341492599
8,717,fixed-general,0.8,0.5,0.6534151094107434
8,717,fixed-specific,0.8,0.5,0.6534151094107434
8,717,learned,0.8,0.5,0.6534151094107434
8,717,popularity,0.8,1.0,0.8718031991361873
8,717,random,0.8,1.0,0.819326672958092
8,718,fixed-general,0.0,0.0,0.6099914003164064
8,718,fixed-specific,0.0,0.0,0.7345577848667816
8,718,learned,0.0,0.0,0.6272621413671771
8,718,popularity,0.4,1.0,0.912771991166959
8,718,random,0.2,0.5,0.5103698323238844
8,719,fixed-general,1.0,1.0,0.9492147449622255
8,719,fixed-specific,0.4,0.3333333333333333,0.543716537519067
8,719,learned,0.8,1.0,0.8706290710522846
8,719,popularity,1.0,1.0,0.8984294899244509
8,719,random,0.0,0.0,0.49112509870977766
8,720,fixed-general,0.2,1.0,0.4984922157566867
8,720,fixed-specific,0.6,0.5,0.4377631259059439
8,720,learned,0.2,0.5,0.3585009166105771
8,720,popularity,0.8,1.0,0.8930068676327362
8,720,random,0.6,0.5,0.7091127585841113
8,721,fixed-general,0.4,0.25,0.6819898679190342
8,721,fixed-specific,1.0,1.0,0.8984294899244509
8,721,learned,0.4,0.3333333333333333,0.6890310852757123
8,721,popularity,0.8,1.0,0.8869370718416469
8,721,random,0.4,0.5,0.39761815690338415
8,722,fixed-general,0.6,0.5,0.7128285766667025
8,722,fixed-specific,0.8,1.0,0.8289121131198786
8,722,learned,0.6,0.3333333333333333,0.6906254956178427
8,722,popularity,1.0,1.0,0.9099863463556914
8,722,random,0.4,0.3333333333333333,0.6043276600561253
8,723,fixed-general,0.8,0.5,0.8869465982421281
8,723,fixed-specific,0.6,1.0,0.8560032474461695
8,723,learned,0.8,1.0,0.928671245088491
8,723,popularity,0.8,1.0,0.9026211001048624
8,723,random,0.4,1.0,0.8510488233360479
8,724,fixed-general,0.6,1.0,0.6785195230453037
8,724,fixed-specific,0.4,1.0,0.4709145487045057
8,724,learned,0.6,1.0,0.6785195230453037
8,724,popularity,0.6,1.0,0.6924375195582888
8,724,random,0.8,1.0,0.693945303801602
8,725,fixed-general,0.2,0.25,0.6539663703971398
8,725,fixed-specific,0.0,0.0,0.5303352132397097
8,725,learned,0.2,0.25,0.6539663703971398
8,725,popularity,0.0,0.0,0.7833471457646615
8,725,random,0.4,1.0,0.7643807876418539
8,726,fixed-general,0.8,1.0,0.9054707072811292
8,726,fixed-specific,0.6,1.0,0.746857557670165
8,726,learned,0.6,1.0,0.8661778703261588
8,726,popularity,1.0,1.0,0.8984294899244509
8,726,random,0.6,1.0,0.7835603779945831
8,727,fixed-general,0.2,0.25,0.7153561166142355
8,727,fixed-specific,0.4,0.5,0.7866848715257447
8,727,learned,0.2,0.25,0.7153561166142355
8,727,popularity,0.6,1.0,0.8849362192510436
8,727,random,0.4,0.3333333333333333,0.7669283933830501
8,728,fixed-general,0.2,0.2,0.590383487645036
8,728,fixed-specific,0.2,0.2,0.590383487645036
8,728,learned,0.2,0.2,0.590383487645036
8,728,popularity,0.6,1.0,0.8008157892980458
8,728,random,0.6,0.5,0.7252037465366871
8,729,fixed-general,0.4,1.0,0.6642400653385894
8,729,fixed-specific,0.4,1.0,0.762801176479095
8,729,learned,0.4,1.0,0.6846348848736452
8,729,popularity,0.2,1.0,0.647932064549227
8,729,random,0.2,1.0,0.5856543914286485
8,730,fixed-general,0.8,1.0,0.7968324113804252
8,730,fixed-specific,0.8,0.5,0.7693579801567767
8,730,learned,0.8,1.0,0.7869132955075706
8,730,popularity,1.0,1.0,0.8192680579198933
8,730,random,0.8,1.0,0.8844980054656071
8,731,fixed-general,0.4,0.5,0.43153509153193037
8,731,fixed-specific,0.6,0.3333333333333333,0.4564472862729729
8,731,learned,0.6,0.3333333333333333,0.46383300871481165
8,731,popularity,1.0,1.0,1.0
8,731,random,0.4,0.25,0.6021196262168474
8,732,fixed-general,0.6,1.0,0.8151510484299679
8,732,fixed-specific,0.2,0.2,0.41296613407686067
8,732,learned,0.6,1.0,0.7994765465672335
8,732,popularity,0.4,1.0,0.7005540625816624
8,732,random,0.6,1.0,0.6886348353703349
8,733,fixed-general,0.6,1.0,0.589302564887453
8,733,fixed-specific,1.0,1.0,0.7754352608773023
8,733,learned,0.8,1.0,0.6648135975315839
8,733,popularity,0.8,1.0,0.8391062896656023
8,733,random,0.6,0.5,0.6023395182751351
8,734,fixed-general,0.4,0.25,0.6117219148160735
8,734,fixed-specific,0.2,0.2,0.572484988065655
8,734,learned,0.4,0.25,0.6117219148160735
8,734,popularity,1.0,1.0,0.954447338710583
8,734,random,0.6,1.0,0.6778911990970637
8,735,fixed-general,0.4,1.0,0.6549732819059052
8,735,fixed-specific,0.6,0.5,0.6585856494489348
8,735,learned,0.4,1.0,0.7323557406523175
8,735,popularity,0.6,1.0,0.7323557406523175
8,735,random,0.2,0.2,0.37806217055142455
8,736,fixed-general,0.8,1.0,0.8941645557005614
8,736,fixed-specific,1.0,1.0,0.9671987306219145
8,736,learned,0.8,1.0,0.8941645557005614
8,736,popularity,1.0,1.0,0.9248037049627126
8,736,random,0.8,1.0,0.8193183568387621
8,737,fixed-general,0.6,0.5,0.8382571482945591
8,737,fixed-specific,0.6,0.5,0.830419897363192
8,737,learned,0.6,0.5,0.8382571482945591
8,737,popularity,0.8,1.0,0.9562649741625527
8,737,random,0.4,0.3333333333333333,0.6051855416776092
8,738,fixed-general,0.6,1.0,0.7346734838233191
8,738,fixed-specific,0.4,1.0,0.6708325669912145
8,738,learned,0.6,1.0,0.728056319855393
8,738,popularity,0.4,1.0,0.7251764723327996
8,738,random,0.4,1.0,0.7102447370358489
8,739,fixed-general,0.2,0.3333333333333333,0.7231933675456027
8,739,fixed-specific,0.2,0.5,0.6505253699032814
8,739,learned,0.4,0.3333333333333333,0.7718828174931716
8,739,popularity,0.6,1.0,0.8721445442095549
8,739,random,0.2,1.0,0.73103061847697
8,740,fixed-general,0.4,1.0,0.787557319355906
8,740,fixed-specific,0.6,1.0,0.8997382732836168
8,740,learned,0.6,1.0,0.8560032474461695
8,740,popularity,0.2,1.0,0.7797200684245388
8,740,random,0.8,0.5,0.8869465982421281
8,741,fixed-general,0.0,0.0,0.19260437285573456
8,741,fixed-specific,0.6,1.0,0.5814295930520054
8,741,learned,0.2,0.2,0.24072523946846638
8,741,popularity,0.8,1.0,0.9136494035041286
8,741,random,0.8,0.5,0.5990712040691584
8,742,fixed-general,0.2,0.5,0.3260737003501214
8,742,fixed-specific,0.4,0.5,0.40465937426006227
8,742,learned,0.2,0.5,0.3260737003501214
8,742,popularity,0.4,0.5,0.5362559378578976
8,742,random,0.6,1.0,0.7093709044867094
8,743,fixed-general,0.4,1.0,0.5767519899763967
8,743,fixed-specific,0.6,1.0,0.6922790708383096
8,743,learned,0.4,1.0,0.5767519899763967
8,743,popularity,1.0,1.0,0.8984294899244509
8,743,random,0.2,1.0,0.5274085367297047
8,744,fixed-general,0.4,1.0,0.6145415505429047
8,744,fixed-specific,0.6,1.0,0.6100231885797929
8,744,learned,0.6,1.0,0.6823689128823777
8,744,popularity,0.6,1.0,0.7968324113804252
8,744,random,0.6,1.0,0.7601153910947052
8,745,fixed-general,0.6,1.0,0.7878866369636229
8,745,fixed-specific,0.4,1.0,0.7036275730679229
8,745,learned,0.6,1.0,0.7210450306483941
8,745,popularity,0.8,1.0,0.9052831442148904
8,745,random,0.6,1.0,0.7799145029134575
8,746,fixed-general,0.8,1.0,0.6648135975315839
8,746,fixed-specific,0.6,1.0,0.6199423044526474
8,746,learned,0.8,1.0,0.7255251831141858
8,746,popularity,1.0,1.0,0.9008563712845497
8,746,random,0.6,0.5,0.6001040727069384
8,747,fixed-general,0.4,0.25,0.5033802308707924
8,747,fixed-specific,0.4,0.5,0.6199875957101822
8,747,learned,0.4,0.25,0.5033802308707924
8,747,popularity,0.8,1.0,0.9562649741625527
8,747,random,0.8,1.0,0.928671245088491
8,748,fixed-general,0.6,1.0,0.8947838491734952
8,748,fixed-specific,0.4,0.3333333333333333,0.7281477916557243
8,748,learned,0.6,1.0,0.8947838491734952
8,748,popularity,0.8,1.0,0.928671245088491
8,748,random,0.2,0.25,0.47444725906591834
8,749,fixed-general,0.4,1.0,0.7005540625816624
8,749,fixed-specific,0.4,1.0,0.823455094261986
8,749,learned,0.4,1.0,0.8023593733884791
8,749,popularity,0.6,0.5,0.7994765465672335
8,749,random,0.2,0.25,0.627886064939341
8,750,fixed-general,0.6,1.0,0.907575524214984
8,750,fixed-specific,0.8,0.5,0.8869465982421281
8,750,learned,0.8,1.0,0.9513105500524313
8,750,popularity,0.4,1.0,0.7133457376231512
8,750,random,0.4,1.0,0.7586243475510318
8,751,fixed-general,1.0,1.0,0.9634829125393233
8,751,fixed-specific,1.0,1.0,0.9634829125393233
8,751,learned,1.0,1.0,0.9306816431612379
8,751,popularity,0.4,0.3333333333333333,0.6079975644153729
8,751,random,0.8,1.0,0.7521621201159342
8,752,fixed-general,1.0,1.0,0.9634829125393233
8,752,fixed-specific,0.8,1.0,0.915209948681596
8,752,learned,1.0,1.0,0.9576049743407979
8,752,popularity,1.0,1.0,0.946503433816368
8,752,random,0.8,1.0,0.8395103014491042
8,753,fixed-general,0.6,1.0,0.7359767659453448
8,753,fixed-specific,0.4,0.5,0.34092850702022076
8,753,learned,0.6,1.0,0.7359767659453448
8,753,popularity,0.4,1.0,0.6500202946885463
8,753,random,0.4,1.0,0.678580483160422
8,754,fixed-general,0.4,0.5,0.6148416117678385
8,754,fixed-specific,0.6,1.0,0.8046840300646178
8,754,learned,0.4,0.5,0.6541344487228089
8,754,popularity,0.4,1.0,0.7398163403134869
8,754,random,0.6,1.0,0.7735097617028616
8,755,fixed-general,0.0,0.0,0.13034224932925267
8,755,fixed-specific,0.2,0.25,0.24406045262372017
8,755,learned,0.0,0.0,0.09671798547413049
8,755,popularity,0.4,0.3333333333333333,0.47581633602759366
8,755,random,0.6,0.3333333333333333,0.4967597973686495
8,756,fixed-general,1.0,1.0,1.0
8,756,fixed-specific,1.0,1.0,1.0
8,756,learned,1.0,1.0,1.0
8,756,popularity,1.0,1.0,1.0
8,756,random,0.8,1.0,0.9562649741625527
8,757,fixed-general,0.2,1.0,0.5926956087853267
8,757,fixed-specific,0.2,0.3333333333333333,0.5044237005640966
8,757,learned,0.2,0.2,0.4858900651246143
8,757,popularity,0.6,1.0,0.9169631253639333
8,757,random,0.2,1.0,0.6567794656774201
8,758,fixed-general,1.0,1.0,1.0
8,758,fixed-specific,0.6,1.0,0.7714160225925206
8,758,learned,1.0,1.0,1.0
8,758,popularity,0.8,1.0,0.830419897363192
8,758,random,0.0,0.0,0.2182695525843769
8,759,fixed-general,0.4,1.0,0.7040711515478641
8,759,fixed-specific,0.4,1.0,0.5566133471106413
8,759,learned,0.4,1.0,0.6648342247974457
8,759,popularity,0.6,1.0,0.8042408714695285
8,759,random,0.6,1.0,0.7706166076144062
8,760,fixed-general,0.0,0.0,0.25064969555809496
8,760,fixed-specific,0.0,0.0,0.3344624604144117
8,760,learned,0.0,0.0,0.3252535281928198
8,760,popularity,0.2,1.0,0.6059641901508125
8,760,random,0.2,0.3333333333333333,0.3650719204939331
8,761,fixed-general,0.0,0.0,0.5165798542709259
8,761,fixed-specific,0.0,0.0,0.3678188478832348
8,761,learned,0.0,0.0,0.42790561776309005
8,761,popularity,0.2,1.0,0.7532633541065531
8,761,random,0.0,0.0,0.32438050319384554
8,762,fixed-general,1.0,1.0,0.8969662799868708
8,762,fixed-specific,0.8,1.0,0.8514136186974538
8,762,learned,1.0,1.0,0.8969662799868708
8,762,popularity,0.8,1.0,0.8617219301932404
8,762,random,0.6,0.5,0.5780976509609513
8,763,fixed-general,0.4,0.5,0.6397866562358184
8,763,fixed-specific,0.2,0.2,0.44582731329784464
8,763,learned,0.2,0.5,0.5206410536632387
8,763,popularity,0.4,1.0,0.6816328606037597
8,763,random,0.2,0.25,0.3511621454729486
8,764,fixed-general,0.6,1.0,0.7053249821429143
8,764,fixed-specific,0.6,1.0,0.7651541757788853
8,764,learned,0.4,1.0,0.6774885816937034
8,764,popularity,0.8,1.0,0.888339840617936
8,764,random,0.4,1.0,0.501636970802271
8,765,fixed-general,1.0,1.0,0.9099863463556914
8,765,fixed-specific,0.8,1.0,0.8019887819403185
8,765,learned,1.0,1.0,0.8713071387790806
8,765,popularity,1.0,1.0,0.9041084081571661
8,765,random,1.0,1.0,0.9671987306219145
8,766,fixed-general,1.0,1.0,0.7754352608773023
8,766,fixed-specific,1.0,1.0,0.8192680579198933
8,766,learned,1.0,1.0,0.7754352608773023
8,766,popularity,1.0,1.0,0.956167202957409
8,766,random,0.8,1.0,0.8445070435753451
8,767,fixed-general,1.0,1.0,0.8193183568387621
8,767,fixed-specific,1.0,1.0,0.915209948681596
8,767,learned,1.0,1.0,0.861713382497964
8,767,popularity,1.0,1.0,1.0
8,767,random,1.0,1.0,0.915209948681596
8,768,fixed-general,0.6,1.0,0.7496238128372813
8,768,fixed-specific,0.6,1.0,0.7416879923597745
8,768,learned,0.6,1.0,0.7290565232817772
8,768,popularity,0.8,1.0,0.7666240306576183
8,768,random,0.8,1.0,0.8280976663381182
8,769,fixed-general,0.4,1.0,0.5564121707653996
8,769,fixed-specific,0.4,0.5,0.6815704856145429
8,769,learned,0.4,1.0,0.5564121707653996
8,769,popularity,0.8,1.0,0.8718322862158133
8,769,random,0.6,1.0,0.7601561595244838
8,770,fixed-general,0.4,0.3333333333333333,0.8020040617452147
8,770,fixed-specific,0.2,0.3333333333333333,0.7562688031933178
8,770,learned,0.2,0.3333333333333333,0.7562688031933178
8,770,popularity,0.2,0.3333333333333333,0.7562688031933178
8,770,random,0.0,0.0,0.622565845075026
8,771,fixed-general,0.6,1.0,0.665962801662769
8,771,fixed-specific,0.6,0.5,0.46205629008427324
8,771,learned,0.8,1.0,0.7364515012500299
8,771,popularity,1.0,1.0,0.8969662799868708
8,771,random,0.6,1.0,0.6453461786711957
8,772,fixed-general,0.6,0.5,0.660839794726384
8,772,fixed-specific,0.6,1.0,0.8560032474461695
8,772,learned,0.6,0.5,0.6765142965891183
8,772,popularity,0.8,1.0,0.9125299483251055
8,772,random,0.6,0.5,0.547786392968512
8,773,fixed-general,0.8,1.0,0.8329815381183583
8,773,fixed-specific,0.8,1.0,0.82150350348809
8,773,learned,1.0,1.0,0.9446891683271407
8,773,popularity,0.6,1.0,0.8368233732706873
8,773,random,0.4,0.5,0.5105175906387801
8,774,fixed-general,0.8,1.0,0.7462841819174089
8,774,fixed-specific,0.8,1.0,0.7982729638577274
8,774,learned,0.8,1.0,0.6965034338163681
8,774,popularity,0.8,1.0,0.8978803737831524
8,774,random,0.8,0.5,0.7076049743407979
8,775,fixed-general,0.8,1.0,0.8591366529694805
8,775,fixed-specific,0.8,1.0,0.8546854522433548
8,775,learned,0.8,1.0,0.8591366529694805
8,775,popularity,0.8,1.0,0.8546854522433548
8,775,random,0.8,1.0,0.8343456330323578
8,776,fixed-general,0.8,1.0,0.7629187302106887
8,776,fixed-specific,0.4,1.0,0.4917178549294165
8,776,learned,0.8,1.0,0.7514406955804204
8,776,popularity,0.6,1.0,0.8269042573978328
8,776,random,0.6,1.0,0.7284846263198839
8,777,fixed-general,0.4,0.5,0.6159843357538826
8,777,fixed-specific,0.4,0.3333333333333333,0.48368187097896037
8,777,learned,0.4,0.5,0.6159843357538826
8,777,popularity,0.6,1.0,0.9202279900626544
8,777,random,0.0,0.0,0.28946645535857907
8,778,fixed-general,0.0,0.0,0.3120795456151669
8,778,fixed-specific,0.0,0.0,0.4470078653504931
8,778,learned,0.0,0.0,0.39310765087819066
8,778,popularity,0.6,1.0,0.8137524963665596
8,778,random,0.2,0.25,0.4073123199850682
8,779,fixed-general,0.8,1.0,0.7293047031944536
8,779,fixed-specific,0.6,0.5,0.6419565218612835
8,779,learned,0.8,0.5,0.7017270361422726
8,779,popularity,0.8,1.0,0.7982729638577274
8,779,random,0.6,1.0,0.6976611218841932
8,780,fixed-general,0.2,0.3333333333333333,0.39600903932401427
8,780,fixed-specific,0.4,0.25,0.37728829962151733
8,780,learned,0.2,0.3333333333333333,0.35777930944087466
8,780,popularity,0.2,1.0,0.4789648210976885
8,780,random,0.2,0.5,0.221782904447641
8,781,fixed-general,0.4,0.5,0.6914396824698671
8,781,fixed-specific,0.4,0.3333333333333333,0.6612671530622786
8,781,learned,0.4,0.5,0.687447105513079
8,781,popularity,0.6,1.0,0.8799660621665341
8,781,random,0.2,0.2,0.3902743429079866
8,782,fixed-general,0.6,1.0,0.8638404983775366
8,782,fixed-specific,0.2,1.0,0.6646562876755823
8,782,learned,0.8,1.0,0.8573424901769817
8,782,popularity,0.8,1.0,0.8573424901769817
8,782,random,0.6,1.0,0.8156178433306188
8,783,fixed-general,0.4,0.3333333333333333,0.7405540208290367
8,783,fixed-specific,0.4,1.0,0.6433514427604067
8,783,learned,0.4,0.5,0.7053249804290215
8,783,popularity,0.6,0.5,0.6600322733786694
8,783,random,0.6,0.5,0.5579616266634254
8,784,fixed-general,0.6,1.0,0.7950527960773872
8,784,fixed-specific,0.6,1.0,0.7760997783334138
8,784,learned,0.6,1.0,0.7690585609767358
8,784,popularity,0.6,1.0,0.873219087682837
8,784,random,0.4,0.5,0.6489544154617044
8,785,fixed-general,0.8,1.0,0.8786928612209193
8,785,fixed-specific,0.6,1.0,0.849607409925425
8,785,learned,0.6,1.0,0.8130903224647484
8,785,popularity,0.4,1.0,0.6367788332587226
8,785,random,0.4,0.3333333333333333,0.6138755026138983
8,786,fixed-general,0.6,1.0,0.7521621201159342
8,786,fixed-specific,0.8,1.0,0.6758081370108217
8,786,learned,0.8,1.0,0.792395025659202
8,786,popularity,1.0,1.0,0.9671987306219145
8,786,random,0.8,0.5,0.6704335510075005
8,787,fixed-general,0.6,0.5,0.8171987990598991
8,787,fixed-specific,0.0,0.0,0.44479104439812905
8,787,learned,0.2,0.5,0.6325914143482833
8,787,popularity,0.6,1.0,0.8224338326450624
8,787,random,0.6,1.0,0.7734547613788028
8,788,fixed-general,0.8,1.0,0.8384059778339048
8,788,fixed-specific,0.6,1.0,0.7769323421534049
8,788,learned,0.8,1.0,0.8320902432949063
8,788,popularity,0.2,1.0,0.4730676732237622
8,788,random,0.2,0.3333333333333333,0.21513183736908828
8,789,fixed-general,0.6,1.0,0.7265177384591679
8,789,fixed-specific,0.2,0.25,0.43774982704145093
8,789,learned,0.8,0.5,0.695288469773353
8,789,popularity,0.6,1.0,0.8228532149495537
8,789,random,0.2,1.0,0.6104454113657715
8,790,fixed-general,0.4,0.5,0.474072273859469
8,790,fixed-specific,0.4,1.0,0.6809457389423098
8,790,learned,0.4,1.0,0.5733409475723735
8,790,popularity,0.4,1.0,0.803208935344557
8,790,random,0.4,1.0,0.6505075140720346
8,791,fixed-general,0.6,1.0,0.8849362192510436
8,791,fixed-specific,0.8,1.0,0.9562649741625527
8,791,learned,0.8,1.0,0.9434732991210639
8,791,popularity,0.6,0.5,0.830419897363192
8,791,random,0.4,0.3333333333333333,0.5982207385764032
8,792,fixed-general,0.2,0.3333333333333333,0.661230666403546
8,792,fixed-specific,0.4,0.5,0.7208633225695134
8,792,learned,0.2,0.3333333333333333,0.6567794656774201
8,792,popularity,0.4,1.0,0.8528792684718399
8,792,random,0.4,1.0,0.7075647207151946
8,793,fixed-general,0.6,0.5,0.7245844530637533
8,793,fixed-specific,0.4,1.0,0.7023813720148935
8,793,learned,0.6,0.5,0.764817358607021
8,793,popularity,1.0,1.0,0.8728149230223939
8,793,random,0.8,1.0,0.7669794787229554
8,794,fixed-general,1.0,1.0,0.9777632910699184
8,794,fixed-specific,0.8,1.0,0.8617219301932404
8,794,learned,1.0,1.0,0.942518941276288
8,794,popularity,0.4,0.5,0.6914396824698671
8,794,random,0.6,0.3333333333333333,0.6572745761054906
8,795,fixed-general,0.8,1.0,0.7853543767501568
8,795,fixed-specific,1.0,1.0,0.9184116866353436
8,795,learned,0.8,1.0,0.8291871737927478
8,795,popularity,0.8,1.0,0.8784207247450816
8,795,random,0.8,1.0,0.7316024638347113
8,796,fixed-general,0.2,0.3333333333333333,0.38997681142020707
8,796,fixed-specific,0.4,0.3333333333333333,0.45396233860735113
8,796,learned,0.4,0.5,0.5261519588202214
8,796,popularity,0.6,1.0,0.7197624599788806
8,796,random,0.4,0.5,0.512076509396194
8,797,fixed-general,0.8,1.0,0.8017127425690994
8,797,fixed-specific,0.8,0.5,0.6877696667921204
8,797,learned,0.8,1.0,0.8017127425690994
8,797,popularity,1.0,1.0,0.9622444836779346
8,797,random,0.2,1.0,0.4437287243356526
8,798,fixed-general,0.2,1.0,0.6546569389548695
8,798,fixed-specific,0.2,0.5,0.7235439760615423
8,798,learned,0.2,1.0,0.6546569389548695
8,798,popularity,0.2,0.2,0.7253636363172787
8,798,random,0.0,0.0,0.4903999966340153
8,799,fixed-general,0.8,1.0,0.8617219301932404
8,799,fixed-specific,0.4,1.0,0.629049032494561
8,799,learned,1.0,1.0,0.8969662799868708
8,799,popularity,0.8,1.0,0.7637600305661534
8,799,random,0.4,0.3333333333333333,0.47344384500931397
8,800,fixed-general,0.8,0.5,0.7968589798489021
8,800,fixed-specific,0.6,1.0,0.7601561595244838
8,800,learned,0.8,0.5,0.7968589798489021
8,800,popularity,0.8,1.0,0.9117280917787699
8,800,random,0.6,1.0,0.7309689391852939
8,801,fixed-general,1.0,1.0,0.8458915918428338
8,801,fixed-specific,1.0,1.0,0.946503433816368
8,801,learned,1.0,1.0,0.8786928612209193
8,801,popularity,0.8,1.0,0.8930068676327362
8,801,random,0.8,1.0,0.7404062437188833
8,802,fixed-general,0.2,0.25,0.5752210040984329
8,802,fixed-specific,0.2,0.5,0.5435303526721662
8,802,learned,0.4,0.25,0.6570208250353956
8,802,popularity,0.2,0.3333333333333333,0.49148387680302225
8,802,random,0.2,0.25,0.34992902093116246
8,803,fixed-general,0.2,0.3333333333333333,0.7659544255978556
8,803,fixed-specific,0.2,0.2,0.8347367072542236
8,803,learned,0.2,0.5,0.815770349131416
8,803,popularity,0.0,0.0,0.7169271010751505
8,803,random,0.2,0.3333333333333333,0.5817247747292718
8,804,fixed-general,0.6,1.0,0.7747129768663902
8,804,fixed-specific,0.4,1.0,0.7253145232956393
8,804,learned,0.6,1.0,0.7747129768663902
8,804,popularity,0.6,1.0,0.7938495809138587
8,804,random,0.4,1.0,0.6960723026323905
8,805,fixed-general,0.6,1.0,0.8799660621665341
8,805,fixed-specific,0.6,1.0,0.8354926443063709
8,805,learned,0.6,1.0,0.8736503276275354
8,805,popularity,0.6,1.0,0.736992343759284
8,805,random,0.6,0.5,0.6173345777113698
8,806,fixed-general,0.2,0.2,0.710401692504114
8,806,fixed-specific,0.4,0.5,0.7866848715257447
8,806,learned,0.2,0.2,0.710401692504114
8,806,popularity,0.8,1.0,0.9513105500524313
8,806,random,0.0,0.0,0.5240091568436482
8,807,fixed-general,1.0,1.0,0.8728149230223939
8,807,fixed-specific,0.8,1.0,0.8941645557005614
8,807,learned,1.0,1.0,0.8824086793035105
8,807,popularity,1.0,1.0,0.9671987306219145
8,807,random,0.6,1.0,0.6971577696889889
8,808,fixed-general,0.4,0.3333333333333333,0.4724368800748339
8,808,fixed-specific,0.4,0.3333333333333333,0.6150943898978523
8,808,learned,0.4,0.3333333333333333,0.5161719059122811
8,808,popularity,0.6,0.5,0.8432115724046808
8,808,random,0.4,0.3333333333333333,0.5875006608237904
8,809,fixed-general,0.2,1.0,0.6030635159126364
8,809,fixed-specific,0.2,0.2,0.3525832643237041
8,809,learned,0.2,1.0,0.6206188312634303
8,809,popularity,0.6,1.0,0.7529996143378341
8,809,random,0.6,1.0,0.7411596104820034
8,810,fixed-general,0.6,1.0,0.8721445442095549
8,810,fixed-specific,0.2,0.5,0.6455709457931598
8,810,learned,0.6,0.5,0.830419897363192
8,810,popularity,0.6,1.0,0.8799817951409221
8,810,random,0.4,0.3333333333333333,0.7669283933830501
8,811,fixed-general,0.4,0.3333333333333333,0.7669283933830501
8,811,fixed-specific,0.4,1.0,0.7521263393504768
8,811,learned,0.4,0.5,0.7817304474156231
8,811,popularity,1.0,1.0,1.0
8,811,random,0.6,0.5,0.8432115724046808
8,812,fixed-general,0.6,1.0,0.8039001972055801
8,812,fixed-specific,0.4,0.5,0.6515444320922567
8,812,learned,0.6,1.0,0.8083513979317062
8,812,popularity,0.8,0.5,0.7968589798489021
8,812,random,0.0,0.0,0.44659722816964387
8,813,fixed-general,0.6,1.0,0.7762292705097026
8,813,fixed-specific,0.6,1.0,0.7991690510834865
8,813,learned,0.8,1.0,0.8467179700969636
8,813,popularity,0.2,0.3333333333333333,0.5083120230173926
8,813,random,0.0,0.0,0.34941733021905985
8,814,fixed-general,0.8,1.0,0.8368233732706873
8,814,fixed-specific,0.6,0.5,0.6439368697495294
8,814,learned,0.6,1.0,0.7677990613993629
8,814,popularity,0.8,1.0,0.7929905762280963
8,814,random,0.4,0.25,0.6263815543987354
8,815,fixed-general,0.8,1.0,0.9028491098915834
8,815,fixed-specific,0.4,0.5,0.5927965418243678
8,815,learned,0.8,1.0,0.8986659802469644
8,815,popularity,0.6,1.0,0.9111636812206082
8,815,random,0.2,0.5,0.5342695068381637
8,816,fixed-general,0.4,0.5,0.7053249804290215
8,816,fixed-specific,1.0,1.0,0.8854316523111123
8,816,learned,0.4,0.5,0.7053249804290215
8,816,popularity,0.8,1.0,0.8551223685179244
8,816,random,0.8,0.5,0.7488685921580613
8,817,fixed-general,0.8,0.5,0.7187065148652279
8,817,fixed-specific,0.6,0.5,0.7456298460447879
8,817,learned,0.6,0.5,0.7245844530637533
8,817,popularity,1.0,1.0,0.7865170874606766
8,817,random,0.6,1.0,0.7002192518989593
8,818,fixed-general,0.0,0.0,0.6971568390345979
8,818,fixed-specific,0.2,0.2,0.7428920975864948
8,818,learned,0.0,0.0,0.6971568390345979
8,818,popularity,0.2,1.0,0.6661987794328937
8,818,random,0.2,1.0,0.8153807673520377
8,819,fixed-general,0.8,1.0,0.8098296614675725
8,819,fixed-specific,1.0,1.0,0.8920488162790383
8,819,learned,0.8,1.0,0.8181959207568106
8,819,popularity,0.6,1.0,0.7770863433510777
8,819,random,0.2,0.5,0.5509503374564264
8,820,fixed-general,0.6,1.0,0.7091429719339063
8,820,fixed-specific,0.6,0.3333333333333333,0.7380715871885383
8,820,learned,0.4,1.0,0.6675828876012772
8,820,popularity,0.8,1.0,0.7848681626309117
8,820,random,0.4,0.25,0.4295112696584051
8,821,fixed-general,0.0,0.0,0.730118140888437
8,821,fixed-specific,0.0,0.0,0.8550077055393716
8,821,learned,0.0,0.0,0.7100154110787432
8,821,popularity,0.0,0.0,0.6475706287532759
8,821,random,0.0,0.0,0.5460393112346245
8,822,fixed-general,0.6,1.0,0.7522080338392778
8,822,fixed-specific,0.8,1.0,0.8140947545128576
8,822,learned,0.8,1.0,0.8236885107939742
8,822,popularity,1.0,1.0,0.9248037049627126
8,822,random,0.8,0.5,0.7128285766667025
8,823,fixed-general,0.4,1.0,0.6987173195870016
8,823,fixed-specific,0.4,1.0,0.7887954115797465
8,823,learned,0.4,0.5,0.6370426150744092
8,823,popularity,0.6,1.0,0.8966233061529364
8,823,random,0.6,0.5,0.7182733059389612
8,824,fixed-general,1.0,1.0,0.9671987306219145
8,824,fixed-specific,0.8,1.0,0.8082168163143322
8,824,learned,1.0,1.0,0.9634829125393233
8,824,popularity,0.8,0.5,0.7976186279851065
8,824,random,0.4,0.5,0.6493881580264658
8,825,fixed-general,0.4,1.0,0.5867858765182297
8,825,fixed-specific,0.4,0.5,0.5923985394135259
8,825,learned,0.4,1.0,0.6243533838940707
8,825,popularity,0.4,1.0,0.7012071514563994
8,825,random,0.4,1.0,0.5838725429906956
8,826,fixed-general,0.6,1.0,0.7388049255077247
8,826,fixed-specific,0.8,0.5,0.7857950399191751
8,826,learned,0.6,0.5,0.7077590147523284
8,826,popularity,0.8,1.0,0.7840976325580767
8,826,random,0.6,0.5,0.6056883680370844
8,827,fixed-general,0.8,1.0,0.8839276729066036
8,827,fixed-specific,0.6,1.0,0.833142417868829
8,827,learned,0.8,1.0,0.8839276729066036
8,827,popularity,0.6,1.0,0.8413868503890358
8,827,random,0.4,1.0,0.6890310852757123
8,828,fixed-general,0.6,1.0,0.6189226959729365
8,828,fixed-specific,0.6,0.3333333333333333,0.4727417823688353
8,828,learned,0.4,1.0,0.5147605166575211
8,828,popularity,0.8,1.0,0.856819775879023
8,828,random,0.6,1.0,0.7352401389831364
8,829,fixed-general,0.8,1.0,0.723873190210774
8,829,fixed-specific,0.8,1.0,0.8443220749053792
8,829,learned,0.8,1.0,0.7649827676165069
8,829,popularity,0.6,1.0,0.7662860497385326
8,829,random,0.4,0.25,0.5263490607482119
8,830,fixed-general,0.6,1.0,0.7706952968055464
8,830,fixed-specific,0.6,1.0,0.7824511732025973
8,830,learned,0.6,1.0,0.7706952968055464
8,830,popularity,0.8,1.0,0.915209948681596
8,830,random,0.8,1.0,0.8480996256821117
8,831,fixed-general,0.4,1.0,0.7765732350040719
8,831,fixed-specific,0.4,1.0,0.7437719656259865
8,831,learned,0.6,1.0,0.819972692711383
8,831,popularity,0.8,1.0,0.8920024355846271
8,831,random,0.6,0.5,0.6243227072657073
8,832,fixed-general,0.2,0.3333333333333333,0.5705877496611312
8,832,fixed-specific,0.2,1.0,0.5852461546934421
8,832,learned,0.6,0.3333333333333333,0.7025539899411786
8,832,popularity,0.6,1.0,0.8367796432968829
8,832,random,0.0,0.0,0.3387824555304997
8,833,fixed-general,0.2,0.5,0.5819962482118226
8,833,fixed-specific,0.2,0.3333333333333333,0.6106081246439119
8,833,learned,0.2,0.5,0.5819962482118226
8,833,popularity,0.4,1.0,0.7948979261706218
8,833,random,0.0,0.0,0.5628813832702529
8,834,fixed-general,0.4,0.5,0.5890442449142238
8,834,fixed-specific,0.4,0.5,0.6377336948617925
8,834,learned,0.4,0.5,0.5890442449142238
8,834,popularity,0.4,1.0,0.7182389434354812
8,834,random,0.2,0.5,0.5246802931039205
8,835,fixed-general,0.8,0.5,0.695288469773353
8,835,fixed-specific,0.6,1.0,0.7760997783334138
8,835,learned,0.8,0.5,0.695288469773353
8,835,popularity,0.4,1.0,0.6890310852757123
8,835,random,0.8,1.0,0.8198438160145101
8,836,fixed-general,1.0,1.0,0.8458915918428338
8,836,fixed-specific,0.8,1.0,0.7017270361422726
8,836,learned,1.0,1.0,0.8458915918428338
8,836,popularity,0.8,1.0,0.7595937562811165
8,836,random,0.6,0.5,0.56494820288355
8,837,fixed-general,0.4,0.25,0.5661692535266564
8,837,fixed-specific,0.2,0.25,0.4501278926499783
8,837,learned,0.4,0.25,0.5661692535266564
8,837,popularity,0.8,1.0,0.8121766919470353
8,837,random,0.6,0.5,0.6795112850355721
8,838,fixed-general,0.4,0.3333333333333333,0.6154292005805552
8,838,fixed-specific,0.8,1.0,0.861713382497964
8,838,learned,0.4,0.5,0.6190991049398027
8,838,popularity,1.0,1.0,1.0
8,838,random,1.0,1.0,0.9248037049627126
8,839,fixed-general,0.4,0.5,0.7769288489719436
8,839,fixed-specific,0.2,0.3333333333333333,0.5177186223644092
8,839,learned,0.4,0.5,0.7769288489719436
8,839,popularity,0.4,1.0,0.7865250319443625
8,839,random,0.0,0.0,0.6462405645049274
8,840,fixed-general,0.8,1.0,0.9434732991210639
8,840,fixed-specific,0.4,0.5,0.7429498456882975
8,840,learned,0.8,1.0,0.928671245088491
8,840,popularity,0.8,1.0,0.9562649741625527
8,840,random,0.2,0.25,0.6440273617027265
8,841,fixed-general,0.6,0.5,0.6811313709740804
8,841,fixed-specific,0.6,1.0,0.7563157191618317
8,841,learned,0.6,0.5,0.6811313709740804
8,841,popularity,0.4,0.5,0.6458870211804499
8,841,random,0.6,1.0,0.7923124740352336
8,842,fixed-general,0.0,0.0,0.6597159886072315
8,842,fixed-specific,0.2,0.25,0.7741382135430696
8,842,learned,0.2,0.2,0.8347367072542236
8,842,popularity,0.2,0.5,0.815770349131416
8,842,random,0.2,0.3333333333333333,0.7087433131299367
8,843,fixed-general,1.0,1.0,0.9492147449622255
8,843,fixed-specific,1.0,1.0,0.8984294899244509
8,843,learned,1.0,1.0,0.9492147449622255
8,843,popularity,0.6,1.0,0.848428067745714
8,843,random,0.6,0.5,0.5151322857878632
8,844,fixed-general,0.8,1.0,0.8706290710522846
8,844,fixed-specific,0.8,1.0,0.8476442348866765
8,844,learned,1.0,1.0,0.9421735276055474
8,844,popularity,0.8,1.0,0.9492147449622255
8,844,random,0.6,0.5,0.7898177624922239
8,845,fixed-general,0.6,0.3333333333333333,0.5895110398148747
8,845,fixed-specific,0.4,0.5,0.5040513671310646
8,845,learned,0.6,0.3333333333333333,0.5895110398148747
8,845,popularity,0.8,1.0,0.9434732991210639
8,845,random,0.4,0.5,0.5890442449142238
8,846,fixed-general,0.6,0.5,0.6880673656030766
8,846,fixed-specific,0.6,0.5,0.6614941305990047
8,846,learned,0.6,0.5,0.6704335510075005
8,846,popularity,1.0,1.0,1.0
8,846,random,0.8,0.5,0.7032348203855859
8,847,fixed-general,0.8,0.5,0.6877696667921204
8,847,fixed-specific,0.6,0.3333333333333333,0.6663725162889975
8,847,learned,0.8,0.5,0.6877696667921204
8,847,popularity,0.8,1.0,0.7578799455265084
8,847,random,1.0,1.0,0.8631008549624842
8,848,fixed-general,0.4,0.3333333333333333,0.6955996384715408
8,848,fixed-specific,0.6,0.5,0.830419897363192
8,848,learned,0.2,0.3333333333333333,0.6518646126340936
8,848,popularity,0.6,1.0,0.8947838491734952
8,848,random,0.2,0.25,0.4872389341074071
8,849,fixed-general,0.2,0.5,0.6630368501750608
8,849,fixed-specific,0.2,0.25,0.5919117759262892
8,849,learned,0.4,0.25,0.6819898679190342
8,849,popularity,0.8,1.0,0.9187693091354482
8,849,random,0.4,1.0,0.645287047594616
8,850,fixed-general,0.6,0.5,0.6164886616496296
8,850,fixed-specific,0.4,0.5,0.5164579240186197
8,850,learned,0.6,0.5,0.5426357661274018
8,850,popularity,0.6,1.0,0.6858159902483788
8,850,random,0.4,1.0,0.5395833886840641
8,851,fixed-general,0.4,1.0,0.7398163403134869
8,851,fixed-specific,0.2,0.2,0.530417935664748
8,851,learned,0.4,1.0,0.7075647207151946
8,851,popularity,0.6,1.0,0.7964395975444108
8,851,random,0.4,0.3333333333333333,0.7283239222306828
8,852,fixed-general,0.0,0.0,0.21576363295129405
8,852,fixed-specific,0.0,0.0,0.2724558813422326
8,852,learned,0.0,0.0,0.20911512037401428
8,852,popularity,0.0,0.0,0.1850030825950531
8,852,random,0.2,0.3333333333333333,0.415415513316077
8,853,fixed-general,1.0,1.0,0.8193183568387621
8,853,fixed-specific,0.6,1.0,0.5460649300184496
8,853,learned,1.0,1.0,0.8193183568387621
8,853,popularity,0.6,1.0,0.6992148198508501
8,853,random,0.6,1.0,0.5276235807755246
8,854,fixed-general,0.6,0.3333333333333333,0.5447932410340791
8,854,fixed-specific,0.6,0.5,0.6215012232100612
8,854,learned,0.6,0.3333333333333333,0.5787069222038156
8,854,popularity,0.8,0.5,0.7316024638347113
8,854,random,0.6,1.0,0.6762916321618521
8,855,fixed-general,0.4,1.0,0.6778911990970637
8,855,fixed-specific,0.4,0.3333333333333333,0.5668723251703587
8,855,learned,0.4,1.0,0.6699060451834878
8,855,popularity,0.8,1.0,0.8929737030300829
8,855,random,0.6,0.5,0.5222366781757476
8,856,fixed-general,0.6,0.5,0.6692029735397855
8,856,fixed-specific,0.8,1.0,0.7955526459122501
8,856,learned,0.6,0.3333333333333333,0.6572745761054906
8,856,popularity,0.6,1.0,0.8137967778855437
8,856,random,0.8,1.0,0.7955526459122501
8,857,fixed-general,0.4,0.5,0.6148416117678385
8,857,fixed-specific,0.4,0.5,0.7646073602506097
8,857,learned,0.4,0.25,0.6197121947984555
8,857,popularity,0.8,0.5,0.7460737248111275
8,857,random,0.6,0.3333333333333333,0.6312046128812596
8,858,fixed-general,0.8,1.0,0.7917936266962449
8,858,fixed-specific,1.0,1.0,0.8631008549624842
8,858,learned,0.8,1.0,0.8017127425690994
8,858,popularity,0.8,1.0,0.7891487410757674
8,858,random,0.6,1.0,0.6976887826649749
8,859,fixed-general,0.2,0.25,0.3511621454729486
8,859,fixed-specific,0.2,0.2,0.4507470699046721
8,859,learned,0.2,0.25,0.3511621454729486
8,859,popularity,0.4,1.0,0.6757523235980422
8,859,random,0.4,0.25,0.43751274196882006
8,860,fixed-general,0.8,1.0,0.7666240306576183
8,860,fixed-specific,0.8,1.0,0.7716958510436603
8,860,learned,0.6,1.0,0.6795112850355721
8,860,popularity,0.8,0.5,0.7147556348292026
8,860,random,0.6,0.5,0.708439900290204
8,861,fixed-general,0.2,0.25,0.430712233228471
8,861,fixed-specific,0.4,0.5,0.6377336948617925
8,861,learned,0.4,0.25,0.5181822849033656
8,861,popularity,0.8,1.0,0.928671245088491
8,861,random,0.4,0.25,0.6312356866612376
8,862,fixed-general,0.8,1.0,0.8208269766773071
8,862,fixed-specific,0.8,1.0,0.8368233732706873
8,862,learned,0.8,1.0,0.8208269766773071
8,862,popularity,0.4,0.25,0.5272379256832851
8,862,random,0.6,0.5,0.6752531361255067
8,863,fixed-general,0.4,1.0,0.7510877872155441
8,863,fixed-specific,0.2,0.3333333333333333,0.6596172701117505
8,863,learned,0.4,1.0,0.7510877872155441
8,863,popularity,0.0,0.0,0.5198209465584382
8,863,random,0.4,1.0,0.7274130677856426
8,864,fixed-general,1.0,1.0,0.9808851350584302
8,864,fixed-specific,0.6,1.0,0.8808543974274203
8,864,learned,0.8,1.0,0.9439586872973164
8,864,popularity,0.8,1.0,0.8115787567888846
8,864,random,0.6,1.0,0.7596688857706065
8,865,fixed-general,0.4,0.5,0.7252037465366871
8,865,fixed-specific,0.6,1.0,0.8412011934135963
8,865,learned,0.4,0.3333333333333333,0.6955996384715408
8,865,popularity,0.8,1.0,0.9562649741625527
8,865,random,0.8,1.0,0.8573424901769817
8,866,fixed-general,0.8,1.0,0.7917936266962449
8,866,fixed-specific,0.8,1.0,0.8345879277024906
8,866,learned,0.8,1.0,0.8017127425690994
8,866,popularity,0.8,1.0,0.7728378460835431
8,866,random,1.0,1.0,0.8531817390896298
8,867,fixed-general,0.8,1.0,0.8962319459236574
8,867,fixed-specific,0.8,1.0,0.8593054981625435
8,867,learned,0.8,1.0,0.8962319459236574
8,867,popularity,0.8,0.5,0.7965953335317203
8,867,random,0.6,0.3333333333333333,0.5698926724772518
8,869,fixed-general,0.4,1.0,0.6907291099978183
8,869,fixed-specific,0.4,1.0,0.6907291099978183
8,869,learned,0.4,1.0,0.6907291099978183
8,869,popularity,0.4,1.0,0.6983653094757578
8,869,random,0.2,1.0,0.539030517898774
8,870,fixed-general,0.4,0.3333333333333333,0.6716792300677065
8,870,fixed-specific,0.4,0.3333333333333333,0.7218456494107912
8,870,learned,0.4,0.3333333333333333,0.6809457389423098
8,870,popularity,0.2,0.25,0.5632585471449757
8,870,random,0.2,0.25,0.6022784010873978
8,871,fixed-general,0.6,0.5,0.6789804689839908
8,871,fixed-specific,0.8,1.0,0.8609428367409954
8,871,learned,0.8,1.0,0.8343456330323578
8,871,popularity,1.0,1.0,1.0
8,871,random,0.4,0.3333333333333333,0.6934822860018383
8,872,fixed-general,0.4,0.5,0.328211863523914
8,872,fixed-specific,0.4,0.25,0.3292622092953668
8,872,learned,0.4,0.3333333333333333,0.31188672067357975
8,872,popularity,0.6,1.0,0.7437719656259865
8,872,random,0.4,1.0,0.5107514443489417
8,873,fixed-general,1.0,1.0,0.8854316523111123
8,873,fixed-specific,1.0,1.0,0.8443220749053792
8,873,learned,1.0,1.0,0.8443220749053792
8,873,popularity,1.0,1.0,0.8812485226664931
8,873,random,0.8,1.0,0.8401389452607603
8,874,fixed-general,0.8,1.0,0.8067090320710189
8,874,fixed-specific,0.6,1.0,0.7123252244714983
8,874,learned,0.6,1.0,0.7411064933148479
8,874,popularity,1.0,1.0,0.9671987306219145
8,874,random,0.6,1.0,0.597550359763564
8,875,fixed-general,0.6,0.5,0.6378595890290037
8,875,fixed-specific,1.0,1.0,0.8631008549624842
8,875,learned,0.6,0.5,0.6378595890290037
8,875,popularity,1.0,1.0,0.8970145361322207
8,875,random,0.6,1.0,0.6308999163618474
8,876,fixed-general,0.6,0.3333333333333333,0.6845831054216142
8,876,fixed-specific,0.8,1.0,0.900958856943659
8,876,learned,0.6,0.5,0.7203682977244988
8,876,popularity,0.4,0.5,0.382879364939734
8,876,random,0.2,0.5,0.229924234894848
8,877,fixed-general,0.4,0.25,0.4214379830556096
8,877,fixed-specific,0.8,1.0,0.9015961918657437
8,877,learned,0.4,0.5,0.47609223730706657
8,877,popularity,0.8,1.0,0.7658217906551301
8,877,random,0.6,0.5,0.6710878868801213
8,878,fixed-general,1.0,1.0,0.9377223268794214
8,878,fixed-specific,0.6,1.0,0.7906015953512613
8,878,learned,0.8,1.0,0.8546854522433548
8,878,popularity,0.8,0.5,0.7968589798489021
8,878,random,0.8,1.0,0.8343456330323578
8,879,fixed-general,0.4,1.0,0.6018359199557125
8,879,fixed-specific,0.2,1.0,0.6031751626865247
8,879,learned,0.4,1.0,0.5800690628219335
8,879,popularity,0.4,0.5,0.5634608948312463
8,879,random,0.4,1.0,0.7507870966196646
8,880,fixed-general,1.0,1.0,0.8443220749053792
8,880,fixed-specific,1.0,1.0,0.8443220749053792
8,880,learned,1.0,1.0,0.8443220749053792
8,880,popularity,0.8,1.0,0.9630735522388861
8,880,random,0.6,1.0,0.6886441498107586
8,881,fixed-general,0.6,0.5,0.8432115724046808
8,881,fixed-specific,0.6,1.0,0.8721445442095549
8,881,learned,0.6,0.5,0.8382571482945591
8,881,popularity,0.8,1.0,0.9562649741625527
8,881,random,0.2,0.2,0.5408215898673059
8,882,fixed-general,0.6,0.5,0.5717819164219526
8,882,fixed-specific,0.8,0.5,0.6628872390007868
8,882,learned,0.6,0.5,0.5717819164219526
8,882,popularity,0.8,1.0,0.807481043346545
8,882,random,0.2,0.25,0.3015415113474322
8,883,fixed-general,1.0,1.0,0.9008563712845497
8,883,fixed-specific,1.0,1.0,0.9622444836779346
8,883,learned,1.0,1.0,0.9446891683271407
8,883,popularity,1.0,1.0,0.8192680579198933
8,883,random,0.6,1.0,0.7738763421198886
8,884,fixed-general,0.0,0.0,0.6141479780960264
8,884,fixed-specific,0.2,0.2,0.7775255947863045
8,884,learned,0.0,0.0,0.6025048761393124
8,884,popularity,0.2,0.3333333333333333,0.7169271010751505
8,884,random,0.0,0.0,0.5840870116961285
8,885,fixed-general,0.6,1.0,0.8312923451933533
8,885,fixed-specific,0.6,1.0,0.8721445442095549
8,885,learned,0.6,1.0,0.8312923451933533
8,885,popularity,0.6,1.0,0.8008157892980458
8,885,random,0.6,0.5,0.8382571482945591
8,886,fixed-general,0.6,1.0,0.7639572262470341
8,886,fixed-specific,0.6,0.3333333333333333,0.632458835119261
8,886,learned,0.6,0.5,0.6992477014223887
8,886,popularity,0.8,1.0,0.8368233732706873
8,886,random,0.4,1.0,0.6599332663429095
8,887,fixed-general,0.8,1.0,0.839485221263159
8,887,fixed-specific,0.6,1.0,0.768996521675898
8,887,learned,0.8,1.0,0.839485221263159
8,887,popularity,0.6,0.5,0.6561953326762365
8,887,random,0.4,0.5,0.5388607242105328
8,888,fixed-general,0.6,1.0,0.7785524280919133
8,888,fixed-specific,0.6,1.0,0.7473006552550707
8,888,learned,0.6,1.0,0.7785524280919133
8,888,popularity,0.6,1.0,0.7364515012500299
8,888,random,0.8,0.5,0.749999984622833
8,890,fixed-general,0.6,1.0,0.6686912660647153
8,890,fixed-specific,0.6,1.0,0.7620173436200575
8,890,learned,0.6,1.0,0.6827737007780716
8,890,popularity,0.8,1.0,0.8839276729066036
8,890,random,0.8,1.0,0.8939782891983252
8,891,fixed-general,0.4,0.5,0.32385355116288506
8,891,fixed-specific,0.4,0.5,0.5147605166575211
8,891,learned,0.4,1.0,0.4670337752838621
8,891,popularity,0.6,1.0,0.7425939299132709
8,891,random,0.4,0.3333333333333333,0.2908860151654324
8,892,fixed-general,0.6,1.0,0.6686912660647153
8,892,fixed-specific,0.4,1.0,0.5477483559407017
8,892,learned,0.6,0.5,0.593717959697804
8,892,popularity,0.2,0.2,0.40405640565207607
8,892,random,0.4,0.5,0.43835279564943713
8,893,fixed-general,0.0,0.0,0.33333333333333337
8,893,fixed-specific,0.4,0.5,0.5634608948312463
8,893,learned,0.0,0.0,0.33333333333333337
8,893,popularity,0.4,1.0,0.7020976466720958
8,893,random,0.0,0.0,0.5614505158401619
8,894,fixed-general,1.0,1.0,1.0
8,894,fixed-specific,1.0,1.0,0.946503433816368
8,894,learned,1.0,1.0,1.0
8,894,popularity,0.8,1.0,0.8406679895169294
8,894,random,1.0,1.0,1.0
8,895,fixed-general,0.6,0.3333333333333333,0.7765191606379049
8,895,fixed-specific,0.6,1.0,0.7817541942230685
8,895,learned,0.6,0.3333333333333333,0.7765191606379049
8,895,popularity,0.6,1.0,0.7575661428939316
8,895,random,0.6,1.0,0.7760997783334138
8,896,fixed-general,0.6,1.0,0.7964395975444108
8,896,fixed-specific,0.4,0.5,0.5703137412277047
8,896,learned,0.6,1.0,0.7823571628310546
8,896,popularity,0.8,1.0,0.7968589798489021
8,896,random,0.4,0.5,0.35387411922228773
8,897,fixed-general,0.6,1.0,0.6762916321618521
8,897,fixed-specific,0.8,1.0,0.7425600757439113
8,897,learned,0.4,1.0,0.6084642698223791
8,897,popularity,0.6,1.0,0.7136851792583551
8,897,random,0.6,1.0,0.7140471484839174
8,898,fixed-general,0.4,0.5,0.6642154030232885
8,898,fixed-specific,0.4,1.0,0.7185593083648736
8,898,learned,0.4,0.5,0.6600322733786694
8,898,popularity,0.8,1.0,0.8073956271442654
8,898,random,0.2,0.3333333333333333,0.6583348660175709
8,899,fixed-general,0.8,1.0,0.7617558763970508
8,899,fixed-specific,0.8,0.5,0.6667177329249093
8,899,learned,0.8,1.0,0.7277969189511403
8,899,popularity,0.8,0.5,0.7076049743407979
8,899,random,0.8,1.0,0.7643140064118168
8,900,fixed-general,0.4,1.0,0.8284095183721076
8,900,fixed-specific,0.2,1.0,0.7797200684245388
8,900,learned,0.2,1.0,0.7797200684245388
8,900,popularity,0.6,1.0,0.8997382732836168
8,900,random,0.4,0.3333333333333333,0.6955996384715408
8,901,fixed-general,0.8,1.0,0.8443220749053792
8,901,fixed-specific,0.4,1.0,0.6416540353993081
8,901,learned,0.6,1.0,0.7621029200939134
8,901,popularity,0.8,1.0,0.8443220749053792
8,901,random,0.6,1.0,0.7161252740415666
8,902,fixed-general,1.0,1.0,0.9099863463556914
8,902,fixed-specific,1.0,1.0,1.0
8,902,learned,1.0,1.0,0.9137021644382827
8,902,popularity,1.0,1.0,0.9576049743407979
8,902,random,1.0,1.0,0.8713071387790806
8,903,fixed-general,1.0,1.0,0.8362978355617173
8,903,fixed-specific,0.6,1.0,0.7348325452174909
8,903,learned,1.0,1.0,0.8882866175020359
8,903,popularity,0.6,0.5,0.5980537119587681
8,903,random,0.8,1.0,0.7828012693780854
8,904,fixed-general,0.4,0.5,0.6505869498483636
8,904,fixed-specific,0.4,1.0,0.5994137057922939
8,904,learned,0.6,0.5,0.7679834570996312
8,904,popularity,0.8,1.0,0.8920488162790383
8,904,random,0.6,1.0,0.6733182892747351
8,905,fixed-general,1.0,1.0,0.9137021644382827
8,905,fixed-specific,1.0,1.0,1.0
8,905,learned,1.0,1.0,0.9210878868801213
8,905,popularity,1.0,1.0,0.9634829125393233
8,905,random,1.0,1.0,0.8728149230223939
8,906,fixed-general,0.8,0.5,0.6903415571718573
8,906,fixed-specific,0.4,1.0,0.6405232831980268
8,906,learned,0.8,0.5,0.6903415571718573
8,906,popularity,0.8,1.0,0.8210240803191906
8,906,random,0.2,0.3333333333333333,0.6214084182564571
8,907,fixed-general,0.0,0.0,0.5461212534457371
8,907,fixed-specific,0.0,0.0,0.503435440601885
8,907,learned,0.0,0.0,0.5461212534457371
8,907,popularity,0.4,1.0,0.7245002569535127
8,907,random,0.0,0.0,0.24267507888483242
8,908,fixed-general,0.8,1.0,0.8178105725954488
8,908,fixed-specific,0.6,1.0,0.7871714233332975
8,908,learned,0.8,1.0,0.8236885107939742
8,908,popularity,0.6,0.5,0.6880673656030766
8,908,random,0.6,0.3333333333333333,0.6058354442994386
8,909,fixed-general,0.4,1.0,0.5927965418243678
8,909,fixed-specific,0.6,0.5,0.6272889552621747
8,909,learned,0.4,1.0,0.5927965418243678
8,909,popularity,0.6,1.0,0.8206299550801176
8,909,random,0.4,1.0,0.583127000413104
8,910,fixed-general,0.2,0.25,0.5582334330491494
8,910,fixed-specific,0.2,0.5,0.555484770245318
8,910,learned,0.2,0.25,0.5349174806898139
8,910,popularity,0.8,1.0,0.9215261464991631
8,910,random,0.4,0.3333333333333333,0.4940604680008872
8,911,fixed-general,0.4,0.25,0.41033644253117973
8,911,fixed-specific,0.6,1.0,0.777577667052181
8,911,learned,0.4,1.0,0.512105972572539
8,911,popularity,0.6,1.0,0.7097670944567321
8,911,random,0.4,1.0,0.5361669912851884
8,912,fixed-general,0.6,1.0,0.8460943992259263
8,912,fixed-specific,0.8,1.0,0.928671245088491
8,912,learned,0.6,1.0,0.8460943992259263
8,912,popularity,0.8,1.0,0.9562649741625527
8,912,random,0.8,1.0,0.8539316501572936
8,913,fixed-general,0.4,0.3333333333333333,0.5919117759262892
8,913,fixed-specific,0.2,0.2,0.44214602744351794
8,913,learned,0.4,0.3333333333333333,0.5874605752001633
8,913,popularity,0.8,1.0,0.8591366529694805
8,913,random,0.8,1.0,0.8546854522433548
8,914,fixed-general,0.6,1.0,0.7392386633126508
8,914,fixed-specific,0.6,1.0,0.6660105470634351
8,914,learned,0.6,1.0,0.7392386633126508
8,914,popularity,1.0,1.0,0.9622444836779346
8,914,random,0.8,1.0,0.8231098930722223
8,915,fixed-general,0.8,1.0,0.8869465982421281
8,915,fixed-specific,0.6,1.0,0.7994765465672335
8,915,learned,0.8,1.0,0.8869465982421281
8,915,popularity,0.4,1.0,0.7162285644443968
8,915,random,0.6,0.5,0.71736649560532
8,916,fixed-general,1.0,1.0,0.9041084081571661
8,916,fixed-specific,1.0,1.0,0.9576049743407979
8,916,learned,1.0,1.0,0.9099863463556914
8,916,popularity,1.0,1.0,0.9671987306219145
8,916,random,1.0,1.0,0.9306816431612379
8,917,fixed-general,0.4,0.25,0.6819898679190342
8,917,fixed-specific,0.8,1.0,0.8591366529694805
8,917,learned,0.6,0.3333333333333333,0.7327751229568087
8,917,popularity,0.8,1.0,0.8939782891983252
8,917,random,0.6,1.0,0.7335589558158461
8,918,fixed-general,0.6,1.0,0.8632168308736694
8,918,fixed-specific,0.2,1.0,0.7457342004431858
8,918,learned,0.4,1.0,0.8053151510304318
8,918,popularity,0.4,0.5,0.6977886580426569
8,918,random,0.2,0.5,0.6394970641466006
8,919,fixed-general,0.0,0.0,0.2371988235209051
8,919,fixed-specific,0.0,0.0,0.2371988235209051
8,919,learned,0.0,0.0,0.2371988235209051
8,919,popularity,0.2,1.0,0.5026175167925817
8,919,random,0.4,0.5,0.5384815039339035
8,920,fixed-general,1.0,1.0,1.0
8,920,fixed-specific,0.8,1.0,0.9434732991210639
8,920,learned,1.0,1.0,1.0
8,920,popularity,1.0,1.0,1.0
8,920,random,0.8,1.0,0.9562649741625527
8,921,fixed-general,0.4,0.3333333333333333,0.4155180295046569
8,921,fixed-specific,0.4,0.25,0.4022837015688047
8,921,learned,0.4,0.3333333333333333,0.423884288793895
8,921,popularity,0.6,1.0,0.6255398599408626
8,921,random,0.2,0.3333333333333333,0.2856238212797455
8,924,fixed-general,0.8,1.0,0.9513105500524313
8,924,fixed-specific,0.8,1.0,0.9026211001048624
8,924,learned,0.8,1.0,0.9513105500524313
8,924,popularity,0.6,0.5,0.830419897363192
8,924,random,0.4,0.5,0.7507870966196646
8,925,fixed-general,0.8,1.0,0.8869465982421281
8,925,fixed-specific,1.0,1.0,1.0
8,925,learned,0.8,1.0,0.8869465982421281
8,925,popularity,1.0,1.0,1.0
8,925,random,0.8,0.5,0.773893196484256
8,926,fixed-general,0.2,1.0,0.5553888837177166
8,926,fixed-specific,0.6,1.0,0.7284846263198839
8,926,learned,0.4,1.0,0.609140796633162
8,926,popularity,0.8,1.0,0.8253453386404189
8,926,random,0.6,1.0,0.5630725540223744
8,927,fixed-general,0.4,0.5,0.6265307411049851
8,927,fixed-specific,0.8,1.0,0.8734692588950149
8,927,learned,0.6,0.5,0.7038891562582068
8,927,popularity,0.6,1.0,0.7113207924233891
8,927,random,0.2,1.0,0.669580102636808
8,928,fixed-general,0.4,1.0,0.7925117434660276
8,928,fixed-specific,0.6,1.0,0.8947838491734952
8,928,learned,0.6,1.0,0.8799817951409221
8,928,popularity,0.6,0.5,0.830419897363192
8,928,random,0.4,0.25,0.7590911424516829
8,929,fixed-general,0.8,1.0,0.8602055982546507
8,929,fixed-specific,0.8,1.0,0.8930068676327362
8,929,learned,0.8,1.0,0.8930068676327362
8,929,popularity,0.8,1.0,0.915209948681596
8,929,random,0.8,0.5,0.7976186279851065
8,930,fixed-general,0.8,1.0,0.9125299483251055
8,930,fixed-specific,0.6,0.5,0.7301581706468088
8,930,learned,0.8,1.0,0.9026211001048624
8,930,popularity,0.8,1.0,0.9562649741625527
8,930,random,0.6,1.0,0.8997382732836168
8,931,fixed-general,1.0,1.0,0.792395025659202
8,931,fixed-specific,0.8,1.0,0.7462841819174089
8,931,learned,1.0,1.0,0.7865170874606766
8,931,popularity,0.4,1.0,0.7119751282960101
8,931,random,0.6,0.5,0.7245844530637533
8,932,fixed-general,0.4,0.3333333333333333,0.5914932597023421
8,932,fixed-specific,0.2,0.25,0.6039909606759858
8,932,learned,0.4,0.25,0.580692966089797
8,932,popularity,0.6,0.5,0.7119421443969476
8,932,random,0.4,1.0,0.6928272794553777
8,934,fixed-general,0.0,0.0,0.46706542157349196
8,934,fixed-specific,0.2,0.2,0.591257188179038
8,934,learned,0.0,0.0,0.4732023464290716
8,934,popularity,0.4,1.0,0.8896651409413403
8,934,random,0.2,0.2,0.53957388117296
8,935,fixed-general,0.4,1.0,0.49131180519705564
8,935,fixed-specific,0.0,0.0,0.20083094891651362
8,935,learned,0.4,1.0,0.4492108783551723
8,935,popularity,0.8,1.0,0.8275568238288641
8,935,random,0.4,1.0,0.6579776477491929
8,936,fixed-general,0.4,0.5,0.5923985394135259
8,936,fixed-specific,0.6,1.0,0.665962801662769
8,936,learned,0.6,1.0,0.7198274552152446
8,936,popularity,0.4,1.0,0.5657930817411047
8,936,random,0.4,0.5,0.40851847488128007
8,937,fixed-general,0.8,0.5,0.8476442348866765
8,937,fixed-specific,0.6,1.0,0.8794764721804778
8,937,learned,0.8,1.0,0.8851308880701323
8,937,popularity,0.6,1.0,0.665626866805613
8,937,random,0.6,1.0,0.6046074091726219
8,938,fixed-general,0.2,0.2,0.22058872915819713
8,938,fixed-specific,0.0,0.0,0.3228912912259629
8,938,learned,0.0,0.0,0.1808422696253491
8,938,popularity,0.4,1.0,0.7163786073955268
8,938,random,0.2,0.5,0.38427838394797204
8,939,fixed-general,0.4,1.0,0.6714113009731778
8,939,fixed-specific,0.4,1.0,0.7475988604280915
8,939,learned,0.6,1.0,0.7392386633126508
8,939,popularity,0.8,0.5,0.780836014787045
8,939,random,0.4,0.25,0.4456496123186289
8,940,fixed-general,0.2,1.0,0.73103061847697
8,940,fixed-specific,0.2,0.3333333333333333,0.7231933675456027
8,940,learned,0.2,1.0,0.73103061847697
8,940,popularity,0.2,0.3333333333333333,0.7231933675456027
8,940,random,0.4,0.5,0.7330409974680543
8,941,fixed-general,0.8,1.0,0.7460737248111275
8,941,fixed-specific,1.0,1.0,0.8984294899244509
8,941,learned,1.0,1.0,0.8984294899244509
8,941,popularity,0.8,1.0,0.8546854522433548
8,941,random,0.2,0.2,0.2835328778325537
8,942,fixed-general,0.6,1.0,0.6911298720942791
8,942,fixed-specific,0.6,1.0,0.7621029200939134
8,942,learned,0.6,1.0,0.7484744669189886
8,942,popularity,0.6,0.5,0.7011418507844024
8,942,random,0.2,0.3333333333333333,0.5570008462645353
8,943,fixed-general,0.8,0.5,0.8869465982421281
8,943,fixed-specific,0.6,0.5,0.7408782483994215
8,943,learned,0.8,0.5,0.8869465982421281
8,943,popularity,0.6,1.0,0.8086530402294129
8,943,random,0.0,0.0,0.5953379117551575
8,944,fixed-general,0.0,0.0,0.4028531904885475
8,944,fixed-specific,0.2,0.3333333333333333,0.44033984367200313
8,944,learned,0.0,0.0,0.3502617516792582
8,944,popularity,0.2,0.5,0.6237440132200903
8,944,random,0.0,0.0,0.19790598656593467
8,945,fixed-general,0.4,1.0,0.8442365027597128
8,945,fixed-specific,0.4,1.0,0.8662970418817082
8,945,learned,0.4,1.0,0.8899717613116096
8,945,popularity,0.4,1.0,0.8899717613116096
8,945,random,0.0,0.0,0.6462405645049274
8,946,fixed-general,0.6,1.0,0.8083513979317062
8,946,fixed-specific,0.8,1.0,0.8591366529694805
8,946,learned,0.8,1.0,0.8546854522433548
8,946,popularity,0.8,1.0,0.9359161431079067
8,946,random,0.2,0.3333333333333333,0.6497382483207419
8,947,fixed-general,0.6,1.0,0.6117382114269212
8,947,fixed-specific,0.4,1.0,0.5214752025479801
8,947,learned,0.6,1.0,0.5935063692653444
8,947,popularity,0.4,1.0,0.7689960109312144
8,947,random,0.4,1.0,0.6468963129552274
8,948,fixed-general,1.0,1.0,0.946503433816368
8,948,fixed-specific,0.6,1.0,0.7341782093448699
8,948,learned,1.0,1.0,0.946503433816368
8,948,popularity,1.0,1.0,0.946503433816368
8,948,random,1.0,1.0,0.861713382497964
8,949,fixed-general,0.8,1.0,0.8178105725954488
8,949,fixed-specific,0.4,1.0,0.4709145487045057
8,949,learned,0.8,1.0,0.7976186279851065
8,949,popularity,0.8,1.0,0.8920024355846271
8,949,random,0.6,0.3333333333333333,0.33514014749389226
8,950,fixed-general,0.6,1.0,0.8546854522433548
8,950,fixed-specific,0.4,1.0,0.8661778703261588
8,950,learned,0.4,1.0,0.8224338326450624
8,950,popularity,0.8,1.0,0.9187693091354482
8,950,random,0.6,1.0,0.7906015953512613
8,951,fixed-general,0.8,1.0,0.8236885107939742
8,951,fixed-specific,0.6,1.0,0.8130903224647484
8,951,learned,0.8,1.0,0.8506118419735341
8,951,popularity,0.8,1.0,0.8978803737831524
8,951,random,0.8,0.5,0.6132211667412774
8,952,fixed-general,0.4,0.5,0.6731955504965735
8,952,fixed-specific,0.4,0.5,0.6482101787626605
8,952,learned,0.4,0.5,0.6652103965829974
8,952,popularity,0.6,1.0,0.8458009558021575
8,952,random,0.6,0.5,0.4414396670927
8,953,fixed-general,0.8,1.0,0.928671245088491
8,953,fixed-specific,0.6,1.0,0.8799817951409221
8,953,learned,0.6,1.0,0.8997382732836168
8,953,popularity,0.8,1.0,0.9513105500524313
8,953,random,0.8,1.0,0.928671245088491
8,954,fixed-general,0.4,1.0,0.6724935386069495
8,954,fixed-specific,0.4,0.5,0.6327792707516711
8,954,learned,0.4,1.0,0.7020976466720958
8,954,popularity,0.8,1.0,0.928671245088491
8,954,random,0.8,1.0,0.7860137352654726
8,955,fixed-general,0.8,1.0,0.9028491098915834
8,955,fixed-specific,0.8,1.0,0.8986659802469644
8,955,learned,1.0,1.0,0.9397755576526973
8,955,popularity,0.2,0.25,0.6451005380817187
8,955,random,0.4,0.3333333333333333,0.6928272794553777
8,956,fixed-general,1.0,1.0,1.0
8,956,fixed-specific,1.0,1.0,0.9069336520050753
8,956,learned,1.0,1.0,0.9622444836779346
8,956,popularity,0.8,1.0,0.7156060672413312
8,956,random,0.8,1.0,0.8516228203322161
8,957,fixed-general,0.4,0.3333333333333333,0.5998078310313668
8,957,fixed-specific,0.0,0.0,0.3594767168019732
8,957,learned,0.2,0.3333333333333333,0.5628813832702529
8,957,popularity,0.4,1.0,0.760405512732815
8,957,random,0.6,0.3333333333333333,0.6778438561982135
8,958,fixed-general,0.6,1.0,0.8849362192510436
8,958,fixed-specific,0.6,1.0,0.8638404983775366
8,958,learned,0.8,1.0,0.9434732991210639
8,958,popularity,0.8,1.0,0.9434732991210639
8,958,random,0.2,0.2,0.6617122425565451
8,959,fixed-general,1.0,1.0,1.0
8,959,fixed-specific,1.0,1.0,0.8786928612209193
8,959,learned,1.0,1.0,1.0
8,959,popularity,1.0,1.0,1.0
8,959,random,1.0,1.0,0.861713382497964
8,960,fixed-general,0.8,1.0,0.9513105500524313
8,960,fixed-specific,0.6,1.0,0.8151510484299679
8,960,learned,0.6,1.0,0.8151510484299679
8,960,popularity,0.6,1.0,0.8638404983775366
8,960,random,0.2,0.25,0.6588294157352995
8,961,fixed-general,0.8,0.5,0.695288469773353
8,961,fixed-specific,1.0,1.0,0.9377223268794214
8,961,learned,0.8,1.0,0.7702617761402644
8,961,popularity,0.8,1.0,0.9125119246378074
8,961,random,0.6,0.5,0.6604468335445085
8,962,fixed-general,0.8,1.0,0.7425600757439113
8,962,fixed-specific,0.2,1.0,0.539030517898774
8,962,learned,0.6,1.0,0.7185655104470293
8,962,popularity,0.6,1.0,0.7750732916517399
8,962,random,0.8,1.0,0.7310820411136429
8,963,fixed-general,0.2,0.2,0.560272252757516
8,963,fixed-specific,0.0,0.0,0.5349068518172868
8,963,learned,0.2,0.2,0.560272252757516
8,963,popularity,0.4,0.3333333333333333,0.7602615187984963
8,963,random,0.4,1.0,0.7175757059546443
8,964,fixed-general,0.8,1.0,0.7607996379718879
8,964,fixed-specific,0.2,1.0,0.5200743985034214
8,964,learned,0.6,1.0,0.676146448837115
8,964,popularity,1.0,1.0,0.9767020054138111
8,964,random,0.4,1.0,0.5586982536256339
8,965,fixed-general,0.6,1.0,0.7239662643567719
8,965,fixed-specific,0.4,0.5,0.6477787049018583
8,965,learned,0.6,1.0,0.7162825940521141
8,965,popularity,1.0,1.0,0.8570235742419587
8,965,random,0.4,0.5,0.566190391537202
8,966,fixed-general,0.4,0.5,0.7067808878561571
8,966,fixed-specific,0.4,0.3333333333333333,0.6890310852757123
8,966,learned,0.4,0.3333333333333333,0.6934822860018383
8,966,popularity,0.4,0.5,0.6007591770544821
8,966,random,0.6,1.0,0.7601561595244838
8,967,fixed-general,0.6,1.0,0.7716485776072879
8,967,fixed-specific,0.6,0.3333333333333333,0.5423297360520434
8,967,learned,0.6,1.0,0.7309689391852939
8,967,popularity,1.0,1.0,0.8984294899244509
8,967,random,0.2,0.25,0.43774982704145093
8,968,fixed-general,0.2,0.2,0.5608727405509658
8,968,fixed-specific,0.4,0.25,0.6579022453199982
8,968,learned,0.2,0.25,0.5211262810181178
8,968,popularity,0.2,1.0,0.44990982962662784
8,968,random,0.0,0.0,0.21901509120219545
8,969,fixed-general,0.8,1.0,0.7716997288536557
8,969,fixed-specific,0.8,1.0,0.8406679895169294
8,969,learned,0.8,1.0,0.7939028099025153
8,969,popularity,1.0,1.0,0.8362978355617173
8,969,random,0.8,1.0,0.8251962950372874
8,970,fixed-general,0.8,1.0,0.7965953335317203
8,970,fixed-specific,0.6,1.0,0.7143761787202545
8,970,learned,0.6,1.0,0.7227424380094927
8,970,popularity,0.8,1.0,0.8073956271442654
8,970,random,0.8,1.0,0.7649827676165069
8,971,fixed-general,0.6,1.0,0.5867365430821605
8,971,fixed-specific,0.6,1.0,0.6961353310703573
8,971,learned,0.6,1.0,0.5867365430821605
8,971,popularity,0.6,0.5,0.46205629008427324
8,971,random,0.4,1.0,0.4142933669110245
8,972,fixed-general,0.4,0.3333333333333333,0.5507577548757452
8,972,fixed-specific,0.4,0.5,0.6192928124939644
8,972,learned,0.4,0.5,0.5773549585843829
8,972,popularity,0.6,1.0,0.7531149421678056
8,972,random,0.6,1.0,0.7601561595244838
8,973,fixed-general,0.0,0.0,0.3596048169263081
8,973,fixed-specific,0.2,0.3333333333333333,0.3672788924333908
8,973,learned,0.2,0.2,0.41768285729141136
8,973,popularity,0.2,0.3333333333333333,0.5150893159762826
8,973,random,0.0,0.0,0.23186202804997974
8,974,fixed-general,0.8,1.0,0.8617219301932404
8,974,fixed-specific,0.8,1.0,0.8617219301932404
8,974,learned,0.8,1.0,0.8617219301932404
8,974,popularity,0.4,1.0,0.7599321243330679
8,974,random,0.4,0.5,0.46205629008427324
8,975,fixed-general,0.2,0.5,0.6833766693860578
8,975,fixed-specific,0.6,0.3333333333333333,0.6819898679190342
8,975,learned,0.2,0.5,0.6325914143482833
8,975,popularity,0.6,1.0,0.7950527960773872
8,975,random,0.4,0.5,0.6674880509011867
8,976,fixed-general,0.6,0.5,0.9149871004746095
8,976,fixed-specific,0.4,0.5,0.8754336154496247
8,976,learned,0.6,0.5,0.9149871004746095
8,976,popularity,0.2,1.0,0.8109353138667866
8,976,random,0.2,1.0,0.6950042998417968
8,977,fixed-general,0.8,1.0,0.8592011662065416
8,977,fixed-specific,0.8,1.0,0.865079104405067
8,977,learned,1.0,1.0,0.946503433816368
8,977,popularity,1.0,1.0,0.9306816431612379
8,977,random,0.8,1.0,0.8480996256821117
8,978,fixed-general,0.6,1.0,0.7210713693682012
8,978,fixed-specific,0.4,1.0,0.6988346604381197
8,978,learned,0.4,1.0,0.6738986221402758
8,978,popularity,0.6,1.0,0.8217819317991197
8,978,random,0.4,0.3333333333333333,0.6180376493550721
8,979,fixed-general,1.0,1.0,0.915209948681596
8,979,fixed-specific,0.8,1.0,0.8443838075995205
8,979,learned,1.0,1.0,0.9099863463556914
8,979,popularity,1.0,1.0,0.9634829125393233
8,979,random,1.0,1.0,0.8458915918428338
8,980,fixed-general,0.8,0.5,0.8406030175299983
8,980,fixed-specific,0.4,0.3333333333333333,0.6934822860018383
8,980,learned,0.6,0.5,0.8013101805750279
8,980,popularity,0.8,1.0,0.9359161431079067
8,980,random,0.4,0.3333333333333333,0.6801836841475194
8,981,fixed-general,0.8,1.0,0.7453634148598948
8,981,fixed-specific,0.4,0.25,0.38041966477291506
8,981,learned,0.8,1.0,0.733837909402908
8,981,popularity,0.8,1.0,0.7990678569486218
8,981,random,0.4,0.5,0.42093104938424547
8,982,fixed-general,0.2,1.0,0.5070687175187076
8,982,fixed-specific,0.0,0.0,0.2398438404755162
8,982,learned,0.2,1.0,0.5489515711042303
8,982,popularity,0.2,0.3333333333333333,0.4606796628830002
8,982,random,0.2,1.0,0.5344497540863828
8,983,fixed-general,0.2,0.3333333333333333,0.6307688917605867
8,983,fixed-specific,0.6,1.0,0.8947838491734952
8,983,learned,0.2,0.3333333333333333,0.6307688917605867
8,983,popularity,0.4,0.5,0.7945221224571118
8,983,random,0.2,1.0,0.6794583417081554
8,984,fixed-general,0.6,0.3333333333333333,0.6386367136775241
8,984,fixed-specific,0.6,1.0,0.7633095743637077
8,984,learned,0.6,0.5,0.6608397947263839
8,984,popularity,1.0,1.0,0.9248037049627126
8,984,random,0.6,1.0,0.5947339037750088
8,985,fixed-general,0.0,0.0,0.5789329107171581
8,985,fixed-specific,0.0,0.0,0.4452299525988663
8,985,learned,0.0,0.0,0.5789329107171581
8,985,popularity,0.4,1.0,0.8071850777229883
8,985,random,0.2,0.5,0.5434956659883396
8,986,fixed-general,0.2,0.5,0.6122515951372862
8,986,fixed-specific,0.4,0.25,0.6819898679190342
8,986,learned,0.2,0.5,0.6192928124939644
8,986,popularity,0.6,1.0,0.873219087682837
8,986,random,0.0,0.0,0.5596601563279969
8,987,fixed-general,0.8,1.0,0.8073956271442654
8,987,fixed-specific,0.6,0.5,0.6666494373465955
8,987,learned,0.8,1.0,0.7840976325580767
8,987,popularity,1.0,1.0,1.0
8,987,random,0.4,0.3333333333333333,0.6392200010760012
8,988,fixed-general,0.2,0.3333333333333333,0.6059942106396455
8,988,fixed-specific,0.6,1.0,0.8273044156756795
8,988,learned,0.2,0.3333333333333333,0.6104454113657715
8,988,popularity,0.4,1.0,0.7513087583962909
8,988,random,0.4,1.0,0.7887954115797465
8,989,fixed-general,0.4,0.3333333333333333,0.7718828174931716
8,989,fixed-specific,0.4,0.3333333333333333,0.7182389434354812
8,989,learned,0.4,0.3333333333333333,0.7718828174931716
8,989,popularity,1.0,1.0,1.0
8,989,random,0.4,0.5,0.6971432225619743
8,990,fixed-general,1.0,1.0,1.0
8,990,fixed-specific,1.0,1.0,1.0
8,990,learned,1.0,1.0,1.0
8,990,popularity,0.8,0.5,0.8869465982421281
8,990,random,0.6,0.5,0.8432115724046808
8,991,fixed-general,0.8,1.0,0.8982589564907906
8,991,fixed-specific,0.4,1.0,0.6534940163968215
8,991,learned,0.8,1.0,0.9660863188302635
8,991,popularity,0.8,1.0,0.8330290089450767
8,991,random,0.6,0.5,0.6992477014223887
8,992,fixed-general,0.8,1.0,0.908492570762489
8,992,fixed-specific,0.4,1.0,0.6934849782870836
8,992,learned,0.6,1.0,0.7990678569486218
8,992,popularity,1.0,1.0,0.8646597737198981
8,992,random,0.8,1.0,0.824668811829636
8,993,fixed-general,0.6,1.0,0.7250639463249892
8,993,fixed-specific,0.8,1.0,0.7147556348292026
8,993,learned,0.8,1.0,0.7603082961186196
8,993,popularity,0.8,1.0,0.8184924264860339
8,993,random,0.8,1.0,0.7995452228690382
8,994,fixed-general,0.4,0.3333333333333333,0.34372947172689966
8,994,fixed-specific,0.6,0.3333333333333333,0.5799165451679877
8,994,learned,0.6,0.3333333333333333,0.47493454923924144
8,994,popularity,1.0,1.0,0.946503433816368
8,994,random,0.2,0.3333333333333333,0.43655958135976336
8,995,fixed-general,0.2,0.3333333333333333,0.564394560959199
8,995,fixed-specific,0.0,0.0,0.46902604005514587
8,995,learned,0.0,0.0,0.45422398602257263
8,995,popularity,0.6,1.0,0.8638404983775366
8,995,random,0.2,0.5,0.5325175440352877
8,996,fixed-general,0.6,1.0,0.6862107480347066
8,996,fixed-specific,0.6,1.0,0.7015306178173037
8,996,learned,0.6,1.0,0.6862107480347066
8,996,popularity,0.8,1.0,0.7316024638347113
8,996,random,0.4,0.3333333333333333,0.501636970802271
8,997,fixed-general,0.4,0.3333333333333333,0.5901055921547744
8,997,fixed-specific,0.6,0.3333333333333333,0.6686912660647153
8,997,learned,0.4,0.3333333333333333,0.5901055921547744
8,997,popularity,0.8,1.0,0.8343456330323578
8,997,random,0.6,1.0,0.7760997783334138
8,998,fixed-general,0.6,1.0,0.6648135975315839
8,998,fixed-specific,0.8,1.0,0.8768618059876677
8,998,learned,0.6,1.0,0.676968158972635
8,998,popularity,0.6,1.0,0.7147236752947004
8,998,random,0.2,1.0,0.3960540921407327
9,700,fixed-general,1.0,1.0,0.9008563712845497
9,700,fixed-specific,0.8,0.5,0.7430804984649796
9,700,learned,1.0,1.0,0.9008563712845497
9,700,popularity,0.6,0.5,0.6115821073372067
9,700,random,0.6,1.0,0.7213213787362944
9,701,fixed-general,0.8,1.0,0.7603082961186196
9,701,fixed-specific,0.4,1.0,0.7234438603864809
9,701,learned,0.6,1.0,0.7210713693682012
9,701,popularity,1.0,1.0,0.9088946774211658
9,701,random,0.4,0.3333333333333333,0.5383198817012785
9,702,fixed-general,0.2,0.5,0.5722676722577275
9,702,fixed-specific,0.4,0.5,0.6400950345972004
9,702,learned,0.2,0.5,0.5722676722577275
9,702,popularity,0.4,1.0,0.7601153910947052
9,702,random,0.4,1.0,0.6084642698223791
9,703,fixed-general,0.8,1.0,0.8676200694915681
9,703,fixed-specific,0.8,1.0,0.8443220749053792
9,703,learned,0.8,1.0,0.9028491098915834
9,703,popularity,0.6,1.0,0.6695292848691888
9,703,random,0.4,1.0,0.47517581669214226
9,704,fixed-general,0.6,1.0,0.7531149421678056
9,704,fixed-specific,0.4,0.5,0.55256393864726
9,704,learned,0.6,1.0,0.7531149421678056
9,704,popularity,0.4,1.0,0.7817541942230685
9,704,random,0.4,0.5,0.44840341194115857
9,705,fixed-general,0.4,0.3333333333333333,0.5919117759262892
9,705,fixed-specific,0.4,0.5,0.605210377780608
9,705,learned,0.6,0.3333333333333333,0.6312046128812596
9,705,popularity,1.0,1.0,1.0
9,705,random,0.2,0.5,0.5614663400995117
9,706,fixed-general,0.8,1.0,0.8978803737831524
9,706,fixed-specific,1.0,1.0,0.9137021644382827
9,706,learned,1.0,1.0,0.9634829125393233
9,706,popularity,0.8,1.0,0.8824086793035105
9,706,random,0.8,1.0,0.8041509020562527
9,707,fixed-general,0.2,0.3333333333333333,0.5413933417943108
9,707,fixed-specific,0.0,0.0,0.23035449119985918
9,707,learned,0.2,0.3333333333333333,0.5413933417943108
9,707,popularity,0.2,1.0,0.6596172701117505
9,707,random,0.4,0.5,0.6159843357538826
9,708,fixed-general,0.8,1.0,0.8657145071500285
9,708,fixed-specific,1.0,1.0,0.954447338710583
9,708,learned,1.0,1.0,0.9362032067372894
9,708,popularity,1.0,1.0,0.8969662799868708
9,708,random,0.8,1.0,0.7273871039071997
9,709,fixed-general,0.2,1.0,0.7968409771419691
9,709,fixed-specific,0.0,0.0,0.5541284692589535
9,709,learned,0.2,1.0,0.7805315311095011
9,709,popularity,0.6,1.0,0.9859056632751824
9,709,random,0.0,0.0,0.6809099631169793
9,710,fixed-general,0.0,0.0,0.16680618242416506
9,710,fixed-specific,0.0,0.0,0.36164938614856773
9,710,learned,0.0,0.0,0.16680618242416506
9,710,popularity,0.2,0.5,0.7546200349668128
9,710,random,0.0,0.0,0.11308223319704008
9,711,fixed-general,0.2,0.2,0.5697025560205369
9,711,fixed-specific,0.0,0.0,0.4513102070862661
9,711,learned,0.0,0.0,0.4684453773640828
9,711,popularity,0.2,0.5,0.6073809853663655
9,711,random,0.2,0.5,0.5510170500808386
9,712,fixed-general,1.0,1.0,0.8192680579198933
9,712,fixed-specific,1.0,1.0,0.8093489420470388
9,712,learned,1.0,1.0,0.8131907771993677
9,712,popularity,1.0,1.0,0.8471044583691042
9,712,random,1.0,1.0,0.8531817390896298
9,713,fixed-general,0.6,1.0,0.7832480766924035
9,713,fixed-specific,0.4,1.0,0.690522668175061
9,713,learned,0.8,1.0,0.8514136186974538
9,713,popularity,1.0,1.0,0.9088946774211658
9,713,random,0.8,1.0,0.6908988399606129
9,714,fixed-general,0.4,0.3333333333333333,0.587310130057723
9,714,fixed-specific,0.6,1.0,0.8426246675442809
9,714,learned,0.4,0.3333333333333333,0.587310130057723
9,714,popularity,0.6,1.0,0.7829668803567953
9,714,random,0.6,0.3333333333333333,0.6110022498829847
9,715,fixed-general,0.6,0.3333333333333333,0.6021196262168474
9,715,fixed-specific,0.4,0.3333333333333333,0.5291313650188378
9,715,learned,0.4,0.25,0.5210453929810346
9,715,popularity,1.0,1.0,0.9099863463556914
9,715,random,0.6,1.0,0.6420024355846271
9,716,fixed-general,0.4,0.5,0.7977597893544609
9,716,fixed-specific,0.4,0.3333333333333333,0.6929081958957669
9,716,learned,0.4,0.5,0.7977597893544609
9,716,popularity,0.4,1.0,0.9016044676722785
9,716,random,0.4,0.3333333333333333,0.6855789933796115
9,717,fixed-general,0.8,1.0,0.6758081370108217
9,717,fixed-specific,0.6,0.5,0.5476186279851065
9,717,learned,0.8,1.0,0.6758081370108217
9,717,popularity,0.6,1.0,0.6816860752093471
9,717,random,0.4,0.5,0.43806736560307663
9,718,fixed-general,0.0,0.0,0.33309938971644687
9,718,fixed-specific,0.2,1.0,0.5902072921299523
9,718,learned,0.2,0.2,0.5146399305806646
9,718,popularity,0.6,1.0,0.72012972761384
9,718,random,0.2,0.3333333333333333,0.41378374911103927
9,719,fixed-general,0.6,1.0,0.8343456330323578
9,719,fixed-specific,0.4,1.0,0.6041880268681308
9,719,learned,0.6,1.0,0.8591366529694805
9,719,popularity,0.8,0.5,0.7968589798489021
9,719,random,0.2,0.3333333333333333,0.6104454113657715
9,720,fixed-general,0.8,0.5,0.7441220618014746
9,720,fixed-specific,0.2,0.25,0.41154004432234836
9,720,learned,0.8,0.5,0.7611015405244298
9,720,popularity,1.0,1.0,1.0
9,720,random,0.4,0.5,0.5185331766896122
9,721,fixed-general,0.6,1.0,0.8966233061529364
9,721,fixed-specific,0.8,1.0,0.8343456330323578
9,721,learned,0.6,1.0,0.8921721054268104
9,721,popularity,1.0,1.0,0.8984294899244509
9,721,random,0.4,0.3333333333333333,0.41554882373488017
9,722,fixed-general,0.4,0.25,0.6386367136775241
9,722,fixed-specific,0.8,1.0,0.7658217906551301
9,722,learned,0.4,0.3333333333333333,0.6079975644153729
9,722,popularity,1.0,1.0,0.9306816431612379
9,722,random,0.8,1.0,0.7547202501307002
9,723,fixed-general,1.0,1.0,0.8984294899244509
9,723,fixed-specific,0.8,1.0,0.8839276729066036
9,723,learned,1.0,1.0,0.8984294899244509
9,723,popularity,1.0,1.0,0.8984294899244509
9,723,random,0.8,1.0,0.8343456330323578
9,724,fixed-general,0.8,1.0,0.7552236023259045
9,724,fixed-specific,0.6,1.0,0.6441645557005613
9,724,learned,0.6,1.0,0.6537583119816779
9,724,popularity,1.0,1.0,0.9306816431612379
9,724,random,0.0,0.0,0.11759132069648948
9,725,fixed-general,0.2,0.5,0.7379954215781759
9,725,fixed-specific,0.2,1.0,0.7359850425870915
9,725,learned,0.4,0.5,0.7945221224571118
9,725,popularity,0.2,0.25,0.7153561166142355
9,725,random,0.0,0.0,0.6666666666666667
9,726,fixed-general,0.6,1.0,0.7979251369305298
9,726,fixed-specific,0.6,1.0,0.7729397651966169
9,726,learned,0.6,1.0,0.7979251369305298
9,726,popularity,0.4,1.0,0.7012071514563994
9,726,random,0.6,1.0,0.629966046789367
9,727,fixed-general,0.4,0.5,0.7866848715257447
9,727,fixed-specific,0.2,0.3333333333333333,0.674503917598034
9,727,learned,0.4,0.5,0.7866848715257447
9,727,popularity,0.8,1.0,0.9434732991210639
9,727,random,0.0,0.0,0.5664049399502834
9,728,fixed-general,0.4,0.5,0.4835238734722489
9,728,fixed-specific,0.8,0.5,0.6339164635468238
9,728,learned,0.6,0.5,0.5491264122284198
9,728,popularity,0.8,1.0,0.8067090320710189
9,728,random,0.6,0.5,0.5980537119587681
9,729,fixed-general,0.4,0.5,0.5443331734885004
9,729,fixed-specific,0.6,1.0,0.763800327455012
9,729,learned,0.4,1.0,0.6882500245716858
9,729,popularity,0.8,1.0,0.8784203631041133
9,729,random,0.4,0.25,0.4977371843161227
9,730,fixed-general,0.8,1.0,0.9434732991210639
9,730,fixed-specific,0.4,1.0,0.7586243475510318
9,730,learned,0.8,1.0,0.9434732991210639
9,730,popularity,0.6,0.5,0.7994765465672335
9,730,random,0.4,1.0,0.6505253699032814
9,731,fixed-general,0.4,1.0,0.6475345724050258
9,731,fixed-specific,0.6,0.5,0.5210351789023115
9,731,learned,0.6,1.0,0.7363708911844177
9,731,popularity,0.6,1.0,0.8551223685179244
9,731,random,0.4,1.0,0.760405512732815
9,732,fixed-general,0.6,1.0,0.7227424380094927
9,732,fixed-specific,0.2,0.25,0.39396913023978003
9,732,learned,0.4,1.0,0.6840668949270667
9,732,popularity,0.6,1.0,0.7251764723327996
9,732,random,0.0,0.0,0.283138098996225
9,733,fixed-general,1.0,1.0,0.8058609574080366
9,733,fixed-specific,1.0,1.0,0.8058609574080366
9,733,learned,1.0,1.0,0.8058609574080366
9,733,popularity,1.0,1.0,0.8969662799868708
9,733,random,0.8,1.0,0.7603082961186196
9,734,fixed-general,0.2,1.0,0.7537883487648889
9,734,fixed-specific,0.4,0.5,0.7787837507121763
9,734,learned,0.4,1.0,0.8276412442871166
9,734,popularity,0.8,1.0,0.9087296468973012
9,734,random,0.4,0.3333333333333333,0.6803295784817339
9,735,fixed-general,0.8,1.0,0.7968589798489021
9,735,fixed-specific,0.6,1.0,0.7182733059389612
9,735,learned,0.8,1.0,0.8109414145622583
9,735,popularity,0.4,1.0,0.7323557406523175
9,735,random,0.6,0.5,0.593717959697804
9,736,fixed-general,1.0,1.0,0.946503433816368
9,736,fixed-specific,0.6,0.5,0.764817358607021
9,736,learned,1.0,1.0,0.9576049743407979
9,736,popularity,0.6,1.0,0.6927876157337769
9,736,random,0.4,1.0,0.5603789364302664
9,737,fixed-general,0.0,0.0,0.6179772167190979
9,737,fixed-specific,0.0,0.0,0.6666666666666667
9,737,learned,0.0,0.0,0.6179772167190979
9,737,popularity,0.6,1.0,0.8460943992259263
9,737,random,0.0,0.0,0.6101399657877307
9,738,fixed-general,0.6,0.3333333333333333,0.7327751229568087
9,738,fixed-specific,0.6,1.0,0.7557599591224168
9,738,learned,0.6,0.5,0.7460737248111275
9,738,popularity,0.8,1.0,0.9214143260900591
9,738,random,1.0,1.0,0.8984294899244509
9,739,fixed-general,0.8,1.0,0.928671245088491
9,739,fixed-specific,0.4,0.5,0.7070520707822173
9,739,learned,0.6,0.5,0.8382571482945591
9,739,popularity,0.8,1.0,0.9562649741625527
9,739,random,0.8,1.0,0.928671245088491
9,740,fixed-general,0.4,1.0,0.7747656443144173
9,740,fixed-specific,0.2,0.5,0.7379954215781759
9,740,learned,0.2,1.0,0.7359850425870915
9,740,popularity,0.4,1.0,0.7846744925346604
9,740,random,0.2,0.5,0.7379954215781759
9,741,fixed-general,0.2,0.3333333333333333,0.6031751626865247
9,741,fixed-specific,0.4,0.3333333333333333,0.6150943898978523
9,741,learned,0.2,0.3333333333333333,0.6031751626865247
9,741,popularity,0.6,1.0,0.6729603335076004
9,741,random,0.2,0.2,0.3642766841292919
9,742,fixed-general,0.2,0.2,0.24903981079749102
9,742,fixed-specific,0.2,0.5,0.2886245107628698
9,742,learned,0.2,0.25,0.2615891997313482
9,742,popularity,0.4,0.5,0.4596799843537276
9,742,random,0.8,1.0,0.819326672958092
9,743,fixed-general,0.2,0.25,0.50952293273536
9,743,fixed-specific,0.2,0.25,0.50952293273536
9,743,learned,0.2,0.25,0.50952293273536
9,743,popularity,0.4,1.0,0.6832919895416519
9,743,random,0.2,0.25,0.19848408214090837
9,744,fixed-general,0.8,1.0,0.8082168163143322
9,744,fixed-specific,0.8,1.0,0.8421757737602428
9,744,learned,0.8,1.0,0.830419897363192
9,744,popularity,0.8,1.0,0.8193183568387621
9,744,random,0.2,0.25,0.42952395509341285
9,745,fixed-general,0.4,0.5,0.5804208085431618
9,745,fixed-specific,0.6,0.5,0.675518708078784
9,745,learned,0.2,0.5,0.5099321089559009
9,745,popularity,1.0,1.0,0.8969662799868708
9,745,random,0.2,0.2,0.47107135399103417
9,746,fixed-general,0.6,1.0,0.6621943801949693
9,746,fixed-specific,0.4,0.5,0.4553969405015201
9,746,learned,0.6,1.0,0.6547627440297871
9,746,popularity,0.8,1.0,0.8592011662065416
9,746,random,0.6,0.5,0.5380248717039899
9,747,fixed-general,0.4,0.25,0.5163355009513918
9,747,fixed-specific,0.2,0.2,0.4725914632702954
9,747,learned,0.2,0.3333333333333333,0.4840838813530995
9,747,popularity,0.8,1.0,0.9607071630450296
9,747,random,0.2,0.5,0.5747649419538305
9,748,fixed-general,0.8,1.0,0.928671245088491
9,748,fixed-specific,0.4,1.0,0.7925117434660276
9,748,learned,0.8,1.0,0.928671245088491
9,748,popularity,0.6,1.0,0.8849362192510436
9,748,random,0.8,0.5,0.8869465982421281
9,749,fixed-general,0.4,1.0,0.6064249949992928
9,749,fixed-specific,0.4,1.0,0.669135159630116
9,749,learned,0.4,1.0,0.6064249949992928
9,749,popularity,0.8,1.0,0.9028491098915834
9,749,random,0.6,1.0,0.5778131185672036
9,750,fixed-general,0.8,1.0,0.9513105500524313
9,750,fixed-specific,0.6,0.5,0.773893196484256
9,750,learned,0.8,1.0,0.9434732991210639
9,750,popularity,0.6,1.0,0.8721445442095549
9,750,random,0.6,1.0,0.8008157892980458
9,751,fixed-general,1.0,1.0,0.9210878868801213
9,751,fixed-specific,1.0,1.0,0.9576049743407979
9,751,learned,1.0,1.0,0.9210878868801213
9,751,popularity,0.8,0.5,0.7017270361422726
9,751,random,0.6,1.0,0.7716997288536557
9,752,fixed-general,0.8,1.0,0.8809008950601972
9,752,fixed-specific,0.8,1.0,0.934397461243829
9,752,learned,1.0,1.0,0.9576049743407979
9,752,popularity,1.0,1.0,1.0
9,752,random,0.8,1.0,0.7716997288536557
9,753,fixed-general,0.6,1.0,0.7020312758394052
9,753,fixed-specific,0.8,1.0,0.8480996256821117
9,753,learned,0.6,1.0,0.7020312758394052
9,753,popularity,0.8,1.0,0.7691875125622331
9,753,random,0.4,0.3333333333333333,0.38929104955014504
9,754,fixed-general,0.6,0.5,0.611568905042802
9,754,fixed-specific,0.4,1.0,0.6267223001023574
9,754,learned,0.6,0.5,0.611568905042802
9,754,popularity,0.8,0.5,0.7899781695637943
9,754,random,0.8,0.5,0.8335217812928342
9,755,fixed-general,0.6,1.0,0.7018784777466108
9,755,fixed-specific,0.6,1.0,0.5528694045801297
9,755,learned,0.6,1.0,0.6267223001023574
9,755,popularity,0.4,0.5,0.4189645321870675
9,755,random,0.6,0.5,0.4823596358198856
9,756,fixed-general,0.8,0.5,0.6056883680370844
9,756,fixed-specific,0.8,1.0,0.8659226621304695
9,756,learned,0.8,1.0,0.7113754892371302
9,756,popularity,0.6,1.0,0.6882500245716858
9,756,random,0.4,0.3333333333333333,0.4943423695939256
9,757,fixed-general,0.2,0.5,0.6237440132200903
9,757,fixed-specific,0.6,0.5,0.7460737248111275
9,757,learned,0.4,0.3333333333333333,0.6890310852757123
9,757,popularity,0.2,1.0,0.7005235033585164
9,757,random,0.4,0.5,0.7138221052128352
9,758,fixed-general,0.6,1.0,0.9942646540427001
9,758,fixed-specific,0.6,1.0,1.0
9,758,learned,0.6,1.0,1.0
9,758,popularity,0.2,0.5,0.6255261196731898
9,758,random,0.4,1.0,0.8127630598365949
9,759,fixed-general,0.2,0.25,0.5127206075732869
9,759,fixed-specific,0.4,1.0,0.5653671055537735
9,759,learned,0.4,0.3333333333333333,0.6022418653546738
9,759,popularity,0.8,1.0,0.7840976325580767
9,759,random,0.6,0.3333333333333333,0.4977371843161227
9,761,fixed-general,0.2,0.5,0.4359059435076748
9,761,fixed-specific,0.0,0.0,0.19271104122147184
9,761,learned,0.2,0.5,0.44044313775691435
9,761,popularity,0.2,1.0,0.5622529787415315
9,761,random,0.0,0.0,0.20706553694702026
9,762,fixed-general,0.8,1.0,0.8941645557005614
9,762,fixed-specific,1.0,1.0,1.0
9,762,learned,0.8,1.0,0.9269658250786468
9,762,popularity,1.0,1.0,0.9099863463556914
9,762,random,0.8,1.0,0.8152524425806826
9,763,fixed-general,0.6,1.0,0.746857557670165
9,763,fixed-specific,0.8,1.0,0.8851308880701323
9,763,learned,0.6,1.0,0.746857557670165
9,763,popularity,0.4,0.3333333333333333,0.6541894490468678
9,763,random,0.8,1.0,0.8546854522433548
9,764,fixed-general,0.4,0.5,0.6465900928241521
9,764,fixed-specific,0.4,1.0,0.6688268017542337
9,764,learned,0.4,0.5,0.6465900928241521
9,764,popularity,0.6,1.0,0.7928533165444878
9,764,random,0.6,1.0,0.696511502855909
9,765,fixed-general,1.0,1.0,0.9137021644382827
9,765,fixed-specific,1.0,1.0,0.8728149230223939
9,765,learned,1.0,1.0,0.8824086793035105
9,765,popularity,1.0,1.0,0.9634829125393233
9,765,random,0.8,1.0,0.8310742332358129
9,766,fixed-general,0.4,0.5,0.4172154368657554
9,766,fixed-specific,0.2,0.3333333333333333,0.37689417438244444
9,766,learned,0.2,0.2,0.31418400975162125
9,766,popularity,0.8,0.5,0.6903415571718573
9,766,random,0.6,1.0,0.8115787567888846
9,767,fixed-general,0.8,1.0,0.7669794787229554
9,767,fixed-specific,1.0,1.0,0.9099863463556914
9,767,learned,1.0,1.0,0.8362978355617173
9,767,popularity,1.0,1.0,0.9576049743407979
9,767,random,0.6,1.0,0.8082168163143322
9,768,fixed-general,1.0,1.0,0.868501608872227
9,768,fixed-specific,1.0,1.0,0.7754352608773023
9,768,learned,1.0,1.0,0.8192680579198933
9,768,popularity,1.0,1.0,0.9184116866353436
9,768,random,0.8,1.0,0.7514406955804204
9,769,fixed-general,0.6,1.0,0.8171987990598991
9,769,fixed-specific,0.6,1.0,0.8216499997860249
9,769,learned,0.6,1.0,0.8325394492608429
9,769,popularity,0.2,1.0,0.6549732819059052
9,769,random,0.4,0.5,0.4854706828201231
9,770,fixed-general,0.2,0.3333333333333333,0.5463615544736781
9,770,fixed-specific,0.4,0.3333333333333333,0.550812755199804
9,770,learned,0.2,0.3333333333333333,0.5070687175187076
9,770,popularity,0.8,1.0,0.9187693091354482
9,770,random,0.0,0.0,0.4028531904885475
9,771,fixed-general,0.8,1.0,0.8633420161317488
9,771,fixed-specific,0.6,0.3333333333333333,0.4920641487681591
9,771,learned,0.8,1.0,0.8759734852097459
9,771,popularity,0.8,1.0,0.8248081610250325
9,771,random,0.6,0.5,0.6355787096846633
9,772,fixed-general,0.6,1.0,0.8136074643395345
9,772,fixed-specific,0.2,0.3333333333333333,0.6307688917605867
9,772,learned,0.6,1.0,0.8136074643395345
9,772,popularity,0.4,1.0,0.6583626208346486
9,772,random,0.4,0.3333333333333333,0.5338567867660999
9,773,fixed-general,0.8,1.0,0.8570235742419587
9,773,fixed-specific,0.8,1.0,0.8730199708353388
9,773,learned,0.8,1.0,0.86917813568301
9,773,popularity,1.0,1.0,0.8970145361322207
9,773,random,0.8,1.0,0.8406652084230161
9,774,fixed-general,0.6,1.0,0.7037660633855005
9,774,fixed-specific,0.4,1.0,0.7475988604280915
9,774,learned,0.6,1.0,0.693846947512646
9,774,popularity,0.8,1.0,0.86917813568301
9,774,random,0.8,1.0,0.8592590198101554
9,775,fixed-general,0.6,0.5,0.6164886616496296
9,775,fixed-specific,0.8,0.5,0.6945246868164763
9,775,learned,0.6,0.5,0.6164886616496296
9,775,popularity,1.0,1.0,0.9397755576526973
9,775,random,0.8,1.0,0.723873190210774
9,776,fixed-general,0.6,1.0,0.6986655539323022
9,776,fixed-specific,0.2,0.25,0.48302052127704476
9,776,learned,0.4,1.0,0.6154292005805552
9,776,popularity,0.8,1.0,0.8978803737831524
9,776,random,0.4,0.5,0.4432909679289811
9,777,fixed-general,0.2,0.5,0.519725868993799
9,777,fixed-specific,0.4,0.3333333333333333,0.5825462367136688
9,777,learned,0.2,0.5,0.519725868993799
9,777,popularity,0.4,1.0,0.7133457376231512
9,777,random,0.6,1.0,0.7698724385020872
9,778,fixed-general,0.0,0.0,0.3784299394429898
9,778,fixed-specific,0.4,0.5,0.48333878273407244
9,778,learned,0.2,0.2,0.4390580443842806
9,778,popularity,0.8,1.0,0.9591000895315186
9,778,random,0.0,0.0,0.24038692320277816
9,779,fixed-general,0.8,0.5,0.7017270361422726
9,779,fixed-specific,0.8,0.5,0.665209948681596
9,779,learned,0.8,0.5,0.665209948681596
9,779,popularity,0.8,1.0,0.7187065148652279
9,779,random,0.8,1.0,0.6758081370108217
9,780,fixed-general,0.6,1.0,0.8546854522433548
9,780,fixed-specific,0.6,0.3333333333333333,0.7079841030196857
9,780,learned,0.6,1.0,0.8343456330323578
9,780,popularity,0.4,0.5,0.605210377780608
9,780,random,0.2,0.3333333333333333,0.3502617516792582
9,781,fixed-general,0.2,0.25,0.5919117759262892
9,781,fixed-specific,0.6,0.5,0.7182733059389612
9,781,learned,0.2,0.3333333333333333,0.6059942106396455
9,781,popularity,0.8,1.0,0.8476442348866765
9,781,random,0.6,1.0,0.7575661428939316
9,782,fixed-general,1.0,1.0,0.8633420161317488
9,782,fixed-specific,0.8,1.0,0.7995452228690382
9,782,learned,1.0,1.0,0.8633420161317488
9,782,popularity,0.8,1.0,0.8201618458606114
9,782,random,0.4,0.3333333333333333,0.572484988065655
9,783,fixed-general,0.4,1.0,0.7753889359899792
9,783,fixed-specific,0.4,1.0,0.5956247013867477
9,783,learned,0.4,1.0,0.7670226767007411
9,783,popularity,0.8,1.0,0.8634369398469492
9,783,random,0.0,0.0,0.2623258266935567
9,784,fixed-general,0.4,1.0,0.6336557846511124
9,784,fixed-specific,0.6,1.0,0.7108818401423714
9,784,learned,0.6,1.0,0.6675694658208489
9,784,popularity,0.8,1.0,0.86917813568301
9,784,random,0.2,0.5,0.46216643163307736
9,785,fixed-general,1.0,1.0,1.0
9,785,fixed-specific,1.0,1.0,0.9671987306219145
9,785,learned,1.0,1.0,0.9671987306219145
9,785,popularity,1.0,1.0,0.9671987306219145
9,785,random,0.4,0.25,0.5523388781158067
9,786,fixed-general,0.8,1.0,0.7836242484779553
9,786,fixed-specific,0.6,1.0,0.7324589242932418
9,786,learned,0.8,1.0,0.7876168254347432
9,786,popularity,0.6,1.0,0.7832480766924035
9,786,random,0.4,0.5,0.5547816986016157
9,787,fixed-general,0.4,0.5,0.6765142965891183
9,787,fixed-specific,0.4,0.5,0.7458326725095431
9,787,learned,0.4,0.5,0.6765142965891183
9,787,popularity,0.4,1.0,0.8510488233360479
9,787,random,0.2,0.2,0.5677441826810956
9,788,fixed-general,0.6,1.0,0.7946334137728961
9,788,fixed-specific,0.8,1.0,0.8609428367409954
9,788,learned,0.6,1.0,0.7946334137728961
9,788,popularity,0.2,0.3333333333333333,0.5026175167925817
9,788,random,0.6,1.0,0.742461357268098
9,789,fixed-general,0.8,1.0,0.7746091845711943
9,789,fixed-specific,0.6,0.5,0.7187482117859906
9,789,learned,0.8,1.0,0.8161692689038234
9,789,popularity,0.6,0.5,0.7210713693682012
9,789,random,0.2,0.25,0.3470941726368493
9,790,fixed-general,0.2,0.5,0.5867473613238896
9,790,fixed-specific,0.0,0.0,0.41546774798376085
9,790,learned,0.2,0.5,0.6263008463488743
9,790,popularity,0.4,1.0,0.6927891905341462
9,790,random,0.4,1.0,0.7237073050337458
9,791,fixed-general,0.4,1.0,0.8362467693034749
9,791,fixed-specific,0.8,1.0,0.9434732991210639
9,791,learned,0.6,1.0,0.8849362192510436
9,791,popularity,0.6,1.0,0.8997382732836168
9,791,random,0.6,1.0,0.8460943992259263
9,792,fixed-general,0.6,0.3333333333333333,0.6886441498107586
9,792,fixed-specific,0.8,1.0,0.8593054981625435
9,792,learned,0.6,0.5,0.7011418507844024
9,792,popularity,0.8,1.0,0.9164775630665085
9,792,random,0.4,1.0,0.5678011398770804
9,793,fixed-general,0.6,0.3333333333333333,0.611713382497964
9,793,fixed-specific,0.6,1.0,0.7283002711463443
9,793,learned,0.6,1.0,0.6906254956178427
9,793,popularity,1.0,1.0,0.9099863463556914
9,793,random,0.8,1.0,0.7474877837085775
9,794,fixed-general,1.0,1.0,0.9099863463556914
9,794,fixed-specific,0.6,1.0,0.6912798314904636
9,794,learned,1.0,1.0,0.877185076977606
9,794,popularity,0.8,1.0,0.8978803737831524
9,794,random,0.8,0.5,0.7032348203855859
9,795,fixed-general,0.8,1.0,0.7936671030388791
9,795,fixed-specific,0.8,1.0,0.8406652084230161
9,795,learned,0.8,1.0,0.8051926084958658
9,795,popularity,0.8,1.0,0.7990678569486218
9,795,random,0.4,1.0,0.5794309198413169
9,796,fixed-general,0.4,0.5,0.5468458781241088
9,796,fixed-specific,0.6,0.5,0.6355787096846633
9,796,learned,0.4,0.5,0.5820902279177393
9,796,popularity,0.6,1.0,0.6961353310703573
9,796,random,0.2,0.2,0.40797763237202583
9,797,fixed-general,1.0,1.0,0.8411053072016672
9,797,fixed-specific,1.0,1.0,0.8450978841584552
9,797,learned,1.0,1.0,0.8450978841584552
9,797,popularity,1.0,1.0,0.8969662799868708
9,797,random,0.6,0.5,0.649879598137238
9,799,fixed-general,0.8,1.0,0.909921908007255
9,799,fixed-specific,0.8,1.0,0.8591366529694805
9,799,learned,0.8,1.0,0.909921908007255
9,799,popularity,0.4,0.3333333333333333,0.6934822860018383
9,799,random,0.4,0.3333333333333333,0.5874605752001633
9,800,fixed-general,0.8,0.5,0.695288469773353
9,800,fixed-specific,0.4,0.5,0.605210377780608
9,800,learned,0.8,0.5,0.695288469773353
9,800,popularity,0.8,1.0,0.8546854522433548
9,800,random,0.8,1.0,0.9607071630450296
9,801,fixed-general,0.8,1.0,0.7669794787229554
9,801,fixed-specific,1.0,1.0,0.877185076977606
9,801,learned,0.8,1.0,0.8310742332358129
9,801,popularity,1.0,1.0,0.8882866175020359
9,801,random,0.8,1.0,0.7076049743407979
9,802,fixed-general,0.2,1.0,0.6950042998417968
9,802,fixed-specific,0.0,0.0,0.540034132534136
9,802,learned,0.2,1.0,0.6950042998417968
9,802,popularity,0.2,0.5,0.524464169048702
9,802,random,0.2,0.3333333333333333,0.5704379152914216
9,803,fixed-general,0.4,0.25,0.5823903734508955
9,803,fixed-specific,0.6,0.5,0.7119421443969476
9,803,learned,0.4,0.3333333333333333,0.5520810896577077
9,803,popularity,0.6,1.0,0.7471711847969628
9,803,random,0.6,1.0,0.6882500245716858
9,804,fixed-general,0.6,1.0,0.8122682216087223
9,804,fixed-specific,0.8,1.0,0.9125299483251055
9,804,learned,0.6,1.0,0.8997382732836168
9,804,popularity,0.4,0.3333333333333333,0.5417552559952586
9,804,random,0.2,0.25,0.4017792614235969
9,805,fixed-general,0.4,0.3333333333333333,0.5668723251703587
9,805,fixed-specific,0.2,1.0,0.5641729958025964
9,805,learned,0.2,1.0,0.5994173455962268
9,805,popularity,0.4,1.0,0.7433080782982827
9,805,random,0.4,0.25,0.28092488835585894
9,806,fixed-general,0.8,1.0,0.8343456330323578
9,806,fixed-specific,0.4,1.0,0.788011578720709
9,806,learned,0.6,1.0,0.7906015953512613
9,806,popularity,0.6,0.5,0.7531149421678056
9,806,random,0.2,1.0,0.5856543914286485
9,807,fixed-general,1.0,1.0,0.861713382497964
9,807,fixed-specific,1.0,1.0,0.9041084081571661
9,807,learned,1.0,1.0,0.861713382497964
9,807,popularity,1.0,1.0,0.9576049743407979
9,807,random,0.8,1.0,0.7108174402281849
9,808,fixed-general,0.2,0.3333333333333333,0.5802705587517739
9,808,fixed-specific,0.0,0.0,0.42785850757270605
9,808,learned,0.2,0.2,0.6123660668737929
9,808,popularity,0.2,1.0,0.7715180757372464
9,808,random,0.2,1.0,0.875512988420511
9,809,fixed-general,0.2,1.0,0.5283889698324461
9,809,fixed-specific,0.4,1.0,0.7185593083648736
9,809,learned,0.4,1.0,0.5869160048186502
9,809,popularity,0.4,1.0,0.6625179956621899
9,809,random,0.4,0.3333333333333333,0.491856647310405
9,810,fixed-general,0.4,1.0,0.8362467693034749
9,810,fixed-specific,0.6,1.0,0.8799817951409221
9,810,learned,0.4,1.0,0.8362467693034749
9,810,popularity,0.4,1.0,0.8362467693034749
9,810,random,0.4,0.5,0.6814687206992398
9,811,fixed-general,0.6,1.0,0.8083513979317062
9,811,fixed-specific,0.6,1.0,0.8776702884089629
9,811,learned,0.8,1.0,0.8913882725677729
9,811,popularity,1.0,1.0,0.8984294899244509
9,811,random,0.4,0.25,0.6819898679190342
9,812,fixed-general,0.8,1.0,0.8659226621304695
9,812,fixed-specific,0.8,1.0,0.9505758512652425
9,812,learned,1.0,1.0,0.9397755576526973
9,812,popularity,0.8,1.0,0.9164775630665085
9,812,random,0.4,0.5,0.6314203969465803
9,813,fixed-general,0.8,1.0,0.8330290089450767
9,813,fixed-specific,0.8,1.0,0.7863928727865023
9,813,learned,1.0,1.0,0.9347700524542861
9,813,popularity,0.6,0.5,0.5940267919864127
9,813,random,0.0,0.0,0.3576220490078844
9,814,fixed-general,0.4,1.0,0.6774497309591406
9,814,fixed-specific,0.2,1.0,0.6106081246439119
9,814,learned,0.4,1.0,0.6774497309591406
9,814,popularity,0.6,0.5,0.7446854625134423
9,814,random,0.4,0.3333333333333333,0.6392200010760012
9,815,fixed-general,0.8,1.0,0.8633420161317488
9,815,fixed-specific,0.8,1.0,0.7483798986843249
9,815,learned,1.0,1.0,0.9088946774211658
9,815,popularity,0.8,1.0,0.8850378825525761
9,815,random,0.4,0.3333333333333333,0.5395637958542351
9,816,fixed-general,0.8,1.0,0.8530337046359621
9,816,fixed-specific,1.0,1.0,0.9481316041715844
9,816,learned,0.8,1.0,0.8570262815927502
9,816,popularity,1.0,1.0,0.9025789428821672
9,816,random,0.8,0.5,0.753992561579621
9,817,fixed-general,0.8,1.0,0.7691875125622331
9,817,fixed-specific,0.8,1.0,0.8289121131198786
9,817,learned,0.8,1.0,0.7691875125622331
9,817,popularity,1.0,1.0,0.8882866175020359
9,817,random,1.0,1.0,0.8251962950372874
9,818,fixed-general,0.2,0.5,0.6763354520293796
9,818,fixed-specific,0.0,0.0,0.5481677382451928
9,818,learned,0.2,0.5,0.6878278701121837
9,818,popularity,0.2,1.0,0.636439646466423
9,818,random,0.0,0.0,0.5159161186469007
9,819,fixed-general,0.6,0.5,0.8248171863434257
9,819,fixed-specific,0.6,1.0,0.9154469811517951
9,819,learned,0.6,1.0,0.8731035491604512
9,819,popularity,0.0,0.0,0.5112120712758316
9,819,random,0.4,1.0,0.7338081063642483
9,820,fixed-general,0.6,1.0,0.7250639463249892
9,820,fixed-specific,0.4,0.3333333333333333,0.5867858765182297
9,820,learned,0.6,1.0,0.7131355488906943
9,820,popularity,0.8,1.0,0.7716958510436603
9,820,random,0.8,1.0,0.7001279080271453
9,821,fixed-general,0.2,0.2,0.6793200430998451
9,821,fixed-specific,0.0,0.0,0.6171646972959003
9,821,learned,0.2,0.2,0.6793200430998451
9,821,popularity,0.2,0.25,0.6419109801663244
9,821,random,0.0,0.0,0.3855668514106028
9,822,fixed-general,1.0,1.0,0.9634829125393233
9,822,fixed-specific,1.0,1.0,0.9210878868801213
9,822,learned,1.0,1.0,1.0
9,822,popularity,1.0,1.0,1.0
9,822,random,0.8,1.0,0.8904487376179702
9,823,fixed-general,0.6,1.0,0.7747129768663902
9,823,fixed-specific,0.2,0.3333333333333333,0.6059942106396455
9,823,learned,0.4,1.0,0.7075647207151946
9,823,popularity,0.4,1.0,0.7646073602506097
9,823,random,0.2,0.2,0.5741619733458444
9,824,fixed-general,1.0,1.0,0.9041084081571661
9,824,fixed-specific,0.8,1.0,0.8517695300413594
9,824,learned,1.0,1.0,0.8713071387790806
9,824,popularity,1.0,1.0,0.7828012693780854
9,824,random,0.8,1.0,0.7716997288536557
9,825,fixed-general,0.6,0.3333333333333333,0.4014663890215239
9,825,fixed-specific,0.4,0.3333333333333333,0.6541894490468678
9,825,learned,0.4,0.3333333333333333,0.36217355206655344
9,825,popularity,0.8,1.0,0.9607071630450296
9,825,random,0.4,0.3333333333333333,0.4262574089586469
9,826,fixed-general,0.6,0.3333333333333333,0.6572745761054906
9,826,fixed-specific,0.4,0.5,0.629966046789367
9,826,learned,0.4,0.3333333333333333,0.6220302263118601
9,826,popularity,0.8,1.0,0.7653801165046616
9,826,random,0.4,0.5,0.5741050740041632
9,827,fixed-general,0.4,1.0,0.7646073602506097
9,827,fixed-specific,0.6,1.0,0.746857557670165
9,827,learned,0.4,1.0,0.7646073602506097
9,827,popularity,0.6,1.0,0.7835603779945831
9,827,random,0.2,1.0,0.7005235033585164
9,828,fixed-general,0.6,0.5,0.6276428892071564
9,828,fixed-specific,0.8,1.0,0.8177893548423316
9,828,learned,0.6,1.0,0.7393155013414947
9,828,popularity,0.6,1.0,0.7888607395876999
9,828,random,0.8,1.0,0.7261431897542433
9,829,fixed-general,0.6,1.0,0.8387968337584836
9,829,fixed-specific,0.8,1.0,0.9117280917787699
9,829,learned,0.6,1.0,0.8458380511151619
9,829,popularity,1.0,1.0,0.8984294899244509
9,829,random,0.6,1.0,0.7702617761402644
9,830,fixed-general,0.8,1.0,0.934397461243829
9,830,fixed-specific,0.8,1.0,0.7754155469362467
9,830,learned,0.8,1.0,0.8824086793035105
9,830,popularity,0.4,1.0,0.7437719656259865
9,830,random,0.8,1.0,0.8480996256821117
9,831,fixed-general,0.6,1.0,0.7961108437417932
9,831,fixed-specific,0.8,1.0,0.8978803737831524
9,831,learned,0.6,1.0,0.807866720138844
9,831,popularity,0.8,1.0,0.865079104405067
9,831,random,0.6,1.0,0.6998691557234711
9,832,fixed-general,0.4,0.5,0.7990560864496196
9,832,fixed-specific,0.2,0.5,0.6544895197985093
9,832,learned,0.2,0.5,0.7508672308992496
9,832,popularity,0.4,1.0,0.8536652032177245
9,832,random,0.4,0.5,0.7990560864496196
9,833,fixed-general,0.0,0.0,0.4841546742868668
9,833,fixed-specific,0.4,0.25,0.7098831924573341
9,833,learned,0.0,0.0,0.4841546742868668
9,833,popularity,0.2,1.0,0.7438332569592575
9,833,random,0.4,1.0,0.6486274575459751
9,834,fixed-general,0.2,0.5,0.5246802931039205
9,834,fixed-specific,0.2,0.5,0.5246802931039205
9,834,learned,0.2,0.5,0.5325175440352877
9,834,popularity,0.4,1.0,0.7020976466720958
9,834,random,0.6,1.0,0.7698724385020872
9,835,fixed-general,1.0,1.0,0.8812485226664931
9,835,fixed-specific,1.0,1.0,0.904546517252682
9,835,learned,1.0,1.0,0.8920488162790383
9,835,popularity,0.6,0.5,0.6945246868164763
9,835,random,0.6,1.0,0.6500202946885463
9,836,fixed-general,0.8,1.0,0.8676200694915681
9,836,fixed-specific,1.0,1.0,0.8812485226664931
9,836,learned,0.8,1.0,0.8509392388733055
9,836,popularity,0.6,0.5,0.7119421443969476
9,836,random,0.6,0.5,0.5102348852897665
9,837,fixed-general,0.6,0.3333333333333333,0.5740758021218708
9,837,fixed-specific,0.6,1.0,0.7352401389831364
9,837,learned,0.6,0.3333333333333333,0.6110022498829847
9,837,popularity,0.6,1.0,0.7662860497385326
9,837,random,0.8,1.0,0.8306936217304544
9,838,fixed-general,0.8,0.5,0.77692333117956
9,838,fixed-specific,0.6,1.0,0.6992148198508501
9,838,learned,0.8,1.0,0.8082168163143322
9,838,popularity,1.0,1.0,1.0
9,838,random,0.8,1.0,0.830419897363192
9,839,fixed-general,0.2,0.5,0.7717478329941698
9,839,fixed-specific,0.2,0.5,0.7717478329941698
9,839,learned,0.2,0.5,0.7717478329941698
9,839,popularity,0.2,1.0,0.7407897733924658
9,839,random,0.2,0.2,0.5582728649385323
9,840,fixed-general,0.4,0.25,0.6877623875401737
9,840,fixed-specific,0.0,0.0,0.45335153819241136
9,840,learned,0.4,0.25,0.6877623875401737
9,840,popularity,0.8,1.0,0.9513105500524313
9,840,random,0.2,0.25,0.430712233228471
9,841,fixed-general,0.6,1.0,0.8312923451933533
9,841,fixed-specific,0.6,1.0,0.8849362192510436
9,841,learned,0.6,1.0,0.8460943992259263
9,841,popularity,0.2,1.0,0.6646562876755823
9,841,random,0.6,0.5,0.7895676983469904
9,842,fixed-general,0.6,0.5,0.8360408131306635
9,842,fixed-specific,0.0,0.0,0.5716495705453555
9,842,learned,0.4,0.3333333333333333,0.8020040617452147
9,842,popularity,0.6,1.0,0.9033484669184327
9,842,random,0.2,0.5,0.47618801220057033
9,843,fixed-general,1.0,1.0,0.8984294899244509
9,843,fixed-specific,1.0,1.0,0.8984294899244509
9,843,learned,1.0,1.0,0.8984294899244509
9,843,popularity,0.8,1.0,0.9562559623189038
9,843,random,0.8,1.0,0.785366561766098
9,844,fixed-general,0.6,0.5,0.6559956328183826
9,844,fixed-specific,0.4,0.5,0.6122515951372862
9,844,learned,0.8,0.5,0.695288469773353
9,844,popularity,0.6,0.5,0.6445032147355785
9,844,random,0.6,0.5,0.6167027958634121
9,845,fixed-general,0.2,0.25,0.5726986067912172
9,845,fixed-specific,0.2,0.5,0.46319916811486295
9,845,learned,0.2,0.3333333333333333,0.536800831885137
9,845,popularity,0.6,1.0,0.907575524214984
9,845,random,0.6,1.0,0.7866848715257447
9,846,fixed-general,0.6,1.0,0.6748037049627126
9,846,fixed-specific,0.8,1.0,0.7134829125393234
9,846,learned,0.8,1.0,0.7404062437188833
9,846,popularity,1.0,1.0,0.8824086793035105
9,846,random,0.8,1.0,0.7595937562811165
9,847,fixed-general,1.0,1.0,0.7499999999999999
9,847,fixed-specific,1.0,1.0,0.7828012693780854
9,847,learned,1.0,1.0,0.7828012693780854
9,847,popularity,1.0,1.0,0.946503433816368
9,847,random,1.0,1.0,0.915209948681596
9,848,fixed-general,0.2,0.3333333333333333,0.5026175167925817
9,848,fixed-specific,0.4,0.3333333333333333,0.6293984291097449
9,848,learned,0.2,0.5,0.5729587581823158
9,848,popularity,0.6,1.0,0.7805509790595397
9,848,random,0.6,1.0,0.8153926152883844
9,849,fixed-general,0.4,0.3333333333333333,0.646910188523972
9,849,fixed-specific,0.2,0.2,0.6538749916251779
9,849,learned,0.2,0.5,0.6327792707516711
9,849,popularity,0.6,1.0,0.907575524214984
9,849,random,0.4,0.3333333333333333,0.6150943898978523
9,850,fixed-general,0.2,0.25,0.3015415113474322
9,850,fixed-specific,0.6,0.3333333333333333,0.5439325445965749
9,850,learned,0.2,0.3333333333333333,0.324481291921216
9,850,popularity,0.6,1.0,0.7353722578207758
9,850,random,0.6,1.0,0.7353229243847067
9,851,fixed-general,0.2,0.3333333333333333,0.635942550681849
9,851,fixed-specific,0.2,0.2,0.6328638588981044
9,851,learned,0.2,0.3333333333333333,0.6307615347040754
9,851,popularity,0.2,0.25,0.7480731135642684
9,851,random,0.4,1.0,0.8442365027597128
9,852,fixed-general,0.2,0.25,0.5346426189005324
9,852,fixed-specific,0.0,0.0,0.15548449904997463
9,852,learned,0.2,0.25,0.5346426189005324
9,852,popularity,0.2,0.3333333333333333,0.5454930987335682
9,852,random,0.2,0.25,0.34779304207496964
9,853,fixed-general,0.8,1.0,0.7701919446103423
9,853,fixed-specific,0.6,1.0,0.7057470939219964
9,853,learned,0.8,1.0,0.7701919446103423
9,853,popularity,0.6,0.5,0.5432484740298944
9,853,random,0.6,1.0,0.5471152757899024
9,854,fixed-general,0.6,0.3333333333333333,0.6312046128812596
9,854,fixed-specific,0.2,0.25,0.5411265208885147
9,854,learned,0.6,0.3333333333333333,0.6312046128812596
9,854,popularity,0.8,0.5,0.8361518168038724
9,854,random,0.2,0.25,0.40026317385799526
9,855,fixed-general,0.4,0.5,0.6725299743523131
9,855,fixed-specific,0.2,0.5,0.6231058256175556
9,855,learned,0.4,0.5,0.6791471383202392
9,855,popularity,0.6,1.0,0.8426246675442809
9,855,random,0.2,0.2,0.5586982536256339
9,856,fixed-general,0.4,0.3333333333333333,0.6079975644153729
9,856,fixed-specific,0.6,0.5,0.7573857224418388
9,856,learned,0.4,0.3333333333333333,0.6154292005805552
9,856,popularity,0.8,1.0,0.8041509020562527
9,856,random,0.2,0.3333333333333333,0.4248037049627125
9,857,fixed-general,0.4,1.0,0.7317936363007257
9,857,fixed-specific,0.6,0.5,0.7077590147523284
9,857,learned,0.4,1.0,0.8015150901385478
9,857,popularity,1.0,1.0,0.952273258626341
9,857,random,0.2,0.3333333333333333,0.33408718961561296
9,858,fixed-general,1.0,1.0,0.8443220749053792
9,858,fixed-specific,1.0,1.0,0.8443220749053792
9,858,learned,1.0,1.0,0.8443220749053792
9,858,popularity,0.4,1.0,0.6816328606037597
9,858,random,0.6,1.0,0.8551223685179244
9,859,fixed-general,0.6,0.5,0.6397944017453492
9,859,fixed-specific,0.4,0.25,0.5062280343740136
9,859,learned,0.4,0.5,0.5741918629891783
9,859,popularity,0.8,1.0,0.8592011662065416
9,859,random,0.2,0.25,0.4019462880412318
9,860,fixed-general,0.2,0.25,0.6426970309640637
9,860,fixed-specific,0.0,0.0,0.5989529932829674
9,860,learned,0.2,0.25,0.6426970309640637
9,860,popularity,0.6,1.0,0.8039001972055801
9,860,random,0.2,0.2,0.6382458302379378
9,861,fixed-general,0.2,0.25,0.6563286073639966
9,861,fixed-specific,0.0,0.0,0.5932959439177204
9,861,learned,0.0,0.0,0.5991174948960775
9,861,popularity,0.2,1.0,0.8323744702873667
9,861,random,0.2,0.3333333333333333,0.7983776289646104
9,862,fixed-general,0.8,1.0,0.8736503276275354
9,862,fixed-specific,0.8,1.0,0.8280976663381182
9,862,learned,0.8,1.0,0.8673345930885368
9,862,popularity,0.6,1.0,0.7809249191101928
9,862,random,0.4,0.3333333333333333,0.515003929341943
9,863,fixed-general,0.2,0.5,0.8131504231744371
9,863,fixed-specific,0.0,0.0,0.672274592591594
9,863,learned,0.2,0.3333333333333333,0.7486521215915991
9,863,popularity,0.0,0.0,0.6809099631169793
9,863,random,0.0,0.0,0.5477082080412188
9,864,fixed-general,0.4,1.0,0.823455094261986
9,864,fixed-specific,0.6,1.0,0.8721445442095549
9,864,learned,0.4,1.0,0.823455094261986
9,864,popularity,0.6,1.0,0.8560032474461695
9,864,random,0.2,0.3333333333333333,0.6031751626865247
9,865,fixed-general,0.4,0.5,0.7252037465366871
9,865,fixed-specific,0.2,0.5,0.689305971630607
9,865,learned,0.4,0.3333333333333333,0.6955996384715408
9,865,popularity,0.6,1.0,0.907575524214984
9,865,random,0.4,0.5,0.7945221224571118
9,866,fixed-general,0.8,1.0,0.7474877837085775
9,866,fixed-specific,0.6,1.0,0.6482304699586406
9,866,learned,0.8,1.0,0.8072123842662231
9,866,popularity,0.8,1.0,0.7898828093677795
9,866,random,0.6,0.5,0.5900136536443085
9,867,fixed-general,0.6,1.0,0.8327933149386086
9,867,fixed-specific,0.4,1.0,0.6791351132500203
9,867,learned,0.6,1.0,0.8288007379818205
9,867,popularity,0.8,1.0,0.8537367762796644
9,867,random,0.2,0.5,0.4370709183503602
9,868,fixed-general,0.2,0.25,0.7379010106089332
9,868,fixed-specific,0.0,0.0,0.6438542785953449
9,868,learned,0.2,0.25,0.7379010106089332
9,868,popularity,0.2,1.0,0.8622240278900382
9,868,random,0.2,0.5,0.7816302507053067
9,869,fixed-general,0.6,1.0,0.6875640134078724
9,869,fixed-specific,0.4,0.25,0.45795507051628614
9,869,learned,0.4,1.0,0.5891602052736161
9,869,popularity,0.2,1.0,0.47307666882043997
9,869,random,0.2,1.0,0.46197512829601006
9,870,fixed-general,0.4,0.3333333333333333,0.6933035222764602
9,870,fixed-specific,0.2,0.5,0.6008416980487071
9,870,learned,0.4,0.3333333333333333,0.6933035222764602
9,870,popularity,0.4,0.3333333333333333,0.6473297760337406
9,870,random,0.0,0.0,0.12456638455037519
9,871,fixed-general,0.6,0.5,0.7898177624922239
9,871,fixed-specific,0.8,1.0,0.9125119246378074
9,871,learned,0.6,0.5,0.8171987990598991
9,871,popularity,1.0,1.0,0.8984294899244509
9,871,random,0.8,0.5,0.695288469773353
9,872,fixed-general,0.4,0.5,0.5104472046518089
9,872,fixed-specific,0.4,0.5,0.5952372559702129
9,872,learned,0.4,0.5,0.5104472046518089
9,872,popularity,0.6,1.0,0.8421757737602428
9,872,random,0.4,0.5,0.372160587149773
9,873,fixed-general,1.0,1.0,0.8450978841584552
9,873,fixed-specific,1.0,1.0,0.8058609574080366
9,873,learned,1.0,1.0,0.8411053072016672
9,873,popularity,0.8,1.0,0.8514136186974538
9,873,random,0.6,0.5,0.6692029735397855
9,874,fixed-general,0.8,1.0,0.8362978355617173
9,874,fixed-specific,0.6,0.5,0.5067313865692178
9,874,learned,0.8,0.5,0.7091127585841113
9,874,popularity,1.0,1.0,0.9634829125393233
9,874,random,0.4,1.0,0.6113632863224758
9,875,fixed-general,0.6,0.5,0.7119421443969476
9,875,fixed-specific,0.6,0.5,0.7119421443969476
9,875,learned,0.6,0.3333333333333333,0.6886441498107586
9,875,popularity,1.0,1.0,0.8443220749053792
9,875,random,0.6,1.0,0.7554857561259873
9,876,fixed-general,0.6,1.0,0.6386367136775241
9,876,fixed-specific,0.6,1.0,0.6319053271083064
9,876,learned,0.6,1.0,0.6386367136775241
9,876,popularity,0.6,1.0,0.7840048711692542
9,876,random,0.2,0.25,0.14606834984270645
9,877,fixed-general,0.6,1.0,0.7469223336173085
9,877,fixed-specific,0.8,1.0,0.8067515272532796
9,877,learned,0.6,1.0,0.7469223336173085
9,877,popularity,0.8,1.0,0.7076078985378293
9,877,random,1.0,1.0,0.8909372554116952
9,878,fixed-general,1.0,1.0,0.8824086793035105
9,878,fixed-specific,0.6,0.5,0.6593320104830706
9,878,learned,1.0,1.0,0.915209948681596
9,878,popularity,0.6,1.0,0.7908872414158887
9,878,random,0.4,1.0,0.6578242262397572
9,879,fixed-general,0.2,0.2,0.4110976230087543
9,879,fixed-specific,0.2,0.5,0.4854706828201231
9,879,learned,0.2,0.2,0.42439622486307316
9,879,popularity,0.4,0.5,0.6648430339465755
9,879,random,0.0,0.0,0.17895296882196127
9,880,fixed-general,0.6,1.0,0.6621943801949693
9,880,fixed-specific,0.8,1.0,0.6758081370108217
9,880,learned,0.6,1.0,0.6621943801949693
9,880,popularity,1.0,1.0,0.9671987306219145
9,880,random,0.8,1.0,0.7611015405244298
9,881,fixed-general,0.6,0.5,0.830419897363192
9,881,fixed-specific,0.4,1.0,0.7945221224571118
9,881,learned,0.6,1.0,0.8799817951409221
9,881,popularity,0.4,1.0,0.823455094261986
9,881,random,0.6,1.0,0.8156178433306188
9,882,fixed-general,0.4,0.5,0.5630903224647484
9,882,fixed-specific,0.4,1.0,0.5637446583373694
9,882,learned,0.6,0.5,0.6614941305990047
9,882,popularity,1.0,1.0,0.9137021644382827
9,882,random,0.6,1.0,0.4623252244714983
9,883,fixed-general,0.8,1.0,0.8591366529694805
9,883,fixed-specific,1.0,1.0,0.9377223268794214
9,883,learned,0.8,1.0,0.8546854522433548
9,883,popularity,1.0,1.0,0.8984294899244509
9,883,random,0.6,1.0,0.7906015953512613
9,884,fixed-general,0.0,0.0,0.5759032237509147
9,884,fixed-specific,0.0,0.0,0.5268758992282094
9,884,learned,0.0,0.0,0.5326974502065664
9,884,popularity,0.4,0.5,0.8613383596426211
9,884,random,0.2,0.5,0.8007398659314671
9,885,fixed-general,0.4,1.0,0.7747656443144173
9,885,fixed-specific,0.2,1.0,0.7797200684245388
9,885,learned,0.4,1.0,0.7747656443144173
9,885,popularity,0.4,1.0,0.8510488233360479
9,885,random,0.2,0.25,0.6023027148563634
9,886,fixed-general,0.4,0.5,0.6954058662700597
9,886,fixed-specific,0.6,1.0,0.7853543767501568
9,886,learned,0.4,0.5,0.6954058662700597
9,886,popularity,0.8,1.0,0.8269042573978328
9,886,random,0.4,0.25,0.6225397192464066
9,887,fixed-general,0.8,1.0,0.9028491098915834
9,887,fixed-specific,1.0,1.0,0.9397755576526973
9,887,learned,1.0,1.0,0.9397755576526973
9,887,popularity,0.0,0.0,0.4890284877480252
9,887,random,0.4,1.0,0.6541517363729519
9,888,fixed-general,0.8,1.0,0.7632636606403641
9,888,fixed-specific,1.0,1.0,0.8362978355617173
9,888,learned,0.8,1.0,0.7744111148881376
9,888,popularity,0.6,1.0,0.764817358607021
9,888,random,0.2,0.2,0.4925683638348177
9,890,fixed-general,0.4,0.5,0.5210351789023115
9,890,fixed-specific,0.4,1.0,0.6869467424496601
9,890,learned,0.6,0.5,0.5948880744245393
9,890,popularity,0.8,1.0,0.856819775879023
9,890,random,0.2,0.5,0.6052942427980116
9,891,fixed-general,0.6,0.5,0.6525789275050002
9,891,fixed-specific,1.0,1.0,0.8450978841584552
9,891,learned,0.6,1.0,0.75593954737628
9,891,popularity,1.0,1.0,0.8969662799868708
9,891,random,0.4,1.0,0.5070681088644361
9,892,fixed-general,0.4,0.3333333333333333,0.5825462367136688
9,892,fixed-specific,0.4,0.3333333333333333,0.5000306091488959
9,892,learned,0.2,0.3333333333333333,0.49012176092865267
9,892,popularity,0.2,0.3333333333333333,0.2846438833857646
9,892,random,0.0,0.0,0.3263685302321274
9,893,fixed-general,0.4,0.25,0.5747089857823017
9,893,fixed-specific,0.0,0.0,0.37706835917078063
9,893,learned,0.2,0.2,0.4773300858871639
9,893,popularity,0.2,0.3333333333333333,0.4463867350912054
9,893,random,0.2,0.25,0.47444725906591834
9,894,fixed-general,0.8,1.0,0.934397461243829
9,894,fixed-specific,1.0,1.0,1.0
9,894,learned,1.0,1.0,1.0
9,894,popularity,1.0,1.0,0.9576049743407979
9,894,random,0.8,1.0,0.6260273889097809
9,895,fixed-general,0.8,1.0,0.8121766919470353
9,895,fixed-specific,1.0,1.0,0.8450978841584552
9,895,learned,0.8,1.0,0.8121766919470353
9,895,popularity,0.8,1.0,0.8617219301932404
9,895,random,0.2,0.3333333333333333,0.5253122408377295
9,896,fixed-general,0.8,0.5,0.7203682977244988
9,896,fixed-specific,0.8,1.0,0.8640450877754511
9,896,learned,0.8,0.5,0.7266840322634975
9,896,popularity,0.8,1.0,0.7836242484779553
9,896,random,0.6,0.5,0.5900260483952462
9,897,fixed-general,0.0,0.0,0.32978564855867354
9,897,fixed-specific,0.6,1.0,0.7014831469905853
9,897,learned,0.0,0.0,0.32978564855867354
9,897,popularity,0.6,1.0,0.6095027658587245
9,897,random,0.2,1.0,0.3746569416376099
9,898,fixed-general,0.4,0.25,0.6820269858428326
9,898,fixed-specific,0.4,1.0,0.6994444434233038
9,898,learned,0.2,0.2,0.6367342787924806
9,898,popularity,1.0,1.0,0.8443220749053792
9,898,random,0.6,0.5,0.5579616266634254
9,899,fixed-general,0.8,1.0,0.7982729638577274
9,899,fixed-specific,0.6,1.0,0.7326704251015566
9,899,learned,0.8,1.0,0.8019887819403185
9,899,popularity,0.8,1.0,0.7558779381985254
9,899,random,0.6,1.0,0.6939912175249456
9,900,fixed-general,0.4,0.5,0.6276428892071564
9,900,fixed-specific,0.4,1.0,0.6061092519207771
9,900,learned,0.4,1.0,0.6612671530622786
9,900,popularity,0.6,1.0,0.8799660621665341
9,900,random,0.6,1.0,0.7586882101801115
9,901,fixed-general,0.2,0.25,0.5457760139774275
9,901,fixed-specific,0.6,1.0,0.7698724385020872
9,901,learned,0.2,0.3333333333333333,0.5177154900027147
9,901,popularity,0.6,1.0,0.8412011934135963
9,901,random,0.2,1.0,0.6307688917605867
9,902,fixed-general,1.0,1.0,0.9671987306219145
9,902,fixed-specific,1.0,1.0,0.9634829125393233
9,902,learned,1.0,1.0,0.9671987306219145
9,902,popularity,1.0,1.0,0.9634829125393233
9,902,random,0.8,1.0,0.7886792075766109
9,903,fixed-general,1.0,1.0,0.8058609574080366
9,903,fixed-specific,0.8,1.0,0.7928533165444878
9,903,learned,0.8,1.0,0.7353722578207758
9,903,popularity,0.8,1.0,0.7483798986843249
9,903,random,0.4,1.0,0.6187407209987744
9,904,fixed-general,0.4,0.5,0.4758394488328927
9,904,fixed-specific,0.2,1.0,0.3484555679077434
9,904,learned,0.4,0.3333333333333333,0.44924224512425504
9,904,popularity,0.6,1.0,0.8294750500017407
9,904,random,0.0,0.0,0.2239002216665862
9,905,fixed-general,1.0,1.0,1.0
9,905,fixed-specific,1.0,1.0,1.0
9,905,learned,1.0,1.0,1.0
9,905,popularity,1.0,1.0,0.9634829125393233
9,905,random,1.0,1.0,1.0
9,906,fixed-general,0.8,0.5,0.7488685921580613
9,906,fixed-specific,0.6,0.5,0.7721665867442502
9,906,learned,0.8,1.0,0.7965953335317203
9,906,popularity,1.0,1.0,0.9397755576526973
9,906,random,0.4,0.25,0.6234999508566285
9,907,fixed-general,0.4,0.25,0.6117219148160735
9,907,fixed-specific,0.4,0.25,0.6117219148160735
9,907,learned,0.4,0.25,0.6117219148160735
9,907,popularity,0.4,1.0,0.6512857414246426
9,907,random,0.6,1.0,0.8002482945127405
9,908,fixed-general,0.6,1.0,0.8352644545132735
9,908,fixed-specific,0.8,1.0,0.8253453386404189
9,908,learned,0.6,1.0,0.8029096921009509
9,908,popularity,1.0,1.0,0.8631008549624842
9,908,random,1.0,1.0,0.7754352608773023
9,909,fixed-general,0.8,1.0,0.8109414145622583
9,909,fixed-specific,0.8,1.0,0.8109414145622583
9,909,learned,0.8,1.0,0.8198438160145101
9,909,popularity,1.0,1.0,1.0
9,909,random,0.8,1.0,0.8210470311780389
9,910,fixed-general,0.4,1.0,0.6917831836856678
9,910,fixed-specific,0.6,0.5,0.6667177329249093
9,910,learned,0.6,0.5,0.692133279861156
9,910,popularity,0.8,1.0,0.8978803737831524
9,910,random,0.6,0.5,0.6132211667412774
9,911,fixed-general,0.6,0.5,0.6048310122513295
9,911,fixed-specific,0.2,0.5,0.5206952968055464
9,911,learned,0.6,0.3333333333333333,0.6021196262168474
9,911,popularity,0.8,1.0,0.934397461243829
9,911,random,0.4,1.0,0.6611440344235165
9,912,fixed-general,0.6,1.0,0.907575524214984
9,912,fixed-specific,0.6,1.0,0.7817304474156231
9,912,learned,0.6,1.0,0.907575524214984
9,912,popularity,0.2,0.3333333333333333,0.7231933675456027
9,912,random,0.2,1.0,0.6357233158707082
9,913,fixed-general,0.8,1.0,0.9242748093029945
9,913,fixed-specific,0.4,0.5,0.6914396824698671
9,913,learned,0.6,1.0,0.8291769097673723
9,913,popularity,0.8,1.0,0.8280976663381182
9,913,random,1.0,1.0,0.8058609574080366
9,914,fixed-general,0.2,0.3333333333333333,0.5115560866751255
9,914,fixed-specific,0.6,0.5,0.7015306178173037
9,914,learned,0.2,0.3333333333333333,0.5153979218274545
9,914,popularity,0.8,1.0,0.8669426901148132
9,914,random,0.4,0.3333333333333333,0.63630067027159
9,915,fixed-general,0.6,1.0,0.7442890884191097
9,915,fixed-specific,0.6,1.0,0.7994765465672335
9,915,learned,0.6,1.0,0.7442890884191097
9,915,popularity,0.8,1.0,0.9434732991210639
9,915,random,1.0,1.0,1.0
9,916,fixed-general,1.0,1.0,1.0
9,916,fixed-specific,0.8,1.0,0.8941645557005614
9,916,learned,0.8,1.0,0.9269658250786468
9,916,popularity,1.0,1.0,0.9099863463556914
9,916,random,0.6,0.5,0.720868634981162
9,917,fixed-general,0.4,0.3333333333333333,0.46252803185459074
9,917,fixed-specific,0.4,0.3333333333333333,0.5437656349863431
9,917,learned,0.4,0.5,0.5069341939523102
9,917,popularity,1.0,1.0,1.0
9,917,random,0.6,0.5,0.7252037465366871
9,918,fixed-general,0.2,0.25,0.5455777216146406
9,918,fixed-specific,0.0,0.0,0.5203673193730265
9,918,learned,0.2,0.3333333333333333,0.5596601563279969
9,918,popularity,0.6,0.3333333333333333,0.7327751229568087
9,918,random,0.0,0.0,0.4054982074431586
9,919,fixed-general,0.2,1.0,0.5802988408507241
9,919,fixed-specific,0.4,0.3333333333333333,0.635036871431382
9,919,learned,0.2,0.3333333333333333,0.5325720994770652
9,919,popularity,0.4,0.5,0.6397866562358184
9,919,random,0.6,1.0,0.7035758851077093
9,920,fixed-general,0.8,1.0,0.9125299483251055
9,920,fixed-specific,0.6,1.0,0.7590911424516829
9,920,learned,0.6,1.0,0.7429498456882975
9,920,popularity,0.8,1.0,0.830419897363192
9,920,random,0.6,0.5,0.7895676983469904
9,921,fixed-general,0.6,1.0,0.6237366687782578
9,921,fixed-specific,0.8,1.0,0.7613123406265564
9,921,learned,0.6,1.0,0.6314203390829157
9,921,popularity,0.4,1.0,0.7590768950583598
9,921,random,0.2,0.3333333333333333,0.38841789266279325
9,924,fixed-general,0.8,1.0,0.9513105500524313
9,924,fixed-specific,1.0,1.0,1.0
9,924,learned,0.8,1.0,0.9513105500524313
9,924,popularity,0.6,0.5,0.830419897363192
9,924,random,0.2,0.2,0.6051855416776092
9,925,fixed-general,0.8,1.0,0.9026211001048624
9,925,fixed-specific,1.0,1.0,1.0
9,925,learned,0.8,1.0,0.9026211001048624
9,925,popularity,1.0,1.0,1.0
9,925,random,0.8,1.0,0.9125299483251055
9,926,fixed-general,0.4,0.25,0.4345830900444472
9,926,fixed-specific,0.6,1.0,0.8862817967055325
9,926,learned,0.4,0.5,0.5132216142689866
9,926,popularity,0.2,0.3333333333333333,0.32610137785972426
9,926,random,0.2,0.5,0.3147138229346836
9,927,fixed-general,0.6,0.5,0.6039459078592673
9,927,fixed-specific,0.4,1.0,0.7460399416706777
9,927,learned,0.6,0.5,0.6176593880577322
9,927,popularity,0.6,1.0,0.7853543767501568
9,927,random,0.8,1.0,0.7578799455265084
9,928,fixed-general,0.6,0.5,0.7531149421678056
9,928,fixed-specific,0.4,0.5,0.6559956328183826
9,928,learned,0.6,0.5,0.7531149421678056
9,928,popularity,0.8,0.5,0.8476442348866765
9,928,random,0.8,0.5,0.7345813067283234
9,929,fixed-general,1.0,1.0,0.9671987306219145
9,929,fixed-specific,1.0,1.0,0.8882866175020359
9,929,learned,1.0,1.0,0.9671987306219145
9,929,popularity,0.8,1.0,0.8786928612209193
9,929,random,0.8,0.5,0.7552236023259045
9,930,fixed-general,0.8,1.0,0.9026211001048624
9,930,fixed-specific,0.4,0.25,0.5181822849033656
9,930,learned,0.8,1.0,0.9026211001048624
9,930,popularity,1.0,1.0,1.0
9,930,random,1.0,1.0,1.0
9,931,fixed-general,0.8,1.0,0.7706166076144062
9,931,fixed-specific,0.8,1.0,0.7706166076144062
9,931,learned,0.8,1.0,0.7706166076144062
9,931,popularity,0.6,1.0,0.8407291354161155
9,931,random,0.6,1.0,0.8447217123729036
9,932,fixed-general,0.6,1.0,0.689380776772967
9,932,fixed-specific,0.6,1.0,0.8265104920858354
9,932,learned,0.6,1.0,0.689380776772967
9,932,popularity,0.8,1.0,0.8032124974996465
9,932,random,0.6,0.5,0.7119421443969476
9,934,fixed-general,0.0,0.0,0.4691155697335631
9,934,fixed-specific,0.2,0.25,0.601356029791021
9,934,learned,0.0,0.0,0.4458715307410464
9,934,popularity,0.2,0.2,0.7827466404171516
9,934,random,0.0,0.0,0.14087583058284323
9,935,fixed-general,0.4,1.0,0.5446356162402771
9,935,fixed-specific,0.2,0.3333333333333333,0.27261289609280026
9,935,learned,0.2,1.0,0.4389025668593857
9,935,popularity,0.6,1.0,0.823564246872076
9,935,random,0.4,1.0,0.5685417445449361
9,936,fixed-general,0.4,0.3333333333333333,0.47107135399103417
9,936,fixed-specific,0.6,1.0,0.8137967778855437
9,936,learned,0.4,0.5,0.4909849053389051
9,936,popularity,0.2,1.0,0.44052265279789404
9,936,random,0.2,1.0,0.5827932995614417
9,937,fixed-general,0.8,0.5,0.7488685921580613
9,937,fixed-specific,0.6,0.5,0.7119421443969476
9,937,learned,0.6,0.5,0.7011418507844024
9,937,popularity,1.0,1.0,0.8443220749053792
9,937,random,0.4,0.5,0.5443331734885004
9,939,fixed-general,0.8,1.0,0.7611015405244298
9,939,fixed-specific,0.8,1.0,0.8554853481239504
9,939,learned,0.8,1.0,0.7706952968055464
9,939,popularity,0.6,0.5,0.6763114892060259
9,939,random,0.8,0.5,0.6980112180596814
9,940,fixed-general,0.2,0.5,0.5684153189413678
9,940,fixed-specific,0.0,0.0,0.48228450999728545
9,940,learned,0.2,0.3333333333333333,0.5388112108762215
9,940,popularity,0.4,1.0,0.7507870966196646
9,940,random,0.2,0.3333333333333333,0.4950761850387742
9,941,fixed-general,0.8,1.0,0.8546854522433548
9,941,fixed-specific,1.0,1.0,0.8984294899244509
9,941,learned,1.0,1.0,0.8984294899244509
9,941,popularity,1.0,1.0,0.8984294899244509
9,941,random,0.4,0.5,0.4991886669789331
9,942,fixed-general,1.0,1.0,0.868501608872227
9,942,fixed-specific,0.8,1.0,0.8006742465327541
9,942,learned,1.0,1.0,0.908492570762489
9,942,popularity,0.8,0.5,0.7594388642839223
9,942,random,0.8,1.0,0.6987272787013203
9,943,fixed-general,1.0,1.0,0.8443220749053792
9,943,fixed-specific,0.6,1.0,0.7662860497385326
9,943,learned,0.8,1.0,0.8073956271442654
9,943,popularity,0.6,1.0,0.7840976325580767
9,943,random,0.6,1.0,0.580692966089797
9,944,fixed-general,0.4,0.25,0.6312046128812596
9,944,fixed-specific,0.2,1.0,0.5096587341492599
9,944,learned,0.2,0.25,0.5133261020163483
9,944,popularity,0.6,1.0,0.909921908007255
9,944,random,0.4,0.3333333333333333,0.5812031907025226
9,945,fixed-general,0.6,1.0,0.8460943992259263
9,945,fixed-specific,0.8,1.0,0.9026211001048624
9,945,learned,0.6,1.0,0.8638404983775366
9,945,popularity,0.6,1.0,0.907575524214984
9,945,random,0.2,0.2,0.5408215898673059
9,946,fixed-general,0.4,1.0,0.7787837507121763
9,946,fixed-specific,0.4,1.0,0.6952613137786847
9,946,learned,0.6,1.0,0.8198933281179092
9,946,popularity,0.6,0.5,0.7530517218026804
9,946,random,0.4,0.5,0.7202567157259722
9,947,fixed-general,0.4,0.25,0.5825487573561444
9,947,fixed-specific,0.2,0.2,0.5131150054325393
9,947,learned,0.4,0.25,0.5825487573561444
9,947,popularity,0.8,1.0,0.7902347079388311
9,947,random,0.4,1.0,0.7475988604280915
9,948,fixed-general,1.0,1.0,1.0
9,948,fixed-specific,1.0,1.0,0.861713382497964
9,948,learned,1.0,1.0,0.9634829125393233
9,948,popularity,0.8,1.0,0.8978803737831524
9,948,random,0.8,1.0,0.7658217906551301
9,949,fixed-general,0.6,1.0,0.7453159440331764
9,949,fixed-specific,0.4,1.0,0.43157416289460143
9,949,learned,0.6,1.0,0.6790949712778356
9,949,popularity,1.0,1.0,0.9069336520050753
9,949,random,0.4,1.0,0.45396233860735113
9,950,fixed-general,0.4,1.0,0.7346734838233191
9,950,fixed-specific,0.4,1.0,0.7907147965260027
9,950,learned,0.4,1.0,0.7429880551523438
9,950,popularity,1.0,1.0,0.9875022990263562
9,950,random,0.4,0.5,0.5687619202759706
9,951,fixed-general,0.4,0.5,0.5841357154457831
9,951,fixed-specific,0.4,0.3333333333333333,0.5714804769546963
9,951,learned,0.4,0.3333333333333333,0.5678105725954488
9,951,popularity,0.8,1.0,0.8178105725954488
9,951,random,0.8,1.0,0.8093745043821573
9,952,fixed-general,0.4,0.3333333333333333,0.46820316267002365
9,952,fixed-specific,0.4,0.3333333333333333,0.6175913206964895
9,952,learned,0.4,0.25,0.4623252244714983
9,952,popularity,0.4,1.0,0.7400561475433952
9,952,random,0.4,0.3333333333333333,0.5810742332358129
9,953,fixed-general,0.4,1.0,0.787557319355906
9,953,fixed-specific,0.6,1.0,0.8849362192510436
9,953,learned,0.4,1.0,0.8023593733884791
9,953,popularity,0.8,1.0,0.9434732991210639
9,953,random,0.4,0.5,0.7301581706468088
9,954,fixed-general,1.0,1.0,0.8675913206964894
9,954,fixed-specific,0.6,1.0,0.7097670944567321
9,954,learned,0.6,1.0,0.6961533376408798
9,954,popularity,0.6,0.5,0.7245844530637533
9,954,random,0.4,1.0,0.6658642845542169
9,955,fixed-general,1.0,1.0,0.8531817390896298
9,955,fixed-specific,1.0,1.0,0.908492570762489
9,955,learned,1.0,1.0,0.8646597737198981
9,955,popularity,0.2,0.3333333333333333,0.5607896376274593
9,955,random,0.4,0.25,0.5348741251612246
9,956,fixed-general,0.6,0.5,0.7907551306598996
9,956,fixed-specific,0.6,1.0,0.8905752861861328
9,956,learned,0.6,1.0,0.8784207247450816
9,956,popularity,0.4,0.5,0.47208554750593185
9,956,random,0.0,0.0,0.15549295642465494
9,957,fixed-general,0.6,0.5,0.7907551306598996
9,957,fixed-specific,0.6,1.0,0.8329815381183583
9,957,learned,0.6,1.0,0.8554646554845449
9,957,popularity,0.4,1.0,0.6359387010460275
9,957,random,0.4,1.0,0.5470761574289942
9,958,fixed-general,0.8,1.0,0.9562649741625527
9,958,fixed-specific,1.0,1.0,1.0
9,958,learned,0.8,1.0,0.9562649741625527
9,958,popularity,1.0,1.0,1.0
9,958,random,0.6,1.0,0.8460943992259263
9,959,fixed-general,1.0,1.0,0.8824086793035105
9,959,fixed-specific,1.0,1.0,0.9210878868801213
9,959,learned,1.0,1.0,0.8786928612209193
9,959,popularity,0.8,1.0,0.7474877837085775
9,959,random,0.6,1.0,0.6033232280080162
9,960,fixed-general,0.4,1.0,0.7946258678343185
9,960,fixed-specific,0.2,1.0,0.6950042998417968
9,960,learned,0.4,1.0,0.8341793528593034
9,960,popularity,0.4,1.0,0.8754336154496247
9,960,random,0.0,0.0,0.6863689293164115
9,961,fixed-general,1.0,1.0,0.8854316523111123
9,961,fixed-specific,0.8,1.0,0.8098296614675725
9,961,learned,0.8,1.0,0.8593054981625435
9,961,popularity,0.4,1.0,0.6882500245716858
9,961,random,0.4,0.3333333333333333,0.46986193484624195
9,962,fixed-general,0.6,0.5,0.6078003944111603
9,962,fixed-specific,0.2,0.5,0.3331149177067996
9,962,learned,0.6,0.5,0.6078003944111603
9,962,popularity,0.8,1.0,0.7702617761402644
9,962,random,0.8,1.0,0.8198438160145101
9,963,fixed-general,0.4,0.5,0.6600322733786694
9,963,fixed-specific,0.2,0.3333333333333333,0.5134572345354953
9,963,learned,0.4,0.25,0.6409174084370997
9,963,popularity,0.4,1.0,0.8276412442871166
9,963,random,0.2,0.5,0.5861793778564417
9,964,fixed-general,0.6,1.0,0.711515462952186
9,964,fixed-specific,0.4,1.0,0.6585184902584471
9,964,learned,0.6,1.0,0.711515462952186
9,964,popularity,0.6,1.0,0.6937628400520776
9,964,random,0.0,0.0,0.34941733021905985
9,965,fixed-general,0.6,1.0,0.7420641641453262
9,965,fixed-specific,0.4,1.0,0.6635903106444891
9,965,learned,0.4,1.0,0.7068198143516956
9,965,popularity,1.0,1.0,0.8514136186974538
9,965,random,0.8,1.0,0.6334177812369008
9,966,fixed-general,0.2,1.0,0.7005235033585164
9,966,fixed-specific,0.4,0.3333333333333333,0.6890310852757123
9,966,learned,0.2,0.3333333333333333,0.6497382483207419
9,966,popularity,0.6,1.0,0.7265177384591679
9,966,random,0.4,0.25,0.6241633955245814
9,967,fixed-general,0.8,1.0,0.9359161431079067
9,967,fixed-specific,0.4,0.3333333333333333,0.47704266399642137
9,967,learned,0.6,1.0,0.8046840300646178
9,967,popularity,0.6,0.3333333333333333,0.5671207559891663
9,967,random,0.4,0.3333333333333333,0.3869645720036764
9,968,fixed-general,0.4,0.3333333333333333,0.3863310993872677
9,968,fixed-specific,0.2,0.2,0.22975956417114551
9,968,learned,0.4,0.3333333333333333,0.3863310993872677
9,968,popularity,0.4,1.0,0.5368644664864728
9,968,random,0.2,0.3333333333333333,0.37564661610592937
9,969,fixed-general,1.0,1.0,0.861713382497964
9,969,fixed-specific,0.8,1.0,0.7976186279851065
9,969,learned,1.0,1.0,0.861713382497964
9,969,popularity,1.0,1.0,0.946503433816368
9,969,random,0.8,1.0,0.8251962950372874
9,970,fixed-general,0.6,1.0,0.7557599591224168
9,970,fixed-specific,0.4,0.3333333333333333,0.5812031907025226
9,970,learned,0.6,1.0,0.7557599591224168
9,970,popularity,0.8,1.0,0.8476442348866765
9,970,random,0.2,0.3333333333333333,0.5463615544736781
9,971,fixed-general,0.0,0.0,0.11759132069648948
9,971,fixed-specific,0.4,0.5,0.46835641868973965
9,971,learned,0.2,0.25,0.2308584011611105
9,971,popularity,0.6,1.0,0.7050927580493755
9,971,random,0.0,0.0,0.07891211311987863
9,972,fixed-general,0.4,1.0,0.6458371650439272
9,972,fixed-specific,0.4,1.0,0.5914932597023421
9,972,learned,0.4,1.0,0.6458371650439272
9,972,popularity,0.6,1.0,0.7554857561259873
9,972,random,0.2,0.2,0.4984738112783311
9,973,fixed-general,0.2,0.5,0.6248936386059322
9,973,fixed-specific,0.2,0.2,0.3603907065293685
9,973,learned,0.2,0.5,0.6750600579490168
9,973,popularity,0.8,0.5,0.7904305868383056
9,973,random,0.4,0.5,0.49066798525022776
9,974,fixed-general,1.0,1.0,0.9777632910699184
9,974,fixed-specific,1.0,1.0,0.9817558680267066
9,974,learned,1.0,1.0,0.9777632910699184
9,974,popularity,0.6,1.0,0.5941808544864823
9,974,random,0.6,1.0,0.6805905284648261
9,975,fixed-general,0.6,0.5,0.6692029735397855
9,975,fixed-specific,0.6,0.5,0.675518708078784
9,975,learned,0.6,0.5,0.6692029735397855
9,975,popularity,1.0,1.0,0.8450978841584552
9,975,random,1.0,1.0,0.8633420161317488
9,976,fixed-general,0.2,1.0,0.674503917598034
9,976,fixed-specific,0.4,1.0,0.7718828174931716
9,976,learned,0.2,1.0,0.6872955926395227
9,976,popularity,0.2,0.2,0.4773300858871639
9,976,random,0.6,0.5,0.7301581706468088
9,977,fixed-general,0.4,1.0,0.6356211451908975
9,977,fixed-specific,0.8,1.0,0.915209948681596
9,977,learned,0.6,1.0,0.7204111965093014
9,977,popularity,0.6,0.5,0.6673720687975302
9,977,random,0.4,0.3333333333333333,0.5751962950372874
9,978,fixed-general,0.6,1.0,0.7471711847969628
9,978,fixed-specific,0.4,0.5,0.7310570093385172
9,978,learned,0.6,0.5,0.7119421443969476
9,978,popularity,1.0,1.0,0.9331583936847713
9,978,random,0.2,0.3333333333333333,0.6106081246439119
9,979,fixed-general,1.0,1.0,0.9137021644382827
9,979,fixed-specific,1.0,1.0,1.0
9,979,learned,1.0,1.0,0.9306816431612379
9,979,popularity,1.0,1.0,1.0
9,979,random,0.6,1.0,0.8082168163143322
9,980,fixed-general,0.8,1.0,0.9513105500524313
9,980,fixed-specific,0.8,1.0,0.9434732991210639
9,980,learned,0.8,1.0,0.9513105500524313
9,980,popularity,0.6,1.0,0.8997382732836168
9,980,random,0.4,1.0,0.5677441826810956
9,981,fixed-general,0.8,1.0,0.7521621201159342
9,981,fixed-specific,0.8,1.0,0.7521621201159342
9,981,learned,0.8,1.0,0.7521621201159342
9,981,popularity,0.8,1.0,0.7187065148652279
9,981,random,1.0,1.0,0.8713071387790806
9,982,fixed-general,0.4,0.5,0.5585067212325441
9,982,fixed-specific,0.4,1.0,0.6069053510649653
9,982,learned,0.4,0.3333333333333333,0.5131624762592577
9,982,popularity,0.6,1.0,0.7453634148598948
9,982,random,0.8,1.0,0.6736942173680929
9,983,fixed-general,0.8,1.0,0.8306936217304544
9,983,fixed-specific,0.8,1.0,0.8746313586985671
9,983,learned,0.8,1.0,0.8306936217304544
9,983,popularity,0.8,1.0,0.8401389452607603
9,983,random,0.4,0.25,0.5454639256897816
9,984,fixed-general,0.8,1.0,0.749999984622833
9,984,fixed-specific,0.8,1.0,0.8747295710567895
9,984,learned,0.8,1.0,0.7928533165444878
9,984,popularity,0.8,1.0,0.8058609574080366
9,984,random,0.8,0.5,0.5677893394651646
9,985,fixed-general,0.2,0.5,0.5614663400995117
9,985,fixed-specific,0.0,0.0,0.49738248320741835
9,985,learned,0.2,0.5,0.5614663400995117
9,985,popularity,0.8,1.0,0.8939782891983252
9,985,random,0.0,0.0,0.4580896462524479
9,986,fixed-general,0.4,0.3333333333333333,0.6952613137786847
9,986,fixed-specific,0.2,0.2,0.5998078310313668
9,986,learned,0.4,0.3333333333333333,0.6952613137786847
9,986,popularity,0.4,1.0,0.8140127911121916
9,986,random,0.2,1.0,0.6214084182564571
9,987,fixed-general,0.4,1.0,0.5908614836448668
9,987,fixed-specific,0.4,1.0,0.6161004693003185
9,987,learned,0.4,1.0,0.5947033187971957
9,987,popularity,0.8,1.0,0.9283308025081981
9,987,random,0.6,1.0,0.6446133965603124
9,988,fixed-general,0.2,0.3333333333333333,0.5151546418965939
9,988,fixed-specific,0.6,1.0,0.7596688857706065
9,988,learned,0.2,0.5,0.5819962482118226
9,988,popularity,0.6,1.0,0.8248130847247368
9,988,random,0.2,0.2,0.5395833886840641
9,989,fixed-general,0.4,0.25,0.6877623875401737
9,989,fixed-specific,0.4,0.25,0.7590911424516829
9,989,learned,0.4,0.25,0.6877623875401737
9,989,popularity,0.8,1.0,0.9513105500524313
9,989,random,0.2,0.5,0.47103641904623017
9,990,fixed-general,1.0,1.0,0.9377223268794214
9,990,fixed-specific,0.8,1.0,0.9054707072811292
9,990,learned,1.0,1.0,0.9492147449622255
9,990,popularity,1.0,1.0,0.9421735276055474
9,990,random,0.8,1.0,0.9117280917787699
9,991,fixed-general,0.6,1.0,0.8421757737602428
9,991,fixed-specific,0.6,0.3333333333333333,0.6482304699586406
9,991,learned,0.6,0.5,0.7573857224418388
9,991,popularity,0.8,0.5,0.7611015405244298
9,991,random,0.6,1.0,0.7245844530637533
9,992,fixed-general,0.4,1.0,0.687407697566558
9,992,fixed-specific,0.4,0.5,0.6039459078592673
9,992,learned,0.6,1.0,0.8006742465327541
9,992,popularity,0.2,1.0,0.6583743475854957
9,992,random,0.6,1.0,0.7662401426419491
9,993,fixed-general,0.4,1.0,0.6385361158397866
9,993,fixed-specific,0.4,0.3333333333333333,0.5432343222766653
9,993,learned,0.4,0.5,0.6061813534274639
9,993,popularity,0.8,1.0,0.7853543767501568
9,993,random,0.4,1.0,0.6248226356413217
9,994,fixed-general,0.8,1.0,0.7676338145955761
9,994,fixed-specific,0.8,1.0,0.8480996256821117
9,994,learned,0.8,1.0,0.7787812688433496
9,994,popularity,1.0,1.0,0.9576049743407979
9,994,random,0.6,0.5,0.5244111148881376
9,995,fixed-general,0.2,0.25,0.6002923358652792
9,995,fixed-specific,0.2,1.0,0.5953379117551575
9,995,learned,0.2,1.0,0.6646562876755823
9,995,popularity,0.6,1.0,0.8997382732836168
9,995,random,0.8,1.0,0.8869465982421281
9,996,fixed-general,0.6,0.3333333333333333,0.6541084081571661
9,996,fixed-specific,0.6,0.5,0.6748037049627126
9,996,learned,0.4,0.5,0.6435102198279404
9,996,popularity,0.8,1.0,0.8554853481239504
9,996,random,0.4,0.5,0.6917831836856678
9,997,fixed-general,0.4,0.25,0.6409174084370997
9,997,fixed-specific,0.6,0.5,0.7119421443969476
9,997,learned,0.4,0.3333333333333333,0.6844610201661396
9,997,popularity,0.8,1.0,0.7965953335317203
9,997,random,0.8,0.5,0.7965953335317203
9,998,fixed-general,0.6,1.0,0.6945709451501474
9,998,fixed-specific,0.6,1.0,0.771231456499411
9,998,learned,0.6,1.0,0.7290050490409522
9,998,popularity,0.6,1.0,0.733837909402908
9,998,random,0.6,1.0,0.6790949712778356
